﻿key,0,1,2,3,4
#,,,,,
int32,str,str,str,str,str
0,"ffxiv_activityfeed_v400_01_small.png","","","",""
1,"ffxiv_activityfeed_v400_01_small.png","ffxiv_activityfeed_v400_01_large.png","ffxiv_activityfeed_v400_01_large.png","ffxiv_activityfeed_v400_01_large.png","ffxiv_activityfeed_v400_01_large.png"
2,"ffxiv_activityfeed_large.png","ffxiv_activityfeed_large.png","ffxiv_activityfeed_large.png","ffxiv_activityfeed_large.png","ffxiv_activityfeed_large.png"
3,"ffxiv_activityfeed_v400_01_small.png","ffxiv_activityfeed_v410_01_large_ja.png","ffxiv_activityfeed_v410_01_large_en.png","ffxiv_activityfeed_v410_01_large_de.png","ffxiv_activityfeed_v410_01_large_fr.png"
4,"ffxiv_activityfeed_v400_01_small.png","ffxiv_activityfeed_v410_02_large_ja.png","ffxiv_activityfeed_v410_02_large_en.png","ffxiv_activityfeed_v410_02_large_de.png","ffxiv_activityfeed_v410_02_large_fr.png"
5,"ffxiv_activityfeed_v400_01_small.png","ffxiv_activityfeed_v410_04_large_ja.png","ffxiv_activityfeed_v410_04_large_en.png","ffxiv_activityfeed_v410_04_large_de.png","ffxiv_activityfeed_v410_04_large_fr.png"
6,"ffxiv_activityfeed_v400_01_small.png","ffxiv_activityfeed_v410_05_large_ja.png","ffxiv_activityfeed_v410_05_large_en.png","ffxiv_activityfeed_v410_05_large_de.png","ffxiv_activityfeed_v410_05_large_fr.png"
7,"","","","",""
