﻿key,0,1,2,3,4,5
#,Name,,Action[0],Action[1],Action[2],Action[3]
int32,str,sbyte,Action,Action,Action,Action
0,"",0,"","","",""
1,"Rage of Halone Combo",0,"Fast Blade","Savage Blade","Rage of Halone",""
2,"Royal Authority Combo",1,"Fast Blade","Riot Blade","Royal Authority",""
3,"Butcher's Block Combo",0,"Heavy Swing","Skull Sunder","Butcher's Block",""
4,"Storm's Path Combo",1,"Heavy Swing","Maim","Storm's Path",""
5,"Power Slash Combo",0,"Hard Slash","Spinning Slash","Power Slash",""
6,"Souleater Combo",1,"Hard Slash","Syphon Strike","Souleater",""
7,"Snap Punch Combo",0,"Bootshine","True Strike","Snap Punch",""
8,"Demolish Combo",1,"Dragon Kick","Twin Snakes","Demolish",""
9,"Fang and Claw Combo",0,"True Thrust","Vorpal Thrust","Full Thrust","Fang and Claw"
10,"Wheeling Thrust Combo",1,"Impulse Dive","Disembowel","Chaos Thrust","Wheeling Thrust"
11,"Aeolian Edge Combo",0,"Spinning Edge","Gust Slash","Aeolian Edge",""
12,"Shadow Fang Combo",1,"Spinning Edge","Shadow Fang","",""
13,"Yukikaze Combo",0,"Hakaze","Yukikaze","",""
14,"Gekko Combo",1,"Jinpu","Gekko","",""
15,"Kasha Combo",2,"Shifu","Kasha","",""
16,"Straight Shot Combo",0,"Heavy Shot","Straight Shot","",""
17,"Stormbite Combo",1,"Caustic Bite","Stormbite","",""
18,"Clean Shot Combo",0,"Split Shot","Slug Shot","Clean Shot",""
19,"Enchanted Redoublement Combo",0,"Enchanted Riposte","Enchanted Zwerchhau","Enchanted Redoublement",""
