﻿key,0
#,Quest
int32,Quest
2818048,"Purple Flame, Purple Flame"
2818049,"Bridge over Frozen Water"
2818050,"Protecting What's Important"
2818051,"Baby Steps"
2818052,"For All the Nights to Come"
2818053,
2818054,
2818055,
2818056,
2818057,
2818058,
2818059,
2818060,
2818061,
2818062,
2818063,"Mourn in Passing"
2818064,"Some Bad News"
2818065,"Natural Repellent"
2818066,"Chocobo's Last Stand"
2818067,"A Lesson in Humility"
2818068,
2818069,
2818070,
2818071,
2818072,
2818073,
2818074,
2818075,
2818076,
2818077,
2818078,"Forbidden Knowledge"
2818079,"Louder than Words"
2818080,"Ebb and Aetherflow"
2818081,"Taking Stock"
2818082,"Saro Roggo's Common Life"
2818083,
2818084,
2818085,
2818086,
2818087,
2818088,
2818089,
2818090,
2818091,
2818092,
2818093,"Into the Aery"
2818094,"The Bathing Bully"
2818095,"Road Kill"
2818096,"The Unceasing Gardener"
2818097,"Waiting to Inhale"
2818098,
2818099,
2818100,
2818101,
2818102,
2818103,
2818104,
2818105,
2818106,
2818107,
2818108,"Bolt, Chain, and Island"
2818109,"Clipped Wings"
2818110,"Search and Rescue"
2818111,"Sleepless in Ok' Zundu"
2818112,"Flying the Nest"
2818113,
2818114,
2818115,
2818116,
2818117,
2818118,
2818119,
2818120,
2818121,
2818122,
2818123,"Fetters of Lament"
2818124,"Systematic Exploration"
2818125,"In Node We Trust"
2818126,"Chimerical Maintenance"
2818127,"Close Encounters of the VIth Kind"
2818128,"The Silence of the Gods"
2818129,"Magiteknical Failure"
2818130,"The Hidden Truth"
2818131,"Unexpected Guests"
2818132,"Eyes Bigger Than Her Stomach"
2818133,
2818134,
2818135,
2818136,
2818137,
2818138,
2818139,
2818140,
2818141,
2818142,
2818143,"Liberty or Death"
2818144,"Saint Sayer"
2818145,"Out of Sight"
2818146,"A Hunger for Trade"
2818147,"Closing Up Shop"
2818148,
2818149,
2818150,
2818151,
2818152,
2818153,
2818154,
2818155,
2818156,
2818157,
2818158,"Stormblood"
2818159,"It's a Zu Out There"
2818160,"A Rite to Rest"
2818161,"If I Were a Fish"
2818162,"Are They Ill Tempered"
2818163,
2818164,
2818165,
2818166,
2818167,
2818168,
2818169,
2818170,
2818171,
2818172,
2818173,"Tide Goes in, Imperials Go Out"
2818174,"The Price of Betrayal"
2818175,"Pulling Double Booty"
2818176,"The Sword in the Stone"
2818177,"The Palace of Lost Souls"
2818178,
2818179,
2818180,
2818181,
2818182,
2818183,
2818184,
2818185,
2818186,
2818187,
2818188,"All the Little Angels"
2818189,"Something Smells"
2818190,"Fly, My Pretties"
2818191,"Whacking Day"
2818192,"Wolves and Weeds"
2818193,
2818194,
2818195,
2818196,
2818197,
2818198,
2818199,
2818200,
2818201,
2818202,
2818203,"Glory to the Khagan"
2818204,"Words Are Very Unnecessary"
2818205,"Sheep Snatcher"
2818206,"Forty Years and Counting"
2818207,"Mauci of the Seven Worries"
2818208,
2818209,
2818210,
2818211,
2818212,
2818213,
2818214,
2818215,
2818216,
2818217,
