﻿key,0,1,2,3
#,AquariumWater,Size,Item,
int32,AquariumWater,byte,Item,uint16
0,"nothing",0,"",0
2,"freshwater",1,"Copperfish",40
3,"saltwater",1,"Coral Butterfly",49
4,"saltwater",2,"Blowfish",7
5,"freshwater",2,"Clown Loach",54
6,"freshwater",2,"Dark Bass",31
7,"freshwater",2,"Tri-colored Carp",13
8,"freshwater",3,"Whilom Catfish",52
9,"freshwater",3,"Blood Red Bonytongue",61
10,"saltwater",3,"Coelacanth",98
11,"saltwater",4,"Silver Shark",3
12,"saltwater",4,"Mazlaya Marlin",28
13,"saltwater",4,"Helmsman's Hand",7
14,"freshwater",4,"Euphotic Pirarucu",41
15,"freshwater",1,"Chub"{{{STRING}}},19
16,"saltwater",1,"Harbor Herring",46
17,"freshwater",2,"Mirrorscale",19
18,"freshwater",2,"Cupfish",41
19,"saltwater",2,"Angelfish",42
20,"freshwater",3,"Goblin Perch",2
21,"freshwater",3,"Vanuhead",57
22,"saltwater",3,"Mummer Wrasse",127
23,"saltwater",4,"Dinichthys",10
24,"freshwater",4,"Giant Takitaro",23
25,"freshwater",1,"Bubble Eye",118
26,"saltwater",1,"Harutsuge",151
27,"freshwater",2,"Goldfish",6
28,"freshwater",2,"Blue Widow",28
29,"freshwater",2,"Bonytongue",73
30,"saltwater",2,"Fullmoon Sardine",8
31,"freshwater",2,"Raincaller",85
32,"saltwater",3,"Bombardfish",3
33,"saltwater",4,"Titanic Sawfish",13
34,"saltwater",4,"Liopleurodon",67
35,"freshwater",1,"Grip Killifish",21
36,"saltwater",1,"Tiger Cod",63
37,"freshwater",2,"Kissing Fish",101
38,"freshwater",2,"Judgment Staff",131
39,"freshwater",2,"Yellow Prismfish",153
40,"freshwater",2,"Cherubfish",217
41,"freshwater",2,"Dusk Herald",218
42,"freshwater",3,"Emperor Fish",40
43,"saltwater",3,"Hanatatsu",156
44,"saltwater",4,"Megalodon",12
