﻿key,0,1,2,3,4,5
#,Name,Description,Icon,Icon{Status},,
int32,str,str,Image,Image,uint16,byte
0,"","","ui/icon/000000/000000.tex","ui/icon/000000/000000.tex",0,0
1,"","","ui/icon/000000/000000.tex","ui/icon/000000/000000.tex",0,0
2,"Withdraw","Dismiss your companion from battle.","ui/icon/004000/004001.tex","ui/icon/014000/014001.tex",18,1
3,"Follow","Order your companion to follow you.","ui/icon/004000/004002.tex","ui/icon/014000/014002.tex",18,2
4,"Free Stance","Allow your companion to make his own decisions in battle.","ui/icon/004000/004006.tex","ui/icon/014000/014006.tex",18,3
5,"Defender Stance","Order your companion to focus on defensive maneuvers, using only actions learned from the <Color(-34022)>Defender</Color> skill tree.","ui/icon/004000/004003.tex","ui/icon/014000/014003.tex",18,4
6,"Attacker Stance","Order your companion to focus more on offensive maneuvers, using only actions learned from the <Color(-34022)>Attacker</Color> skill tree.","ui/icon/004000/004004.tex","ui/icon/014000/014004.tex",18,6
7,"Healer Stance","Order your companion to stop fighting and concentrate on healing maneuvers, using only actions learned from the <Color(-34022)>Healer</Color> skill tree.","ui/icon/004000/004005.tex","ui/icon/014000/014005.tex",18,5
