﻿key,0,1,2
#,MenuOrder,Icon,Category
int32,byte,Image,Addon
0,0,"ui/icon/000000/000000.tex",""
1,1,"ui/icon/061000/061828.tex","Artifact Armor"
2,2,"ui/icon/061000/061826.tex","Seasonal Gear 1"
3,7,"ui/icon/061000/061830.tex","Achievements"
4,8,"ui/icon/061000/061831.tex","Exclusive Extras"
5,3,"ui/icon/061000/061826.tex","Seasonal Gear 2"
6,4,"ui/icon/061000/061826.tex","Seasonal Gear 3"
7,5,"ui/icon/061000/061826.tex","Seasonal Gear 4"
8,6,"ui/icon/061000/061826.tex","Seasonal Gear 5"
9,0,"ui/icon/000000/000000.tex",""
