﻿key,0,1,2,3,4
#,Name,Description,Icon,ChocoboRaceAbilityType,Value
int32,str,str,Image,ChocoboRaceAbilityType,byte
0,"","","ui/icon/000000/000000.tex","ChocoboRaceAbilityType#0",0
1,"Choco Dash","Temporarily boosts speed without depleting stamina.
<Color(52258)>Duration: </Color> 1s","ui/icon/070000/070001.tex","ChocoboRaceAbilityType#1",1
2,"Choco Dash II","Temporarily boosts speed without depleting stamina.
<Color(52258)>Duration: </Color> 2s","ui/icon/070000/070002.tex","ChocoboRaceAbilityType#1",2
3,"Choco Dash III","Temporarily boosts speed without depleting stamina.
<Color(52258)>Duration: </Color> 3s","ui/icon/070000/070003.tex","ChocoboRaceAbilityType#1",3
4,"Choco Cure","Restores 6% of total stamina.","ui/icon/070000/070004.tex","ChocoboRaceAbilityType#2",6
5,"Choco Cure II","Restores 9% of total stamina.","ui/icon/070000/070005.tex","ChocoboRaceAbilityType#2",9
6,"Choco Cure III","Restores 12% of total stamina.","ui/icon/070000/070006.tex","ChocoboRaceAbilityType#2",12
7,"Choco Esuna","Removes all current enfeeblements with a 75% success rate.","ui/icon/070000/070007.tex","ChocoboRaceAbilityType#3",75
8,"Choco Esuna II","Removes all current enfeeblements with a 90% success rate.","ui/icon/070000/070008.tex","ChocoboRaceAbilityType#3",90
9,"Choco Esuna III","Removes all current enfeeblements with a 100% success rate.","ui/icon/070000/070009.tex","ChocoboRaceAbilityType#3",100
10,"Choco Ease","Cures Heavy status while restoring stamina by 80.","ui/icon/070000/070010.tex","ChocoboRaceAbilityType#4",80
11,"Choco Ease II","Cures Heavy status while restoring stamina by 130.","ui/icon/070000/070011.tex","ChocoboRaceAbilityType#4",130
12,"Choco Ease III","Cures Heavy status while restoring stamina by 180.","ui/icon/070000/070012.tex","ChocoboRaceAbilityType#4",180
13,"Choco Calm","Cures Frenzied status while restoring stamina by 100.","ui/icon/070000/070013.tex","ChocoboRaceAbilityType#5",100
14,"Choco Calm II","Cures Frenzied status while restoring stamina by 150.","ui/icon/070000/070014.tex","ChocoboRaceAbilityType#5",150
15,"Choco Calm III","Cures Frenzied status while restoring stamina by 200.","ui/icon/070000/070015.tex","ChocoboRaceAbilityType#5",200
16,"Choco Reflect","Repels any non-area of effect enfeeblement back to its point of origin.
<Color(52258)>Duration: </Color> 10s","ui/icon/070000/070016.tex","ChocoboRaceAbilityType#6",10
17,"Choco Reflect II","Repels any non-area of effect enfeeblement back to its point of origin.
<Color(52258)>Duration: </Color> 15s","ui/icon/070000/070017.tex","ChocoboRaceAbilityType#6",15
18,"Choco Reflect III","Repels any non-area of effect enfeeblement back to its point of origin.
<Color(52258)>Duration: </Color> 20s","ui/icon/070000/070018.tex","ChocoboRaceAbilityType#6",20
19,"Choco Steal","Take an item from the satchel of the forerunning jockey with a 50% success rate.","ui/icon/070000/070019.tex","ChocoboRaceAbilityType#7",50
20,"Choco Steal II","Take an item from the satchel of the forerunning jockey with a 70% success rate.","ui/icon/070000/070020.tex","ChocoboRaceAbilityType#7",70
21,"Choco Steal III","Take an item from the satchel of the forerunning jockey with a 90% success rate.","ui/icon/070000/070021.tex","ChocoboRaceAbilityType#7",90
22,"Choco Silence","Creates a vacuum of silence preventing any nearby chocobo from using abilities.
<Color(52258)>Duration: </Color> 35s","ui/icon/070000/070022.tex","ChocoboRaceAbilityType#8",35
23,"Choco Silence II","Creates a vacuum of silence preventing any nearby chocobo from using abilities.
<Color(52258)>Duration: </Color> 40s","ui/icon/070000/070023.tex","ChocoboRaceAbilityType#8",40
24,"Choco Silence III","Creates a vacuum of silence preventing any nearby chocobo from using abilities.
<Color(52258)>Duration: </Color> 45s","ui/icon/070000/070024.tex","ChocoboRaceAbilityType#8",45
25,"Choco Shock","Creates a disconcerting aura which distracts nearby chocobos and prevents them from using items.
<Color(52258)>Duration: </Color> 25s","ui/icon/070000/070025.tex","ChocoboRaceAbilityType#9",25
26,"Choco Shock II","Creates a disconcerting aura which distracts nearby chocobos and prevents them from using items.
<Color(52258)>Duration: </Color> 30s","ui/icon/070000/070026.tex","ChocoboRaceAbilityType#9",30
27,"Choco Shock III","Creates a disconcerting aura which distracts nearby chocobos and prevents them from using items.
<Color(52258)>Duration: </Color> 35s","ui/icon/070000/070027.tex","ChocoboRaceAbilityType#9",35
28,"Increased Stamina","Reduces stamina depletion during acceleration by 9%.","ui/icon/070000/070028.tex","ChocoboRaceAbilityType#10",9
29,"Increased Stamina II","Reduces stamina depletion during acceleration by 12%.","ui/icon/070000/070029.tex","ChocoboRaceAbilityType#10",12
30,"Increased Stamina III","Reduces stamina depletion during acceleration by 15%.","ui/icon/070000/070030.tex","ChocoboRaceAbilityType#10",15
31,"Heavy Resistance","Increases chances of resisting Heavy to 60%.","ui/icon/070000/070031.tex","ChocoboRaceAbilityType#11",60
32,"Heavy Resistance II","Increases chances of resisting Heavy to 70%.","ui/icon/070000/070032.tex","ChocoboRaceAbilityType#11",70
33,"Heavy Resistance III","Increases chances of resisting Heavy to 80%.","ui/icon/070000/070033.tex","ChocoboRaceAbilityType#11",80
34,"Heavy Resistance IV","Increases chances of resisting Heavy to 90%.","ui/icon/070000/070034.tex","ChocoboRaceAbilityType#11",90
35,"Heavy Resistance V","Increases chances of resisting Heavy to 100%.","ui/icon/070000/070035.tex","ChocoboRaceAbilityType#11",100
36,"Level Head","Increases chances of resisting Frenzied status to 60%.","ui/icon/070000/070036.tex","ChocoboRaceAbilityType#12",60
37,"Level Head II","Increases chances of resisting Frenzied status to 70%.","ui/icon/070000/070037.tex","ChocoboRaceAbilityType#12",70
38,"Level Head III","Increases chances of resisting Frenzied status to 80%.","ui/icon/070000/070038.tex","ChocoboRaceAbilityType#12",80
39,"Level Head IV","Increases chances of resisting Frenzied status to 90%.","ui/icon/070000/070039.tex","ChocoboRaceAbilityType#12",90
40,"Level Head V","Increases chances of resisting Frenzied status to 100%.","ui/icon/070000/070040.tex","ChocoboRaceAbilityType#12",100
41,"Speedy Recovery","Increases ability-induced stamina recovery by 50%.","ui/icon/070000/070041.tex","ChocoboRaceAbilityType#13",50
42,"Speedy Recovery II","Increases ability-induced stamina recovery by 65%.","ui/icon/070000/070042.tex","ChocoboRaceAbilityType#13",65
43,"Speedy Recovery III","Increases ability-induced stamina recovery by 80%.","ui/icon/070000/070043.tex","ChocoboRaceAbilityType#13",80
44,"Dressage","Increases EXP earned in races by 10%.","ui/icon/070000/070044.tex","ChocoboRaceAbilityType#14",10
45,"Dressage II","Increases EXP earned in races by 20%.","ui/icon/070000/070045.tex","ChocoboRaceAbilityType#14",20
46,"Dressage III","Increases EXP earned in races by 30%.","ui/icon/070000/070046.tex","ChocoboRaceAbilityType#14",30
47,"Head Start","Begin the race at maximum speed.","ui/icon/070000/070047.tex","ChocoboRaceAbilityType#15",1
48,"Choco Drain","Generates a field which drains the stamina of nearby chocobos at a rate of 15 per second.","ui/icon/070000/070048.tex","ChocoboRaceAbilityType#16",15
49,"Choco Drain II","Generates a field which drains the stamina of nearby chocobos at a rate of 25 per second.","ui/icon/070000/070049.tex","ChocoboRaceAbilityType#16",25
50,"Choco Drain III","Generates a field which drains the stamina of nearby chocobos at a rate of 35 per second.","ui/icon/070000/070050.tex","ChocoboRaceAbilityType#16",35
51,"Paradigm Shift","Swaps current item with a different one.","ui/icon/070000/070051.tex","ChocoboRaceAbilityType#17",0
52,"Mimic","Repeats any ability or item used by a forerunning chocobo.
<Color(52258)>Duration: </Color> 7s","ui/icon/070000/070052.tex","ChocoboRaceAbilityType#18",7
53,"Mimic II","Repeats any ability or item used by a forerunning chocobo.
<Color(52258)>Duration: </Color> 11s","ui/icon/070000/070053.tex","ChocoboRaceAbilityType#18",11
54,"Mimic III","Repeats any ability or item used by a forerunning chocobo.
<Color(52258)>Duration: </Color> 15s","ui/icon/070000/070054.tex","ChocoboRaceAbilityType#18",15
55,"Feather Field","Nullifies the detrimental field effects of any nearby chocobos.
<Color(52258)>Duration: </Color> 10s","ui/icon/070000/070055.tex","ChocoboRaceAbilityType#19",10
56,"Feather Field II","Nullifies the detrimental field effects of any nearby chocobos.
<Color(52258)>Duration: </Color> 20s","ui/icon/070000/070056.tex","ChocoboRaceAbilityType#19",20
57,"Feather Field III","Nullifies the detrimental field effects of any nearby chocobos.
<Color(52258)>Duration: </Color> 30s","ui/icon/070000/070057.tex","ChocoboRaceAbilityType#19",30
58,"Super Sprint","Sprint without weather or terrain penalties until all stamina is spent.","ui/icon/070000/070058.tex","ChocoboRaceAbilityType#20",0
59,"Choco Reraise","Instantly restores 60 stamina when stamina meter reaches zero.","ui/icon/070000/070059.tex","ChocoboRaceAbilityType#21",60
60,"Choco Reraise II","Instantly restores 130 stamina when stamina meter reaches zero.","ui/icon/070000/070060.tex","ChocoboRaceAbilityType#21",130
61,"Choco Reraise III","Instantly restores 200 stamina when stamina meter reaches zero.","ui/icon/070000/070061.tex","ChocoboRaceAbilityType#21",200
62,"Enfeeblement Clause","Reduces enfeeblement duration by 20%.","ui/icon/070000/070062.tex","ChocoboRaceAbilityType#22",80
63,"Enfeeblement Clause II","Reduces enfeeblement duration by 35%.","ui/icon/070000/070063.tex","ChocoboRaceAbilityType#22",65
64,"Enfeeblement Clause III","Reduces enfeeblement duration by 50%.","ui/icon/070000/070064.tex","ChocoboRaceAbilityType#22",50
65,"Breather","Restores stamina at a rate of 0.8% per second while decelerating.","ui/icon/070000/070065.tex","ChocoboRaceAbilityType#23",8
66,"Breather II","Restores stamina at a rate of 1% per second while decelerating.","ui/icon/070000/070066.tex","ChocoboRaceAbilityType#23",10
67,"Breather III","Restores stamina at a rate of 1.2% per second while decelerating.","ui/icon/070000/070067.tex","ChocoboRaceAbilityType#23",12
68,"","","ui/icon/000000/000000.tex","ChocoboRaceAbilityType#0",0
69,"","","ui/icon/000000/000000.tex","ChocoboRaceAbilityType#0",0
70,"","","ui/icon/000000/000000.tex","ChocoboRaceAbilityType#0",0
