﻿key,0,1,2,3,4,5,6,7,8,9,10,11,12,13,14,15,16,17,18,19,20,21,22,23,24,25,26,27,28,29,30,31,32,33,34,35,36,37,38,39,40,41,42
#,Name,Abbreviation,,ClassJobCategory,,,,,,Modifier{HitPoints},,Modifier{Strength},Modifier{Vitality},Modifier{Dexterity},Modifier{Intelligence},Modifier{Mind},Modifier{Piety},,,,,,,,,,ClassJob{Parent},Name{English},Item{StartingWeapon},,,,,LimitBreak1,LimitBreak2,LimitBreak3,,Item{SoulCrystal},,,,StartingLevel,
int32,str,str,str,ClassJobCategory,sbyte,sbyte,byte,byte,sbyte,uint16,uint16,uint16,uint16,uint16,uint16,uint16,uint16,uint16,uint16,uint16,uint16,uint16,uint16,byte,byte,byte,ClassJob,str,Item,int32,byte,byte,sbyte,Action,Action,Action,byte,Item,uint32,uint32,uint32,byte,byte
0,"adventurer","ADV","","Disciple of War",-1,-1,0,0,-1,100,100,100,100,100,100,100,100,100,100,100,100,100,100,0,0,0,"adventurer","Adventurer","",0,0,0,127,"","","",0,"",0,0,0,1,0
1,"gladiator","GLA","剣","Disciple of War",1,0,1,0,-1,110,49,95,100,90,50,95,100,100,100,100,100,100,100,0,0,0,"gladiator","Gladiator","Weathered Shortsword",0,1,3,0,"Shield Wall","Mighty Guard","Last Bastion",2,"",0,0,0,1,1
2,"pugilist","PGL","格","Disciple of War",0,1,2,0,-1,105,34,100,95,100,45,85,100,100,100,100,100,100,100,0,0,0,"pugilist","Pugilist","Weathered Hora",0,2,3,1,"Braver","Bladedance","Final Heaven",22,"",0,0,0,1,3
3,"marauder","MRD","斧","Disciple of War",2,2,3,0,-1,115,28,100,100,90,30,50,100,100,100,100,100,100,100,0,0,0,"marauder","Marauder","Weathered War Axe",0,1,1,2,"Shield Wall","Mighty Guard","Land Waker",4,"",0,0,0,1,1
4,"lancer","LNC","槍","Disciple of War",4,3,4,0,-1,110,39,105,100,95,40,60,100,100,100,100,100,100,100,0,0,0,"lancer","Lancer","Weathered Spear",0,2,2,3,"Braver","Bladedance","Dragonsong Dive",24,"",0,0,0,1,3
5,"archer","ARC","弓","Disciple of War",3,4,5,0,-1,100,69,85,95,105,80,75,100,100,100,100,100,100,100,0,0,0,"archer","Archer","Weathered Shortbow",0,3,2,4,"Big Shot","Desperado","Sagittarius Arrow",32,"",0,0,0,1,4
6,"conjurer","CNJ","幻","Disciple of Magic",6,5,6,0,-1,100,117,50,95,100,100,105,100,100,100,100,100,100,100,0,0,0,"conjurer","Conjurer","Weathered Cane",0,4,2,5,"Healing Wind","Breath of the Earth","Pulse of Life",12,"",0,0,0,1,2
7,"thaumaturge","THM","呪","Disciple of Magic",5,6,7,0,-1,100,123,40,95,95,105,70,100,100,100,100,100,100,100,0,0,0,"thaumaturge","Thaumaturge","Weathered Scepter",0,3,3,6,"Skyshard","Starstorm","Meteor",42,"",0,0,0,1,5
8,"carpenter","CRP","木","Disciple of the Hand",7,-1,0,0,0,100,99,90,105,100,90,90,100,100,100,100,100,100,100,0,0,0,"carpenter","Carpenter","",0,0,0,127,"","","",101,"Soul of the Carpenter",0,0,0,1,7
9,"blacksmith","BSM","鍛","Disciple of the Hand",8,-1,0,0,1,100,99,105,90,90,90,100,100,100,100,100,100,100,100,0,0,0,"blacksmith","Blacksmith","",0,0,0,127,"","","",102,"Soul of the Blacksmith",0,0,0,1,7
10,"armorer","ARM","甲","Disciple of the Hand",9,-1,0,0,2,100,99,100,105,90,90,90,100,100,100,100,100,100,100,0,0,0,"armorer","Armorer","",0,0,0,127,"","","",103,"Soul of the Armorer",0,0,0,1,7
11,"goldsmith","GSM","彫","Disciple of the Hand",10,-1,0,0,3,100,99,90,90,105,100,90,100,100,100,100,100,100,100,0,0,0,"goldsmith","Goldsmith","",0,0,0,127,"","","",104,"Soul of the Goldsmith",0,0,0,1,7
12,"leatherworker","LTW","革","Disciple of the Hand",11,-1,0,0,4,100,99,90,105,90,100,90,100,100,100,100,100,100,100,0,0,0,"leatherworker","Leatherworker","",0,0,0,127,"","","",105,"Soul of the Leatherworker",0,0,0,1,7
13,"weaver","WVR","裁","Disciple of the Hand",12,-1,0,0,5,100,99,90,90,105,90,100,100,100,100,100,100,100,100,0,0,0,"weaver","Weaver","",0,0,0,127,"","","",106,"Soul of the Weaver",0,0,0,1,7
14,"alchemist","ALC","錬","Disciple of the Hand",13,-1,0,0,6,100,100,90,90,90,105,90,100,100,100,100,100,100,100,0,0,0,"alchemist","Alchemist","",0,0,0,127,"","","",107,"Soul of the Alchemist",0,0,0,1,7
15,"culinarian","CUL","調","Disciple of the Hand",14,-1,0,0,7,100,100,90,90,90,90,105,100,100,100,100,100,100,100,0,0,0,"culinarian","Culinarian","",0,0,0,127,"","","",108,"Soul of the Culinarian",0,0,0,1,7
16,"miner","MIN","採","Disciple of the Land",15,-1,0,0,-1,100,99,100,90,90,90,100,100,100,100,100,100,100,100,0,0,0,"miner","Miner","",0,0,0,127,"","","",201,"",0,0,0,1,6
17,"botanist","BTN","園","Disciple of the Land",16,-1,0,0,-1,100,99,90,90,100,100,90,100,100,100,100,100,100,100,0,0,0,"botanist","Botanist","",0,0,0,127,"","","",202,"",0,0,0,1,6
18,"fisher","FSH","漁","Disciple of the Land",17,-1,0,0,-1,100,100,100,100,100,100,100,100,100,100,100,100,100,100,0,0,0,"fisher","Fisher","",0,0,0,127,"","","",203,"",0,0,0,1,6
19,"paladin","PLD","ナ","Disciple of War",1,-1,8,1,-1,120,59,100,110,95,60,100,100,100,100,100,100,100,100,1,1,1,"gladiator","Paladin","",0,1,0,0,"Shield Wall","Mighty Guard","Last Bastion",1,"Soul of the Paladin",66591,66656,66596,1,1
20,"monk","MNK","モ","Disciple of War",0,-1,9,2,-1,110,43,110,100,105,50,90,100,100,100,100,100,100,100,2,4,4,"pugilist","Monk","",0,2,0,1,"Braver","Bladedance","Final Heaven",21,"Soul of the Monk",66597,66657,66602,1,3
21,"warrior","WAR","戦","Disciple of War",2,-1,10,3,-1,125,38,105,110,95,40,55,100,100,100,100,100,100,100,3,2,2,"marauder","Warrior","",0,1,0,2,"Shield Wall","Mighty Guard","Land Waker",3,"Soul of the Warrior",66585,66655,66590,1,1
22,"dragoon","DRG","竜","Disciple of War",4,-1,11,4,-1,115,49,115,105,100,45,65,100,100,100,100,100,100,100,4,5,5,"lancer","Dragoon","",0,2,0,3,"Braver","Bladedance","Dragonsong Dive",23,"Soul of the Dragoon",66603,66658,66608,1,3
23,"bard","BRD","吟","Disciple of War",3,-1,12,5,-1,105,79,90,100,115,85,80,100,100,100,100,100,100,100,5,8,8,"archer","Bard","",0,3,0,4,"Big Shot","Desperado","Sagittarius Arrow",31,"Soul of the Bard",66621,66661,66626,1,4
24,"white mage","WHM","白","Disciple of Magic",6,-1,13,6,-1,105,124,55,100,105,105,115,100,100,100,100,100,100,100,6,13,13,"conjurer","White Mage","",0,4,0,5,"Healing Wind","Breath of the Earth","Pulse of Life",11,"Soul of the White Mage",66615,66660,66620,1,2
25,"black mage","BLM","黒","Disciple of Magic",5,-1,14,7,-1,105,129,45,100,100,115,75,100,100,100,100,100,100,100,7,10,10,"thaumaturge","Black Mage","",0,3,0,6,"Skyshard","Starstorm","Meteor",41,"Soul of the Black Mage",66609,66659,66614,1,5
26,"arcanist","ACN","巴","Disciple of Magic",18,7,15,0,-1,100,110,85,95,95,105,75,100,100,100,100,100,100,100,0,0,0,"arcanist","Arcanist","Weathered Grimoire",0,3,1,7,"Skyshard","Starstorm","Teraflare",44,"",0,0,0,1,5
27,"summoner","SMN","召","Disciple of Magic",18,-1,16,8,-1,105,111,90,100,100,115,80,100,100,100,100,100,100,100,8,11,11,"arcanist","Summoner","",0,3,0,7,"Skyshard","Starstorm","Teraflare",43,"Soul of the Summoner",66627,66662,66632,1,5
28,"scholar","SCH","学","Disciple of Magic",18,-1,17,9,-1,105,119,90,100,100,105,115,100,100,100,100,100,100,100,9,14,14,"arcanist","Scholar","",0,4,0,7,"Healing Wind","Breath of the Earth","Angel Feathers",13,"Soul of the Scholar",66633,66663,66638,1,2
29,"rogue","ROG","双","Disciple of War",19,8,18,0,-1,103,38,80,95,100,60,70,100,100,100,100,100,100,100,0,0,0,"rogue","Rogue","",0,2,0,11,"Braver","Bladedance","Chimatsuri",26,"",0,0,0,1,4
30,"ninja","NIN","忍","Disciple of War",19,-1,19,10,-1,108,48,85,100,110,65,75,100,100,100,100,100,100,100,10,6,6,"rogue","Ninja","",0,2,0,11,"Braver","Bladedance","Chimatsuri",25,"Soul of the Ninja",65748,67115,65770,1,4
31,"machinist","MCH","機","Disciple of War",20,9,20,11,-1,105,79,85,100,115,80,85,100,100,100,100,100,100,100,11,9,9,"machinist","Machinist","",0,3,0,-1,"Big Shot","Desperado","Satellite Beam",33,"Soul of the Machinist",67232,0,0,30,4
32,"dark knight","DRK","暗","Disciple of War",21,10,21,12,-1,120,79,105,110,95,60,40,100,100,100,100,100,100,100,12,3,3,"dark knight","Dark Knight","",0,1,0,-1,"Shield Wall","Mighty Guard","Dark Force",5,"Soul of the Dark Knight",67589,0,0,30,1
33,"astrologian","AST","占","Disciple of Magic",22,11,22,13,-1,105,124,50,100,100,105,115,100,100,100,100,100,100,100,13,15,15,"astrologian","Astrologian","",0,4,0,-1,"Healing Wind","Breath of the Earth","Astral Stasis",14,"Soul of the Astrologian",67548,0,0,30,2
34,"samurai","SAM","侍","Disciple of War",23,12,23,14,-1,109,40,112,100,108,60,50,100,100,100,100,100,100,100,14,7,7,"samurai","Samurai","",0,2,0,-1,"Braver","Bladedance","Doom of the Living",27,"Soul of the Samurai",68095,0,0,50,3
35,"red mage","RDM","赤","Disciple of Magic",24,13,24,15,-1,105,120,55,100,105,115,110,100,100,100,100,100,100,100,15,12,12,"red mage","Red Mage","",0,3,0,-1,"Skyshard","Starstorm","Vermillion Scourge",45,"Soul of the Red Mage",68112,0,0,50,5
