﻿key,0,1,2,3,4,5,6,7,8,9,10,11,12,13,14,15
#,,,,,,,,,,TanksPerParty,HealersPerParty,MeleesPerParty,RangedPerParty,,,
int32,bit&01,byte,bit&02,bit&04,byte,byte,byte,byte,byte,byte,byte,byte,byte,bit&08,bit&10,bit&20
0,False,0,False,False,0,8,4,1,0,0,0,0,0,False,True,False
1,False,0,False,False,0,8,1,1,0,0,0,0,0,False,False,False
2,False,0,False,False,0,8,4,1,0,1,1,1,1,False,True,False
3,False,0,False,False,0,8,8,1,0,2,2,2,2,False,True,False
4,True,1,True,False,3,24,8,3,0,1,2,3,2,False,False,False
5,True,1,False,False,3,24,8,3,0,1,2,3,2,False,False,False
6,False,0,False,False,0,8,4,2,0,1,1,1,1,True,False,False
7,True,1,False,False,3,24,8,9,0,0,0,0,0,False,False,False
8,False,0,False,False,0,8,8,9,1,1,2,3,2,False,True,False
9,False,0,False,False,0,8,8,2,0,2,2,2,2,True,False,False
10,False,0,False,False,0,8,2,1,0,0,0,0,0,False,True,False
11,False,0,False,False,0,8,4,1,0,0,0,0,0,False,True,False
12,False,0,False,False,0,8,8,72,1,0,0,0,0,False,True,True
13,False,0,False,False,0,8,8,2,0,0,0,0,0,False,True,False
14,False,0,True,True,2,8,4,2,0,0,0,0,0,False,True,False
15,False,0,True,True,2,16,8,2,0,0,0,0,0,False,True,False
16,False,0,False,False,0,8,8,9,1,0,0,0,0,False,True,False
17,False,0,False,False,0,8,8,2,0,0,0,0,0,False,False,False
18,True,2,False,False,0,8,4,12,0,0,0,0,0,False,False,False
19,False,0,False,False,0,8,8,144,1,0,0,0,0,False,True,True
