﻿key,0,1,2,3,4
#,Item,,,Limit,
int32,Item,byte,byte,uint32,bit&01
0,"",0,0,0,True
1,"Blue Crafters' Scrip",0,0,2000,True
2,"Red Crafters' Scrip",0,1,2000,True
3,"Blue Gatherers' Scrip",0,2,2000,True
4,"Red Gatherers' Scrip",0,3,2000,True
5,"Centurio Seal",0,4,1000,True
6,"Yellow Crafters' Scrip",0,5,2000,True
7,"Yellow Gatherers' Scrip",0,6,2000,True
8,"Venture",1,0,65000,False
9,"Ixali Oaknot",1,1,65000,False
10,"Vanu Whitebone",1,2,65000,False
11,"Sylphic Goldleaf",1,3,65000,False
12,"Steel Amalj'ok",1,4,65000,False
13,"Rainbowtide Psashp",1,5,65000,False
14,"Titan Cobaltpiece",1,6,65000,False
15,"Black Copper Gil",1,7,65000,False
16,"Carved Kupo Nut",1,8,65000,False
17,"Kojin Sango",1,9,65000,False
18,"Achievement Certificate",1,10,65000,False
19,"",1,11,65000,False
