﻿key,0,1,2
#,Icon,Name,Description
int32,Image,str,str
0,"ui/icon/000000/000000.tex","",""
1,"ui/icon/016000/016801.tex","Floor Effect: Blindness","Accuracy of all party members is reduced."
2,"ui/icon/016000/016802.tex","Floor Effect: HP Penalty","Maximum HP of all party members is reduced."
3,"ui/icon/016000/016803.tex","Floor Effect: Damage Penalty","Damage dealt by all party members is reduced."
4,"ui/icon/016000/016804.tex","Floor Effect: Inability","Use of abilities is prohibited for all party members."
5,"ui/icon/016000/016805.tex","Floor Effect: Haste","Weaponskill recast time, spell recast time, and auto-attack delay for all party members are reduced."
6,"ui/icon/016000/016806.tex","Floor Effect: HP/MP Boost","Maximum HP and MP of all party members are increased."
7,"ui/icon/016000/016807.tex","Floor Effect: Item Penalty","Use of items (including pomanders) is prohibited for all party members."
8,"ui/icon/016000/016808.tex","Floor Effect: Sprint Penalty","Use of the action Sprint is prohibited for all party members."
9,"ui/icon/016000/016809.tex","Floor Effect: Knockback Penalty","Knockback and draw-in effects for both enemies and allies are disabled."
10,"ui/icon/016000/016810.tex","Floor Effect: Auto-heal Penalty","HP regeneration for all party members is disabled."
11,"ui/icon/016000/016811.tex","Floor Effect: Gloom","Enemy movement speed is increased. Enemies also deal more damage while taking less."
