﻿key,0,1,2,3,4,5,6,7,8,9,10
#,Icon,Singular,,Plural,,,,,,Name,Description
int32,Image,str,sbyte,str,sbyte,sbyte,sbyte,sbyte,sbyte,str,str
0,"ui/icon/000000/000000.tex","",0,"",0,0,1,0,0,"",""
1,"ui/icon/039000/039901.tex","aetherpool arm",0,"aetherpool arms",0,1,1,0,0,"Aetherpool Arm","A weapon crafted from pure aether. The more it gathers, the more solid it becomes."
2,"ui/icon/049000/049901.tex","suit of aetherpool armor",0,"suits of aetherpool armor",0,0,1,0,0,"Aetherpool Armor","Gear crafted from pure aether. The more it gathers, the more solid it becomes."
