﻿key,0,1,2,3,4,5,6,7,8,9,10,11,12,13,14,15
#,Icon[0],Icon[1],Icon[2],Icon[3],Icon[4],Icon[5],Icon[6],Icon[7],Icon[8],Icon[9],Icon[10],Icon[11],Icon[12],Icon[13],Icon[14],Icon[15]
int32,Image,Image,Image,Image,Image,Image,Image,Image,Image,Image,Image,Image,Image,Image,Image,Image
0,"ui/icon/000000/000000.tex","ui/icon/000000/000000.tex","ui/icon/000000/000000.tex","ui/icon/000000/000000.tex","ui/icon/000000/000000.tex","ui/icon/000000/000000.tex","ui/icon/000000/000000.tex","ui/icon/000000/000000.tex","ui/icon/000000/000000.tex","ui/icon/000000/000000.tex","ui/icon/000000/000000.tex","ui/icon/000000/000000.tex","ui/icon/000000/000000.tex","ui/icon/000000/000000.tex","ui/icon/000000/000000.tex","ui/icon/000000/000000.tex"
1,"ui/icon/000000/000000.tex","ui/icon/060000/060091.tex","ui/icon/071000/071342.tex","ui/icon/071000/071222.tex","ui/icon/071000/071215.tex","ui/icon/071000/071355.tex","ui/icon/071000/071235.tex","ui/icon/071000/071211.tex","ui/icon/071000/071213.tex","ui/icon/071000/071351.tex","ui/icon/071000/071353.tex","ui/icon/071000/071231.tex","ui/icon/071000/071233.tex","ui/icon/071000/071352.tex","ui/icon/071000/071232.tex","ui/icon/071000/071255.tex"
2,"ui/icon/071000/071214.tex","ui/icon/071000/071354.tex","ui/icon/071000/071234.tex","ui/icon/000000/000000.tex","ui/icon/000000/000000.tex","ui/icon/000000/000000.tex","ui/icon/000000/000000.tex","ui/icon/000000/000000.tex","ui/icon/000000/000000.tex","ui/icon/000000/000000.tex","ui/icon/000000/000000.tex","ui/icon/000000/000000.tex","ui/icon/000000/000000.tex","ui/icon/000000/000000.tex","ui/icon/000000/000000.tex","ui/icon/000000/000000.tex"
10,"ui/icon/071000/071241.tex","ui/icon/000000/000000.tex","ui/icon/000000/000000.tex","ui/icon/000000/000000.tex","ui/icon/000000/000000.tex","ui/icon/000000/000000.tex","ui/icon/000000/000000.tex","ui/icon/000000/000000.tex","ui/icon/000000/000000.tex","ui/icon/000000/000000.tex","ui/icon/000000/000000.tex","ui/icon/000000/000000.tex","ui/icon/000000/000000.tex","ui/icon/000000/000000.tex","ui/icon/000000/000000.tex","ui/icon/000000/000000.tex"
20,"ui/icon/071000/071201.tex","ui/icon/071000/071341.tex","ui/icon/071000/071221.tex","ui/icon/000000/000000.tex","ui/icon/000000/000000.tex","ui/icon/000000/000000.tex","ui/icon/000000/000000.tex","ui/icon/000000/000000.tex","ui/icon/000000/000000.tex","ui/icon/000000/000000.tex","ui/icon/000000/000000.tex","ui/icon/000000/000000.tex","ui/icon/000000/000000.tex","ui/icon/000000/000000.tex","ui/icon/000000/000000.tex","ui/icon/000000/000000.tex"
30,"ui/icon/000000/000000.tex","ui/icon/000000/000000.tex","ui/icon/000000/000000.tex","ui/icon/000000/000000.tex","ui/icon/000000/000000.tex","ui/icon/000000/000000.tex","ui/icon/000000/000000.tex","ui/icon/000000/000000.tex","ui/icon/000000/000000.tex","ui/icon/000000/000000.tex","ui/icon/000000/000000.tex","ui/icon/000000/000000.tex","ui/icon/000000/000000.tex","ui/icon/000000/000000.tex","ui/icon/000000/000000.tex","ui/icon/000000/000000.tex"
40,"ui/icon/071000/071204.tex","ui/icon/071000/071344.tex","ui/icon/071000/071224.tex","ui/icon/071000/071203.tex","ui/icon/071000/071343.tex","ui/icon/071000/071223.tex","ui/icon/000000/000000.tex","ui/icon/000000/000000.tex","ui/icon/000000/000000.tex","ui/icon/000000/000000.tex","ui/icon/000000/000000.tex","ui/icon/000000/000000.tex","ui/icon/000000/000000.tex","ui/icon/000000/000000.tex","ui/icon/000000/000000.tex","ui/icon/000000/000000.tex"
45,"ui/icon/071000/071243.tex","ui/icon/071000/071244.tex","ui/icon/000000/000000.tex","ui/icon/000000/000000.tex","ui/icon/000000/000000.tex","ui/icon/000000/000000.tex","ui/icon/000000/000000.tex","ui/icon/000000/000000.tex","ui/icon/000000/000000.tex","ui/icon/000000/000000.tex","ui/icon/000000/000000.tex","ui/icon/000000/000000.tex","ui/icon/000000/000000.tex","ui/icon/000000/000000.tex","ui/icon/000000/000000.tex","ui/icon/000000/000000.tex"
48,"ui/icon/060000/060094.tex","ui/icon/000000/000000.tex","ui/icon/000000/000000.tex","ui/icon/000000/000000.tex","ui/icon/000000/000000.tex","ui/icon/000000/000000.tex","ui/icon/000000/000000.tex","ui/icon/000000/000000.tex","ui/icon/000000/000000.tex","ui/icon/000000/000000.tex","ui/icon/000000/000000.tex","ui/icon/000000/000000.tex","ui/icon/000000/000000.tex","ui/icon/000000/000000.tex","ui/icon/000000/000000.tex","ui/icon/000000/000000.tex"
50,"ui/icon/000000/000000.tex","ui/icon/000000/000000.tex","ui/icon/000000/000000.tex","ui/icon/000000/000000.tex","ui/icon/000000/000000.tex","ui/icon/000000/000000.tex","ui/icon/000000/000000.tex","ui/icon/000000/000000.tex","ui/icon/000000/000000.tex","ui/icon/000000/000000.tex","ui/icon/000000/000000.tex","ui/icon/000000/000000.tex","ui/icon/000000/000000.tex","ui/icon/000000/000000.tex","ui/icon/000000/000000.tex","ui/icon/000000/000000.tex"
60,"ui/icon/071000/071205.tex","ui/icon/071000/071345.tex","ui/icon/071000/071225.tex","ui/icon/071000/071245.tex","ui/icon/000000/000000.tex","ui/icon/000000/000000.tex","ui/icon/000000/000000.tex","ui/icon/000000/000000.tex","ui/icon/000000/000000.tex","ui/icon/000000/000000.tex","ui/icon/000000/000000.tex","ui/icon/000000/000000.tex","ui/icon/000000/000000.tex","ui/icon/000000/000000.tex","ui/icon/000000/000000.tex","ui/icon/000000/000000.tex"
70,"ui/icon/000000/000000.tex","ui/icon/000000/000000.tex","ui/icon/000000/000000.tex","ui/icon/000000/000000.tex","ui/icon/000000/000000.tex","ui/icon/000000/000000.tex","ui/icon/000000/000000.tex","ui/icon/000000/000000.tex","ui/icon/000000/000000.tex","ui/icon/000000/000000.tex","ui/icon/000000/000000.tex","ui/icon/000000/000000.tex","ui/icon/000000/000000.tex","ui/icon/000000/000000.tex","ui/icon/000000/000000.tex","ui/icon/000000/000000.tex"
80,"ui/icon/000000/000000.tex","ui/icon/000000/000000.tex","ui/icon/000000/000000.tex","ui/icon/000000/000000.tex","ui/icon/000000/000000.tex","ui/icon/000000/000000.tex","ui/icon/000000/000000.tex","ui/icon/000000/000000.tex","ui/icon/000000/000000.tex","ui/icon/000000/000000.tex","ui/icon/000000/000000.tex","ui/icon/000000/000000.tex","ui/icon/000000/000000.tex","ui/icon/000000/000000.tex","ui/icon/000000/000000.tex","ui/icon/000000/000000.tex"
90,"ui/icon/000000/000000.tex","ui/icon/000000/000000.tex","ui/icon/000000/000000.tex","ui/icon/000000/000000.tex","ui/icon/000000/000000.tex","ui/icon/000000/000000.tex","ui/icon/000000/000000.tex","ui/icon/000000/000000.tex","ui/icon/000000/000000.tex","ui/icon/000000/000000.tex","ui/icon/000000/000000.tex","ui/icon/000000/000000.tex","ui/icon/000000/000000.tex","ui/icon/000000/000000.tex","ui/icon/000000/000000.tex","ui/icon/000000/000000.tex"
100,"ui/icon/000000/000000.tex","ui/icon/000000/000000.tex","ui/icon/000000/000000.tex","ui/icon/000000/000000.tex","ui/icon/000000/000000.tex","ui/icon/000000/000000.tex","ui/icon/000000/000000.tex","ui/icon/000000/000000.tex","ui/icon/000000/000000.tex","ui/icon/000000/000000.tex","ui/icon/000000/000000.tex","ui/icon/000000/000000.tex","ui/icon/000000/000000.tex","ui/icon/000000/000000.tex","ui/icon/000000/000000.tex","ui/icon/000000/000000.tex"
