﻿key,0,1,2,3,4,5
#,Name,Icon,,,,
int32,str,Image,byte,uint16,uint16,uint16
0,"","ui/icon/000000/000001.tex",0,0,0,0
1,"Interacting","ui/icon/061000/061103.tex",2,80,81,82
2,"Interacting","ui/icon/061000/061103.tex",2,80,81,82
3,"Interacting","ui/icon/061000/061103.tex",5,80,81,82
4,"Interacting","ui/icon/061000/061103.tex",10,80,81,82
5,"Interacting","ui/icon/061000/061103.tex",15,80,81,82
6,"Interacting","ui/icon/061000/061103.tex",2,80,81,82
7,"Interacting","ui/icon/061000/061103.tex",5,80,81,82
8,"Interacting","ui/icon/061000/061103.tex",10,80,81,82
9,"Interacting","ui/icon/061000/061103.tex",15,80,81,82
10,"Waiting","ui/icon/061000/061104.tex",2,175,176,177
11,"Waiting","ui/icon/061000/061104.tex",2,175,176,177
12,"Waiting","ui/icon/061000/061104.tex",5,175,176,177
13,"Waiting","ui/icon/061000/061104.tex",10,175,176,177
14,"Interacting","ui/icon/061000/061103.tex",2,80,81,82
15,"Interacting","ui/icon/061000/061103.tex",2,80,81,82
16,"Interacting","ui/icon/061000/061103.tex",5,80,81,82
17,"Interacting","ui/icon/061000/061103.tex",10,80,81,82
18,"Interacting","ui/icon/061000/061103.tex",2,80,81,82
19,"Attuning","ui/icon/061000/061105.tex",5,169,170,171
20,"Interacting","ui/icon/061000/061103.tex",1,80,81,82
21,"Interacting","ui/icon/061000/061103.tex",2,80,81,82
22,"Interacting","ui/icon/061000/061103.tex",5,80,81,82
23,"Interacting","ui/icon/061000/061103.tex",1,172,173,174
24,"Interacting","ui/icon/061000/061103.tex",2,172,173,174
25,"Interacting","ui/icon/061000/061103.tex",5,172,173,174
26,"Aiding","ui/icon/061000/061103.tex",2,184,185,186
27,"Whistling","ui/icon/061000/061104.tex",2,178,179,180
28,"Standing Watch","ui/icon/061000/061104.tex",10,175,176,177
29,"Recording","ui/icon/061000/061103.tex",1,172,173,174
30,"Whistling","ui/icon/061000/061103.tex",2,178,179,180
31,"Interacting","ui/icon/061000/061103.tex",2,181,182,183
32,"Interacting","ui/icon/061000/061103.tex",5,181,182,183
33,"Interacting","ui/icon/061000/061103.tex",10,181,182,183
34,"Aiding","ui/icon/061000/061103.tex",2,184,185,186
35,"Aiding","ui/icon/061000/061103.tex",5,184,185,186
36,"Aiding","ui/icon/061000/061103.tex",10,184,185,186
37,"Interacting","ui/icon/061000/061103.tex",2,178,179,180
38,"Aiding","ui/icon/061000/061103.tex",2,172,173,174
39,"Aiding","ui/icon/061000/061103.tex",5,172,173,174
40,"Aiding","ui/icon/061000/061103.tex",10,172,173,174
41,"Surveying","ui/icon/061000/061104.tex",10,175,176,177
42,"Untying","ui/icon/061000/061103.tex",10,181,182,183
43,"Interacting","ui/icon/061000/061103.tex",10,172,173,174
44,"Interacting","ui/icon/061000/061103.tex",10,184,185,186
45,"Interacting","ui/icon/061000/061103.tex",2,172,173,174
46,"Interacting","ui/icon/061000/061103.tex",5,172,173,174
47,"Interacting","ui/icon/061000/061103.tex",10,172,173,174
48,"Spooking","ui/icon/061000/061103.tex",5,181,182,183
49,"Closing Valve","ui/icon/061000/061103.tex",5,181,182,183
50,"Surveying","ui/icon/061000/061104.tex",5,175,176,177
51,"Opening Valve","ui/icon/061000/061103.tex",5,181,182,183
52,"Interacting","ui/icon/061000/061103.tex",1,80,81,82
53,"Interacting","ui/icon/061000/061103.tex",2,181,182,183
54,"Interacting","ui/icon/061000/061103.tex",5,181,182,183
55,"Interacting","ui/icon/061000/061103.tex",10,181,182,183
56,"Standing Watch","ui/icon/061000/061104.tex",5,175,176,177
57,"Occupying","ui/icon/061000/061103.tex",2,172,173,174
58,"Occupying","ui/icon/061000/061103.tex",5,172,173,174
59,"Occupying","ui/icon/061000/061103.tex",10,172,173,174
60,"Attuning","ui/icon/061000/061103.tex",5,172,173,174
61,"Interacting","ui/icon/061000/061103.tex",2,0,0,0
62,"Interacting","ui/icon/061000/061103.tex",8,80,81,82
63,"Interacting","ui/icon/061000/061103.tex",5,0,0,0
64,"Interacting","ui/icon/061000/061103.tex",0,0,0,0
65,"Refueling","ui/icon/061000/061103.tex",3,80,81,82
66,"Claiming","ui/icon/061000/061103.tex",5,172,173,174
67,"Mounting","ui/icon/061000/061103.tex",2,172,173,174
68,"Surveying","ui/icon/061000/061103.tex",2,175,176,177
