﻿key,0,1,2,3,4,5
#,,,,,,
int32,str,byte,str,byte,byte,byte
0,"None",0,"",1,3,0
1,"Noise 1",1,"vfx_nc_nise0013",30,1,1
2,"Reflection Blur",1,"vfx_nc_blur0005",3,1,1
3,"Saturated Linework",2,"gpose_syuchusen",4,1,1
4,"Canvas",2,"gpose_canvas",10,1,1
5,"Wall",2,"gpose_kabe",11,1,1
6,"",0,"",0,0,0
7,"Polka Dot 1",2,"gpose_mizutama_hanten",14,1,1
8,"Brilliant 1",2,"gpose_niji_naname",25,1,1
9,"Watercolor",2,"gpose_suisaifude",20,1,1
10,"Noise 2",2,"gpose_filmnoise",31,1,1
11,"Brilliant 2",2,"gpose_iroiro",26,1,1
12,"Picture Frame",2,"gpose_frame_photo_kb"{{{STRING}}},51,2,1
13,"Torn",2,"gpose_frame_wasi",60,2,1
14,"Pencil 2",2,"gpose_efude_sen2",22,1,1
15,"Sakura",2,"gpose_sakura",41,1,1
16,"",0,"",0,0,0
17,"",0,"",0,0,0
18,"Ukiyo-e",2,"gpose_frame_ukiyoewaku",55,2,1
19,"Particle",2,"gpose_kirakira01",40,1,1
20,"",0,"",0,0,0
21,"Frosted Glass",2,"gpose_suriglass",12,1,1
22,"Instant Camera",2,"gpose_frame_photo_pola_tate",52,2,1
23,"",0,"",0,0,0
24,"",0,"",0,0,0
25,"Pencil 1",2,"gpose_efude_sen",21,1,1
26,"",0,"",0,0,0
27,"",0,"",0,0,0
28,"Polka Dot 2",2,"gpose_mizutama_hanten_enbos",15,1,1
29,"Wall Frame",2,"gpose_frame_hagaki_3mai",58,2,1
30,"Ornamental Border 1",2,"gpose_frame_kousi_yoko",56,2,1
31,"Ornamental Border 2",2,"gpose_frame_doma_yoko",57,2,1
32,"Cinema",2,"gpose_frame_cinema",53,2,1
33,"Construction Paper",2,"gpose_gayousi",13,1,1
34,"Pencil 3",2,"gpose_akatsuki",23,1,1
35,"",0,"",0,0,0
36,"",0,"",0,0,0
37,"",0,"",0,0,0
38,"",0,"",0,0,0
39,"",0,"",0,0,0
40,"",0,"",0,0,0
41,"",0,"",0,0,0
42,"",0,"",0,0,0
43,"",0,"",0,0,0
44,"",0,"",0,0,0
45,"",0,"",0,0,0
46,"",0,"",0,0,0
47,"",0,"",0,0,0
48,"",0,"",0,0,0
49,"",0,"",0,0,0
50,"",0,"",0,0,0
51,"",0,"",0,0,0
52,"",0,"",0,0,0
53,"",0,"",0,0,0
54,"",0,"",0,0,0
55,"",0,"",0,0,0
56,"",0,"",0,0,0
57,"",0,"",0,0,0
58,"",0,"",0,0,0
59,"",0,"",0,0,0
60,"",0,"",0,0,0
61,"",0,"",0,0,0
62,"",0,"",0,0,0
63,"",0,"",0,0,0
64,"",0,"",0,0,0
65,"",0,"",0,0,0
