﻿key,0,1,2,3,4,5,6,7,8,9,10,11,12,13,14,15,16,17,18,19,20,21,22,23,24,25,26,27,28,29,30
#,Name,Item[0],Item[1],Item[2],Item[3],Item[4],Item[5],Item[6],Item[7],Item[8],Item[9],Cost[0],Cost[1],Cost[2],Cost[3],Cost[4],Cost[5],Cost[6],Cost[7],Cost[8],Cost[9],FCRank{Required}[0],FCRank{Required}[1],FCRank{Required}[2],FCRank{Required}[3],FCRank{Required}[4],FCRank{Required}[5],FCRank{Required}[6],FCRank{Required}[7],FCRank{Required}[8],FCRank{Required}[9]
int32,str,Item,Item,Item,Item,Item,Item,Item,Item,Item,Item,uint32,uint32,uint32,uint32,uint32,uint32,uint32,uint32,uint32,uint32,FCRank,FCRank,FCRank,FCRank,FCRank,FCRank,FCRank,FCRank,FCRank,FCRank
2752512,"","","","","","","","","","","",0,0,0,0,0,0,0,0,0,0,"FCRank#0","FCRank#0","FCRank#0","FCRank#0","FCRank#0","FCRank#0","FCRank#0","FCRank#0","FCRank#0","FCRank#0"
2752513,"Company Credit Exchange","Mission Ceruleum","Ceruleum Tank","Althyk Lavender Seeds","Voidrake Seeds","Onus of an Engineer","A Northerly Wind","The Antecedent","Flight Credit","Forever Friends","",80,100,300,300,12500,12500,12500,10000,12500,0,"FCRank#6","FCRank#6","FCRank#6","FCRank#6","FCRank#6","FCRank#6","FCRank#6","FCRank#6","FCRank#6","FCRank#0"
2752514,"","Magicked Stable Broom","Sunflower Plot","Dandelion Plot","Morning Glory Plot","Carbuncle Round Table","Carbuncle Lantern","Carbuncle Chronometer","Odin Miniature","Bahamut Miniature","Moongrass Plot",1500,1800,1800,2000,2300,2300,3300,75000,100000,2000,"FCRank#6","FCRank#6","FCRank#6","FCRank#6","FCRank#6","FCRank#6","FCRank#6","FCRank#6","FCRank#6","FCRank#6"
2752515,"Company Credit Exchange","Mission Ceruleum","Ceruleum Tank","","","","","","","","",80,100,0,0,0,0,0,0,0,0,"FCRank#6","FCRank#6","FCRank#0","FCRank#0","FCRank#0","FCRank#0","FCRank#0","FCRank#0","FCRank#0","FCRank#0"
