﻿key,0,1,2,3,4,5,6,7,8,9,10,11,12,13,14,15,16,17,18,19,20,21,22,23,24,25,26,27,28,29,30,31,32,33,34,35,36,37,38,39,40,41,42,43,44,45,46,47,48,49,50,51,52,53,54,55,56,57,58,59,60,61,62,63
#,Required{Flag},Unlock{Flag},Required{Level},Required{Seals},Reward{Experience},Percent{Base},,GcArmyExpeditionType,Name,Description,Reward{Item}[0],Reward{Item}[1],Reward{Item}[2],Reward{Item}[3],Reward{Item}[4],Reward{Item}[5],Reward{Quantity}[0],Reward{Quantity}[1],Reward{Quantity}[2],Reward{Quantity}[3],Reward{Quantity}[4],Reward{Quantity}[5],Required{Physical}[0],Required{Physical}[1],Required{Physical}[2],Required{Physical}[3],Required{Physical}[4],Required{Physical}[5],Percent{PhysicalMet}[0],Percent{PhysicalMet}[1],Percent{PhysicalMet}[2],Percent{PhysicalMet}[3],Percent{PhysicalMet}[4],Percent{PhysicalMet}[5],Required{Mental}[0],Required{Mental}[1],Required{Mental}[2],Required{Mental}[3],Required{Mental}[4],Required{Mental}[5],Percent{MentalMet}[0],Percent{MentalMet}[1],Percent{MentalMet}[2],Percent{MentalMet}[3],Percent{MentalMet}[4],Percent{MentalMet}[5],Required{Tactical}[0],Required{Tactical}[1],Required{Tactical}[2],Required{Tactical}[3],Required{Tactical}[4],Required{Tactical}[5],Percent{TacticalMet}[0],Percent{TacticalMet}[1],Percent{TacticalMet}[2],Percent{TacticalMet}[3],Percent{TacticalMet}[4],Percent{TacticalMet}[5],Percent{AllMet}[0],Percent{AllMet}[1],Percent{AllMet}[2],Percent{AllMet}[3],Percent{AllMet}[4],Percent{AllMet}[5]
int32,byte,byte,byte,uint16,uint32,byte,byte,GcArmyExpeditionType,str,str,Item,Item,Item,Item,Item,Item,byte,byte,byte,byte,byte,byte,uint16,uint16,uint16,uint16,uint16,uint16,byte,byte,byte,byte,byte,byte,uint16,uint16,uint16,uint16,uint16,uint16,byte,byte,byte,byte,byte,byte,uint16,uint16,uint16,uint16,uint16,uint16,byte,byte,byte,byte,byte,byte,byte,byte,byte,byte,byte,byte
0,0,0,0,0,0,0,0,"","","","","","","","","",0,0,0,0,0,0,0,0,0,0,0,0,0,0,0,0,0,0,0,0,0,0,0,0,0,0,0,0,0,0,0,0,0,0,0,0,0,0,0,0,0,0,0,0,0,0,0,0
1,5,8,1,0,7500,100,0,"Trainee Mission","City Patrol","Patrol city streets and maintain peace in <Switch(IntegerParameter(1))><Case(1)>Limsa Lominsa</Case><Case(2)>Gridania</Case><Case(3)>Ul'dah</Case></Switch>.","","","","","","",0,0,0,0,0,0,145,145,145,145,145,145,20,20,20,20,20,20,140,140,140,140,140,140,20,20,20,20,20,20,140,140,140,140,140,140,20,20,20,20,20,20,20,20,20,20,20,20
2,8,0,1,500,7500,20,0,"Trainee Mission","Military Courier","Deliver written orders to unit stationed <Switch(IntegerParameter(1))><Case(1)>at the De Nevelle Checkpoint</Case><Case(2)>at the Bannock</Case><Case(3)>at Sagolii Gate</Case></Switch>.","","","","","","",0,0,0,0,0,0,165,165,165,150,160,150,20,20,20,20,20,20,160,160,170,170,150,160,20,20,20,20,20,20,160,160,150,165,175,175,20,20,20,20,20,20,20,20,20,20,20,20
3,8,0,1,500,9000,20,0,"Trainee Mission","Outskirts Patrol","Patrol <Switch(IntegerParameter(1))><Case(1)>middle La Noscea</Case><Case(2)>the Central Shroud</Case><Case(3)>central Thanalan</Case></Switch> and eliminate potential threats to travelers.","","","","","","",0,0,0,0,0,0,245,245,150,195,155,195,20,20,20,20,20,20,155,200,255,255,195,155,20,20,20,20,20,20,200,155,195,150,250,250,20,20,20,20,20,20,20,20,20,20,20,20
4,8,0,5,500,10500,20,0,"Trainee Mission","Beastmen Recon","<Switch(IntegerParameter(1))><Case(1)>Group of kobold pickmen spotted in lower La Noscea</Case><Case(2)>Ixal raiding party spotted in the South Shroud</Case><Case(3)>Amalj'aa war party spotted in central Thanalan</Case></Switch>. Confirm presence of beastmen, and report current location. DO NOT ENGAGE.","","","","","","",0,0,0,0,0,0,150,195,155,245,245,195,20,20,20,20,20,20,255,155,195,200,155,255,20,20,20,20,20,20,195,250,250,155,200,150,20,20,20,20,20,20,20,20,20,20,20,20
5,8,0,10,500,12000,20,0,"Trainee Mission","Supply Wagon Escort","Escort supply wagon to <Switch(IntegerParameter(1))><Case(1)>Camp Skull Valley</Case><Case(2)>Amarissaix's Spire</Case><Case(3)>Camp Drybone</Case></Switch>. Remain alert for possible threats, and ensure supplies arrive undamaged.","","","","","","",0,0,0,0,0,0,210,125,305,305,210,115,20,20,20,20,20,20,125,210,210,130,320,320,20,20,20,20,20,20,310,310,130,210,115,210,20,20,20,20,20,20,20,20,20,20,20,20
6,8,0,15,500,13500,20,0,"Trainee Mission","Pest Eradication","Residents of <Switch(IntegerParameter(1))><Case(1)>middle La Noscea</Case><Case(2)>the Central Shroud</Case><Case(3)>central Thanalan</Case></Switch> request military support. Deploy to area, and cull <Switch(IntegerParameter(1))><Case(1)>goobbue</Case><Case(2)>treant</Case><Case(3)>giant tortoise</Case></Switch> population.","Squadron Enlistment Manual","Squadron Enlistment Manual","Squadron Enlistment Manual","Squadron Enlistment Manual","Squadron Enlistment Manual","Squadron Enlistment Manual",1,1,1,1,1,1,140,225,320,320,130,225,20,20,20,20,20,20,225,140,145,225,335,335,20,20,20,20,20,20,325,325,225,145,225,130,20,20,20,20,20,20,20,20,20,20,20,20
7,10,12,20,2000,21000,0,0,"Trainee Mission","Flagged Mission: Voidsent Elimination","Cabal of minor voidsent spotted in vicinity of <Switch(IntegerParameter(1))><Case(1)>Woad Whisper Canyon</Case><Case(2)>Spirithold</Case><Case(3)>Nophica's Wells</Case></Switch>. Deploy to area and execute thorough “sweep and eliminate.”","Contemporary Warfare: Defense","Contemporary Warfare: Defense","Contemporary Warfare: Defense","Contemporary Warfare: Defense","Contemporary Warfare: Defense","Contemporary Warfare: Defense",1,1,1,1,1,1,225,225,225,225,225,225,0,0,0,0,0,0,205,205,205,205,205,205,0,0,0,0,0,0,230,230,230,230,230,230,0,0,0,0,0,0,100,100,100,100,100,100
8,12,0,20,1000,15000,20,0,"Routine Mission","Frontline Support","<Switch(IntegerParameter(1))><Case(1)>Camp Skull Valley</Case><Case(2)>Eugenia's Spire</Case><Case(3)>Little Ala Mhigo</Case></Switch> garrison requests reinforcements. Deploy to area and repel <Switch(IntegerParameter(1))><Case(1)>kobold</Case><Case(2)>Ixali</Case><Case(3)>Amalj'aa</Case></Switch> assault.","","","","","","",0,0,0,0,0,0,265,410,265,140,410,125,20,20,20,20,20,20,140,145,435,265,270,435,20,20,20,20,20,20,420,270,125,420,145,265,20,20,20,20,20,20,20,20,20,20,20,20
9,12,0,20,1000,16500,20,0,"Routine Mission","Officer Escort","High-ranking <Switch(IntegerParameter(1))><Case(1)>serpent</Case><Case(2)>flame</Case><Case(3)>storm</Case></Switch> officer to visit city to plan alliance strategies. Meet said officer at airship landing, and serve as personal guard for visit duration.","","","","","","",0,0,0,0,0,0,270,130,270,145,415,415,20,20,20,20,20,20,440,440,145,270,275,150,20,20,20,20,20,20,130,270,425,425,150,275,20,20,20,20,20,20,20,20,20,20,20,20
10,12,0,25,1000,19500,20,0,"Routine Mission","Border Patrol","Patrol <Switch(IntegerParameter(1))><Case(1)>eastern La Noscea</Case><Case(2)>the South Shroud</Case><Case(3)>southern Thanalan</Case></Switch> and ensure major trade routes are secure.","","","","","","",0,0,0,0,0,0,425,140,280,425,280,155,20,20,20,20,20,20,285,450,155,160,450,280,20,20,20,20,20,20,160,280,435,285,140,435,20,20,20,20,20,20,20,20,20,20,20,20
11,12,0,30,1000,22500,20,0,"Routine Mission","Stronghold Recon","Reconnoiter <Switch(IntegerParameter(1))><Case(1)>Kobold Dig</Case><Case(2)>Ixali logging grounds</Case><Case(3)>Amalj'aa encampment</Case></Switch> and assess enemy forces. Avoid engagements when possible, but mission completion takes priority.","","","","","","",0,0,0,0,0,0,170,440,440,295,155,295,20,20,20,20,20,20,295,300,175,465,465,170,20,20,20,20,20,20,450,175,300,155,295,450,20,20,20,20,20,20,20,20,20,20,20,20
12,12,0,35,1000,25500,20,0,"Routine Mission","Search and Rescue","Contact lost with unit deployed in enemy-controlled region of <Switch(IntegerParameter(1))><Case(1)>outer La Noscea</Case><Case(2)>the North Shroud</Case><Case(3)>northern Thanalan</Case></Switch>. Locate missing unit, and evacuate surviving members.","","","","","","",0,0,0,0,0,0,310,185,455,170,310,455,20,20,20,20,20,20,480,310,315,480,185,190,20,20,20,20,20,20,170,465,190,310,465,315,20,20,20,20,20,20,20,20,20,20,20,20
13,12,0,35,1000,27000,20,0,"Routine Mission","Allied Maneuvers","The <Switch(IntegerParameter(1))><Case(1)>Immortal Flames</Case><Case(2)>Maelstrom</Case><Case(3)>Order of the Twin Adder</Case></Switch> invites us to participate in allied maneuvers. Represent the <Switch(IntegerParameter(1))><Case(1)>Maelstrom</Case><Case(2)>Order of the Twin Adder</Case><Case(3)>Immortal Flames</Case></Switch>, and uphold our company's reputation for excellence.","Squadron Enlistment Manual","Squadron Enlistment Manual","Squadron Enlistment Manual","Squadron Enlistment Manual","Squadron Enlistment Manual","Squadron Enlistment Manual",1,1,1,1,1,1,455,310,170,310,185,455,20,20,20,20,20,20,190,480,480,185,310,315,20,20,20,20,20,20,315,170,310,465,465,190,20,20,20,20,20,20,20,20,20,20,20,20
14,13,15,40,4000,30000,0,0,"Routine Mission","Flagged Mission: Crystal Recovery","A joint operation is planned to prevent summoning of <Switch(IntegerParameter(1))><Case(1)>Titan</Case><Case(2)>Garuda</Case><Case(3)>Ifrit</Case></Switch> by forces entrenched in <Switch(IntegerParameter(1))><Case(1)>Kobold Dig</Case><Case(2)>Ixali logging grounds</Case><Case(3)>Amalj'aa encampment</Case></Switch>. Cooperate with allies to infiltrate stronghold and seize cache of ritual crystals.","","","","","","",0,0,0,0,0,0,315,315,315,315,315,315,0,0,0,0,0,0,325,325,325,325,325,325,0,0,0,0,0,0,340,340,340,340,340,340,0,0,0,0,0,0,100,100,100,100,100,100
15,16,0,40,4000,30000,0,0,"Routine Mission","Flagged Mission: Crystal Recovery","A joint operation is planned to prevent summoning of <Switch(IntegerParameter(1))><Case(1)>Titan</Case><Case(2)>Garuda</Case><Case(3)>Ifrit</Case></Switch> by forces entrenched in <Switch(IntegerParameter(1))><Case(1)>Kobold Dig</Case><Case(2)>Ixali logging grounds</Case><Case(3)>Amalj'aa encampment</Case></Switch>. Cooperate with allies to infiltrate stronghold and seize cache of ritual crystals.","","","","","","",0,0,0,0,0,0,315,315,315,315,315,315,0,0,0,0,0,0,325,325,325,325,325,325,0,0,0,0,0,0,340,340,340,340,340,340,0,0,0,0,0,0,100,100,100,100,100,100
16,15,0,40,2000,30000,20,0,"Priority Mission","Stronghold Assault","Rendezvous with Allied forces and join multi-pronged assault on <Switch(IntegerParameter(1))><Case(1)>the U'Ghamaro Mines</Case><Case(2)>Natalan</Case><Case(3)>Zahar'ak</Case></Switch>.","Priority Seal Allowance","Priority Seal Allowance","Priority Seal Allowance","Priority Seal Allowance","Priority Seal Allowance","Priority Seal Allowance",5,5,5,5,5,5,530,530,385,245,385,265,20,20,20,20,20,20,385,275,560,560,265,385,20,20,20,20,20,20,275,385,245,385,540,540,20,20,20,20,20,20,20,20,20,20,20,20
17,15,0,40,2000,30000,20,0,"Priority Mission","Black Market Crackdown","Plans for sale of black market weapons uncovered by intelligence. Deploy to coordinates provided, and apprehend all involved in deal.","Gold Saucer VIP Card","Gold Saucer VIP Card","Gold Saucer VIP Card","Gold Saucer VIP Card","Gold Saucer VIP Card","Gold Saucer VIP Card",5,5,5,5,5,5,385,245,385,265,530,530,20,20,20,20,20,20,560,560,265,385,385,275,20,20,20,20,20,20,245,385,540,540,275,385,20,20,20,20,20,20,20,20,20,20,20,20
18,15,0,40,2000,30000,20,0,"Priority Mission","Imperial Recon","Reconnoiter <Switch(IntegerParameter(1))><Case(1)>Castrum Occidens</Case><Case(2)>Castrum Centri</Case><Case(3)>Castrum Meridianum</Case></Switch> garrison and report on enemy numbers and activity.","Squadron Battle Manual","Squadron Battle Manual","Squadron Battle Manual","Squadron Battle Manual","Squadron Battle Manual","Squadron Battle Manual",5,5,5,5,5,5,385,265,530,530,385,245,20,20,20,20,20,20,265,385,385,275,560,560,20,20,20,20,20,20,540,540,275,385,245,385,20,20,20,20,20,20,20,20,20,20,20,20
19,15,0,40,2000,30000,20,0,"Priority Mission","Imperial Pursuit","Man described as possible imperial deserter spotted in <Switch(IntegerParameter(1))><Case(1)>eastern La Noscea</Case><Case(2)>the East Shroud</Case><Case(3)>northern Thanalan</Case></Switch>. Locate suspect and bring in for interrogation.","Squadron Survival Manual","Squadron Survival Manual","Squadron Survival Manual","Squadron Survival Manual","Squadron Survival Manual","Squadron Survival Manual",5,5,5,5,5,5,530,385,245,385,265,530,20,20,20,20,20,20,275,560,560,265,385,385,20,20,20,20,20,20,385,245,385,540,540,275,20,20,20,20,20,20,20,20,20,20,20,20
20,15,0,40,2000,30000,20,0,"Priority Mission","Imperial Feint","Participate in allied mobilization against imperial forces in Mor Dhona. Ensure vital feint operation succeeds.","Squadron Engineering Manual","Squadron Engineering Manual","Squadron Engineering Manual","Squadron Engineering Manual","Squadron Engineering Manual","Squadron Engineering Manual",5,5,5,5,5,5,245,385,265,530,530,385,20,20,20,20,20,20,560,265,385,385,275,560,20,20,20,20,20,20,385,540,540,275,385,245,20,20,20,20,20,20,20,20,20,20,20,20
21,15,0,40,2000,30000,20,0,"Priority Mission","Supply Line Disruption","A large-scale operation is planned to disrupt <Switch(IntegerParameter(1))><Case(1)>Sahagin supply lines in western La Noscea</Case><Case(2)>Ixali supply lines in the North Shroud</Case><Case(3)>Amalj'aa supply lines in southern Thanalan</Case></Switch>. Deploy to area, and report to commanding officer for further orders.","Squadron Spiritbonding Manual","Squadron Spiritbonding Manual","Squadron Spiritbonding Manual","Squadron Spiritbonding Manual","Squadron Spiritbonding Manual","Squadron Spiritbonding Manual",5,5,5,5,5,5,265,530,530,385,245,385,20,20,20,20,20,20,385,385,275,560,560,265,20,20,20,20,20,20,540,275,385,245,385,540,20,20,20,20,20,20,20,20,20,20,20,20
22,15,0,40,2000,30000,20,0,"Priority Mission","Criminal Pursuit","Dangerous criminal wanted by the <Switch(IntegerParameter(1))><Case(1)>Immortal Flames</Case><Case(2)>Maelstrom</Case><Case(3)>Order of the Twin Adder</Case></Switch> reported fleeing into <Switch(IntegerParameter(1))><Case(1)>La Noscea</Case><Case(2)>the Black Shroud</Case><Case(3)>Thanalan</Case></Switch>. Coordinate with <Switch(IntegerParameter(1))><Case(1)>flame</Case><Case(2)>storm</Case><Case(3)>serpent</Case></Switch> officer in charge of case and assist with pursuit.","Squadron Rationing Manual","Squadron Rationing Manual","Squadron Rationing Manual","Squadron Rationing Manual","Squadron Rationing Manual","Squadron Rationing Manual",5,5,5,5,5,5,530,530,245,385,265,385,20,20,20,20,20,20,275,385,560,560,385,265,20,20,20,20,20,20,385,275,385,245,540,540,20,20,20,20,20,20,20,20,20,20,20,20
23,15,0,40,2000,30000,20,0,"Priority Mission","Supply Wagon Destruction","Use imperial delivery schedule obtained by intelligence to locate and destroy Garlean supply wagon en route to <Switch(IntegerParameter(1))><Case(1)>Castrum Occidens</Case><Case(2)>Castrum Centri</Case><Case(3)>Castrum Meridianum</Case></Switch>.","Squadron Gear Maintenance Manual","Squadron Gear Maintenance Manual","Squadron Gear Maintenance Manual","Squadron Gear Maintenance Manual","Squadron Gear Maintenance Manual","Squadron Gear Maintenance Manual",5,5,5,5,5,5,245,385,265,385,530,530,20,20,20,20,20,20,560,560,385,265,275,385,20,20,20,20,20,20,385,245,540,540,385,275,20,20,20,20,20,20,20,20,20,20,20,20
24,15,0,40,2000,30000,20,0,"Priority Mission","Chimerical Elimination","<Switch(IntegerParameter(1))><Case(1)>Minotaur of exceptional size</Case><Case(2)>Lamia in command of potent magicks</Case><Case(3)>Chimera of unprecedented savagery</Case></Switch> reported in local territory. Locate creature, and ensure threat is eliminated.","Priority Aetheryte Pass","Priority Aetheryte Pass","Priority Aetheryte Pass","Priority Aetheryte Pass","Priority Aetheryte Pass","Priority Aetheryte Pass",5,5,5,5,5,5,265,385,530,530,245,385,20,20,20,20,20,20,385,265,275,385,560,560,20,20,20,20,20,20,540,540,385,275,385,245,20,20,20,20,20,20,20,20,20,20,20,20
25,15,0,50,3000,37500,20,0,"Priority Mission","Primal Recon","A joint operation is planned with the Scions of the Seventh Dawn to reconnoiter the <Switch(IntegerParameter(1))><Case(1)>kobold</Case><Case(2)>Ixal</Case><Case(3)>Amalj'aa</Case></Switch> for signs of summoning. Rendezvous with <Switch(IntegerParameter(1))><Case(1)>Slafswys</Case><Case(2)>Dariustel</Case><Case(3)>Alianne</Case></Switch> and do as our allies bid.","Priority Seal Allowance","Priority Seal Allowance","Priority Seal Allowance","Priority Seal Allowance","Priority Seal Allowance","Priority Seal Allowance",10,10,10,10,10,10,295,430,590,590,275,430,20,20,20,20,20,20,430,295,305,430,620,620,20,20,20,20,20,20,600,600,430,305,430,275,20,20,20,20,20,20,20,20,20,20,20,20
26,15,0,50,3000,37500,20,0,"Priority Mission","Counter-magitek Exercises","Training exercises are scheduled incorporating captured magitek weaponry. We are invited to participate and contribute to the development of counter-magitek tactics.","Gold Saucer VIP Card","Gold Saucer VIP Card","Gold Saucer VIP Card","Gold Saucer VIP Card","Gold Saucer VIP Card","Gold Saucer VIP Card",10,10,10,10,10,10,275,430,295,430,590,590,20,20,20,20,20,20,620,620,430,295,305,430,20,20,20,20,20,20,430,275,600,600,430,305,20,20,20,20,20,20,20,20,20,20,20,20
27,15,0,50,3000,37500,20,0,"Priority Mission","Infiltrate and Rescue","Civilians have been abducted by <Switch(IntegerParameter(1))><Case(1)>the Serpent Reavers</Case><Case(2)>the Ixal</Case><Case(3)>the Flamefangs</Case></Switch>. Infiltrate the enemy stronghold and liberate the captives before they are turned into thralls.","Squadron Battle Manual","Squadron Battle Manual","Squadron Battle Manual","Squadron Battle Manual","Squadron Battle Manual","Squadron Battle Manual",10,10,10,10,10,10,590,590,275,430,295,430,20,20,20,20,20,20,305,430,620,620,430,295,20,20,20,20,20,20,430,305,430,275,600,600,20,20,20,20,20,20,20,20,20,20,20,20
28,15,0,50,3000,37500,20,0,"Priority Mission","Outlaw Subjugation","Outlaws believed to be a splinter faction of the <Switch(IntegerParameter(1))><Case(1)>Mamool Ja</Case><Case(2)>Coeurlclaws</Case><Case(3)>Corpse Brigade</Case></Switch> have grown into an unacceptable threat. Find and summarily eliminate them.","Squadron Survival Manual","Squadron Survival Manual","Squadron Survival Manual","Squadron Survival Manual","Squadron Survival Manual","Squadron Survival Manual",10,10,10,10,10,10,295,590,590,430,275,430,20,20,20,20,20,20,430,430,305,620,620,295,20,20,20,20,20,20,600,305,430,275,430,600,20,20,20,20,20,20,20,20,20,20,20,20
29,15,0,50,3000,37500,20,0,"Priority Mission","Cult Crackdown","The Lambs of Dalamud are engaging in illegal recruitment in <Switch(IntegerParameter(1))><Case(1)>Limsa Lominsa</Case><Case(2)>Gridania</Case><Case(3)>Ul'dah</Case></Switch>. Under the guise of civilians, make contact with the cultists and bring their activities to light.","Squadron Engineering Manual","Squadron Engineering Manual","Squadron Engineering Manual","Squadron Engineering Manual","Squadron Engineering Manual","Squadron Engineering Manual",10,10,10,10,10,10,275,430,295,590,590,430,20,20,20,20,20,20,620,295,430,430,305,620,20,20,20,20,20,20,430,600,600,305,430,275,20,20,20,20,20,20,20,20,20,20,20,20
30,15,0,50,3000,37500,20,0,"Priority Mission","Voidsent Elimination","<Switch(IntegerParameter(1))><Case(1)>A succubus voidsent</Case><Case(2)>A troubadour voidsent</Case><Case(3)>The voidsent Anchag</Case></Switch> has been sighted nearby. Hunt down the menace before civilians can come to harm.","Squadron Spiritbonding Manual","Squadron Spiritbonding Manual","Squadron Spiritbonding Manual","Squadron Spiritbonding Manual","Squadron Spiritbonding Manual","Squadron Spiritbonding Manual",10,10,10,10,10,10,590,430,275,430,295,590,20,20,20,20,20,20,305,620,620,295,430,430,20,20,20,20,20,20,430,275,430,600,600,305,20,20,20,20,20,20,20,20,20,20,20,20
31,15,0,50,3000,37500,20,0,"Priority Mission","Armor Annihilation","An abandoned suit of magitek armor has run amok. Hasten to the site and coordinate with the officer in charge to destroy the machine.","Squadron Rationing Manual","Squadron Rationing Manual","Squadron Rationing Manual","Squadron Rationing Manual","Squadron Rationing Manual","Squadron Rationing Manual",10,10,10,10,10,10,430,295,590,590,430,275,20,20,20,20,20,20,295,430,430,305,620,620,20,20,20,20,20,20,600,600,305,430,275,430,20,20,20,20,20,20,20,20,20,20,20,20
32,15,0,50,3000,37500,20,0,"Priority Mission","Invasive Testing","Brazen minions of the Illuminati are field-testing weaponry on sovereign soil. Confront them and put an end to the unsanctioned experiment.","Squadron Gear Maintenance Manual","Squadron Gear Maintenance Manual","Squadron Gear Maintenance Manual","Squadron Gear Maintenance Manual","Squadron Gear Maintenance Manual","Squadron Gear Maintenance Manual",10,10,10,10,10,10,430,275,430,295,590,590,20,20,20,20,20,20,620,620,295,430,430,305,20,20,20,20,20,20,275,430,600,600,305,430,20,20,20,20,20,20,20,20,20,20,20,20
33,15,0,50,3000,37500,20,0,"Priority Mission","Impostor Alert","A brutish man has been terrorizing citizens while masquerading as a serpent sergeant. For the honor of the Alliance, locate and apprehend the impostor.","Priority Aetheryte Pass","Priority Aetheryte Pass","Priority Aetheryte Pass","Priority Aetheryte Pass","Priority Aetheryte Pass","Priority Aetheryte Pass",10,10,10,10,10,10,590,590,430,275,430,295,20,20,20,20,20,20,430,305,620,620,295,430,20,20,20,20,20,20,305,430,275,430,600,600,20,20,20,20,20,20,20,20,20,20,20,20
