﻿key,0,1,2,3,4,5,6,7,8
#,Name,,,,,,,,
int32,str,uint32,uint32,byte,byte,int32,int32,int32,bit&01
262144,"",0,0,0,0,0,0,0,False
262145,"",0,0,0,0,0,0,0,False
262151,"Purchase Items",0,0,0,0,0,0,0,True
262152,"Purchase Lalafellin Gear",0,0,0,0,0,0,0,True
262153,"Purchase Roegadyn Gear",0,0,0,0,0,0,0,True
262154,"Purchase Elezen Gear",0,0,0,0,0,0,0,True
262155,"Purchase Hyuran Gear",0,0,0,0,0,0,0,True
262156,"Purchase Miqo'te Gear",0,0,0,0,0,0,0,True
262157,"",0,0,0,0,0,0,0,True
262158,"Purchase Items",0,0,0,0,0,0,0,True
262159,"Purchase Lalafellin Gear",0,0,0,0,0,0,0,True
262160,"Purchase Roegadyn Gear",0,0,0,0,0,0,0,True
262161,"Purchase Elezen Gear",0,0,0,0,0,0,0,True
262162,"Purchase Hyuran Gear",0,0,0,0,0,0,0,True
262163,"Purchase Miqo'te Gear",0,0,0,0,0,0,0,True
262164,"Purchase Items",0,0,0,0,0,0,0,True
262165,"Purchase Lalafellin Gear",0,0,0,0,0,0,0,True
262166,"Purchase Roegadyn Gear",0,0,0,0,0,0,0,True
262167,"Purchase Elezen Gear",0,0,0,0,0,0,0,True
262168,"Purchase Hyuran Gear",0,0,0,0,0,0,0,True
262169,"Purchase Miqo'te Gear",0,0,0,0,0,0,0,True
262170,"",0,0,0,0,0,0,0,True
262171,"",0,0,0,0,0,0,0,True
262172,"",0,0,0,0,0,0,0,True
262173,"",0,0,0,0,0,0,0,True
262174,"",0,0,0,0,0,0,0,True
262175,"",0,0,0,0,0,0,0,True
262176,"",0,0,0,0,0,0,0,True
262177,"",0,0,0,0,0,0,0,True
262178,"Purchase Battle Accessories",0,0,0,0,0,0,0,True
262179,"Purchase Field Accessories",0,0,0,0,0,0,0,True
262180,"",0,0,0,0,0,0,0,True
262181,"Purchase Items",0,0,0,0,0,0,0,True
262182,"",0,0,0,0,0,0,0,True
262183,"Purchase Tools",0,0,0,0,0,0,0,True
262184,"Purchase Weapons",0,0,0,0,0,0,0,True
262185,"",0,0,0,0,0,0,0,True
262186,"Purchase Battle Gear",0,0,0,0,0,0,0,True
262187,"Purchase Field Gear",0,0,0,0,0,0,0,True
262188,"Purchase Battle Accessories",0,0,0,0,0,0,0,True
262189,"Purchase Field Accessories",0,0,0,0,0,0,0,True
262190,"",0,0,0,0,0,0,0,True
262191,"Purchase Items",0,0,0,0,0,0,0,True
262192,"",0,0,0,0,0,0,0,True
262193,"Purchase Tools",0,0,0,0,0,0,0,True
262194,"Purchase Weapons",0,0,0,0,0,0,0,True
262195,"Purchase Battle Gear",0,0,0,0,0,0,0,True
262196,"Purchase Field Gear",0,0,0,0,0,0,0,True
262197,"",0,0,0,0,0,0,0,True
262198,"Purchase Battle Accessories",0,0,0,0,0,0,0,True
262199,"Purchase Field Accessories",0,0,0,0,0,0,0,True
262200,"",0,0,0,0,0,0,0,True
262201,"Purchase Items",0,0,0,0,0,0,0,True
262202,"",0,0,0,0,0,0,0,True
262203,"Purchase Tools",0,0,0,0,0,0,0,True
262204,"Purchase Weapons",0,0,0,0,0,0,0,True
262205,"Purchase Battle Gear",0,0,0,0,0,0,0,True
262206,"Purchase Field Gear",0,0,0,0,0,0,0,True
262207,"",0,0,0,0,0,0,0,True
262208,"",0,0,0,0,0,0,0,True
262209,"Purchase Weapons",0,0,0,0,0,0,0,True
262210,"",0,0,0,0,0,0,0,True
262211,"",0,0,0,0,0,0,0,True
262212,"Purchase Battle Accessories",0,0,0,0,0,0,0,True
262213,"Purchase Battle Gear",0,0,0,0,0,0,0,True
262214,"Purchase Field Gear",0,0,0,0,0,0,0,True
262215,"Purchase Weapons",0,0,0,0,0,0,0,True
262216,"Purchase Tools",0,0,0,0,0,0,0,True
262217,"Purchase Weapons",0,0,0,0,0,0,0,True
262218,"Purchase Battle Gear",0,0,0,0,0,0,0,True
262219,"Purchase Field Gear",0,0,0,0,0,0,0,True
262221,"Purchase Tools",0,0,0,0,0,0,0,True
262222,"Purchase Weapons",0,0,0,0,0,0,0,True
262223,"Purchase Battle Gear",0,0,0,0,0,0,0,True
262224,"Purchase Field Gear",0,0,0,0,0,0,0,True
262225,"Purchase Tools",0,0,0,0,0,0,0,True
262226,"Purchase Weapons",0,0,0,0,0,0,0,True
262227,"Purchase Battle Gear",0,0,0,0,0,0,0,True
262228,"Purchase Field Gear",0,0,0,0,0,0,0,True
262229,"Purchase Tools",0,0,0,0,0,0,0,True
262230,"Purchase Weapons",0,0,0,0,0,0,0,True
262231,"Purchase Battle Gear",0,0,0,0,0,0,0,True
262232,"Purchase Field Gear",0,0,0,0,0,0,0,True
262233,"Purchase Tools",0,0,0,0,0,0,0,True
262234,"Purchase Weapons",0,0,0,0,0,0,0,True
262235,"Purchase Battle Gear",0,0,0,0,0,0,0,True
262236,"Purchase Field Gear",0,0,0,0,0,0,0,True
262237,"Purchase Tools",0,0,0,0,0,0,0,True
262238,"Purchase Weapons",0,0,0,0,0,0,0,True
262239,"Purchase Battle Gear",0,0,0,0,0,0,0,True
262240,"Purchase Field Gear",0,0,0,0,0,0,0,True
262241,"Purchase Tools",0,0,0,0,0,0,0,True
262242,"Purchase Weapons",0,0,0,0,0,0,0,True
262243,"Purchase Battle Gear",0,0,0,0,0,0,0,True
262244,"Purchase Field Gear",0,0,0,0,0,0,0,True
262245,"Purchase Tools",0,0,0,0,0,0,0,True
262246,"Purchase Weapons",0,0,0,0,0,0,0,True
262247,"Purchase Battle Gear",0,0,0,0,0,0,0,True
262248,"Purchase Field Gear",0,0,0,0,0,0,0,True
262249,"Purchase Tools",0,0,0,0,0,0,0,True
262250,"Purchase Weapons",0,0,0,0,0,0,0,True
262251,"Purchase Battle Gear",0,0,0,0,0,0,0,True
262252,"Purchase Field Gear",0,0,0,0,0,0,0,True
262253,"Purchase Tools",0,0,0,0,0,0,0,True
262254,"Purchase Weapons",0,0,0,0,0,0,0,True
262255,"Purchase Battle Gear",0,0,0,0,0,0,0,True
262256,"Purchase Field Gear",0,0,0,0,0,0,0,True
262257,"",0,0,0,0,0,0,0,True
262258,"Purchase Tools",0,0,0,0,0,0,0,True
262259,"Purchase Weapons",0,0,0,0,0,0,0,True
262260,"Purchase Battle Gear",0,0,0,0,0,0,0,True
262261,"Purchase Field Gear",0,0,0,0,0,0,0,True
262262,"Purchase Tools",0,0,0,0,0,0,0,True
262263,"Purchase Weapons",0,0,0,0,0,0,0,True
262264,"Purchase Battle Gear",0,0,0,0,0,0,0,True
262265,"Purchase Field Gear",0,0,0,0,0,0,0,True
262266,"Purchase Tools",0,0,0,0,0,0,0,True
262267,"Purchase Weapons",0,0,0,0,0,0,0,True
262268,"Purchase Battle Gear",0,0,0,0,0,0,0,True
262269,"Purchase Field Gear",0,0,0,0,0,0,0,True
262270,"Purchase Weapons",0,0,0,0,0,0,0,True
262271,"Purchase Tools",0,0,0,0,0,0,0,True
262272,"Purchase Battle Gear",0,0,0,0,0,0,0,True
262273,"Purchase Field Gear",0,0,0,0,0,0,0,True
262274,"Purchase Tools",0,0,0,0,0,0,0,True
262275,"Purchase Weapons",0,0,0,0,0,0,0,True
262276,"Purchase Battle Gear",0,0,0,0,0,0,0,True
262277,"Purchase Field Gear",0,0,0,0,0,0,0,True
262278,"Purchase Weapons",0,0,0,0,0,0,0,True
262279,"Purchase Tools",0,0,0,0,0,0,0,True
262280,"Purchase Battle Gear",0,0,0,0,0,0,0,True
262281,"Purchase Field Gear",0,0,0,0,0,0,0,True
262282,"Purchase Tools",0,0,0,0,0,0,0,True
262283,"Purchase Weapons",0,0,0,0,0,0,0,True
262284,"Purchase Battle Gear",0,0,0,0,0,0,0,True
262285,"Purchase Field Gear",0,0,0,0,0,0,0,True
262286,"Purchase Weapons",0,0,0,0,0,0,0,True
262287,"Purchase Tools",0,0,0,0,0,0,0,True
262288,"Purchase Battle Gear",0,0,0,0,0,0,0,True
262289,"Purchase Field Gear",0,0,0,0,0,0,0,True
262290,"Purchase Tools",0,0,0,0,0,0,0,True
262291,"Purchase Weapons",0,0,0,0,0,0,0,True
262292,"Purchase Battle Gear",0,0,0,0,0,0,0,True
262293,"Purchase Field Gear",0,0,0,0,0,0,0,True
262294,"Purchase Tools",0,0,0,0,0,0,0,True
262295,"Purchase Weapons",0,0,0,0,0,0,0,True
262296,"Purchase Battle Gear",0,0,0,0,0,0,0,True
262297,"Purchase Field Gear",0,0,0,0,0,0,0,True
262298,"Purchase Tools",0,0,0,0,0,0,0,True
262299,"Purchase Weapons",0,0,0,0,0,0,0,True
262300,"Purchase Battle Gear",0,0,0,0,0,0,0,True
262301,"Purchase Field Gear",0,0,0,0,0,0,0,True
262302,"Purchase Tools",0,0,0,0,0,0,0,True
262303,"Purchase Weapons",0,0,0,0,0,0,0,True
262304,"Purchase Battle Gear",0,0,0,0,0,0,0,True
262305,"Purchase Field Gear",0,0,0,0,0,0,0,True
262306,"Purchase Tools",0,0,0,0,0,0,0,True
262307,"Purchase Weapons",0,0,0,0,0,0,0,True
262308,"Purchase Battle Gear",0,0,0,0,0,0,0,True
262309,"Purchase Field Gear",0,0,0,0,0,0,0,True
262310,"Purchase Tools",0,0,0,0,0,0,0,True
262311,"Purchase Weapons",0,0,0,0,0,0,0,True
262312,"Purchase Battle Gear",0,0,0,0,0,0,0,True
262313,"Purchase Field Gear",0,0,0,0,0,0,0,True
262314,"Purchase Tools",0,0,0,0,0,0,0,True
262315,"Purchase Weapons",0,0,0,0,0,0,0,True
262316,"Purchase Battle Gear",0,0,0,0,0,0,0,True
262317,"Purchase Field Gear",0,0,0,0,0,0,0,True
262318,"Purchase Tools",0,0,0,0,0,0,0,True
262319,"Purchase Weapons",0,0,0,0,0,0,0,True
262320,"Purchase Battle Gear",0,0,0,0,0,0,0,True
262321,"Purchase Field Gear",0,0,0,0,0,0,0,True
262322,"Purchase Tools",0,0,0,0,0,0,0,True
262323,"Purchase Weapons",0,0,0,0,0,0,0,True
262324,"Purchase Battle Gear",0,0,0,0,0,0,0,True
262325,"Purchase Field Gear",0,0,0,0,0,0,0,True
262326,"Purchase Tools",0,0,0,0,0,0,0,True
262327,"Purchase Weapons",0,0,0,0,0,0,0,True
262328,"Purchase Battle Gear",0,0,0,0,0,0,0,True
262329,"Purchase Field Gear",0,0,0,0,0,0,0,True
262330,"Purchase Tools",0,0,0,0,0,0,0,True
262331,"Purchase Weapons",0,0,0,0,0,0,0,True
262332,"Purchase Battle Gear",0,0,0,0,0,0,0,True
262333,"Purchase Field Gear",0,0,0,0,0,0,0,True
262334,"Purchase Tools",0,0,0,0,0,0,0,True
262335,"Purchase Weapons",0,0,0,0,0,0,0,True
262336,"Purchase Battle Gear",0,0,0,0,0,0,0,True
262337,"Purchase Field Gear",0,0,0,0,0,0,0,True
262338,"Purchase Tools",0,0,0,0,0,0,0,True
262339,"Purchase Weapons",0,0,0,0,0,0,0,True
262340,"Purchase Battle Gear",0,0,0,0,0,0,0,True
262341,"Purchase Field Gear",0,0,0,0,0,0,0,True
262342,"Purchase Tools",0,0,0,0,0,0,0,True
262343,"Purchase Weapons",0,0,0,0,0,0,0,True
262344,"Purchase Battle Gear",0,0,0,0,0,0,0,True
262345,"Purchase Field Gear",0,0,0,0,0,0,0,True
262346,"Purchase Weapons",0,0,0,0,0,0,0,True
262347,"Purchase Tools",0,0,0,0,0,0,0,True
262348,"Purchase Battle Gear",0,0,0,0,0,0,0,True
262349,"Purchase Field Gear",0,0,0,0,0,0,0,True
262350,"",0,0,0,0,0,0,0,True
262351,"Purchase Tools",0,0,0,0,0,0,0,True
262352,"Purchase Weapons",0,0,0,0,0,0,0,True
262353,"Purchase Battle Gear",0,0,0,0,0,0,0,True
262354,"Purchase Field Gear",0,0,0,0,0,0,0,True
262355,"Purchase Tools",0,0,0,0,0,0,0,True
262356,"Purchase Weapons",0,0,0,0,0,0,0,True
262357,"Purchase Battle Gear",0,0,0,0,0,0,0,True
262358,"Purchase Field Gear",0,0,0,0,0,0,0,True
262359,"Purchase Tools",0,0,0,0,0,0,0,True
262360,"Purchase Weapons",0,0,0,0,0,0,0,True
262361,"Purchase Battle Gear",0,0,0,0,0,0,0,True
262362,"Purchase Field Gear",0,0,0,0,0,0,0,True
262363,"Purchase Tools",0,0,0,0,0,0,0,True
262364,"Purchase Weapons",0,0,0,0,0,0,0,True
262365,"Purchase Battle Gear",0,0,0,0,0,0,0,True
262366,"Purchase Field Gear",0,0,0,0,0,0,0,True
262367,"Purchase Tools",0,0,0,0,0,0,0,True
262368,"Purchase Weapons",0,0,0,0,0,0,0,True
262369,"Purchase Battle Gear",0,0,0,0,0,0,0,True
262370,"Purchase Field Gear",0,0,0,0,0,0,0,True
262371,"Purchase Tools",0,0,0,0,0,0,0,True
262372,"Purchase Tools",0,0,0,0,0,0,0,True
262373,"Purchase Weapons",0,0,0,0,0,0,0,True
262374,"Purchase Battle Gear",0,0,0,0,0,0,0,True
262375,"Purchase Field Gear",0,0,0,0,0,0,0,True
262376,"",0,0,0,0,0,0,0,True
262377,"",0,0,0,0,0,0,0,True
262378,"Purchase Tools",0,0,0,0,0,0,0,True
262379,"Purchase Weapons",0,0,0,0,0,0,0,True
262380,"Purchase Battle Gear",0,0,0,0,0,0,0,True
262381,"Purchase Field Gear",0,0,0,0,0,0,0,True
262382,"Purchase Tools",0,0,0,0,0,0,0,True
262383,"Purchase Weapons",0,0,0,0,0,0,0,True
262384,"Purchase Battle Gear",0,0,0,0,0,0,0,True
262385,"Purchase Field Gear",0,0,0,0,0,0,0,True
262386,"Purchase Tools",0,0,0,0,0,0,0,True
262387,"Purchase Weapons",0,0,0,0,0,0,0,True
262388,"Purchase Battle Gear",0,0,0,0,0,0,0,True
262389,"Purchase Field Gear",0,0,0,0,0,0,0,True
262390,"Purchase Tools",0,0,0,0,0,0,0,True
262391,"Purchase Tools",0,0,0,0,0,0,0,True
262392,"Purchase Tools",0,0,0,0,0,0,0,True
262393,"Purchase Weapons",0,0,0,0,0,0,0,True
262394,"Purchase Battle Gear",0,0,0,0,0,0,0,True
262395,"Purchase Field Gear",0,0,0,0,0,0,0,True
262396,"Purchase Tools",0,0,0,0,0,0,0,True
262397,"Purchase Weapons",0,0,0,0,0,0,0,True
262398,"Purchase Battle Gear",0,0,0,0,0,0,0,True
262399,"Purchase Field Gear",0,0,0,0,0,0,0,True
262400,"Purchase Tools",0,0,0,0,0,0,0,True
262401,"Purchase Weapons",0,0,0,0,0,0,0,True
262402,"Purchase Battle Gear",0,0,0,0,0,0,0,True
262403,"Purchase Field Gear",0,0,0,0,0,0,0,True
262404,"",0,0,0,0,0,0,0,True
262405,"",0,0,0,0,0,0,0,True
262406,"",0,0,0,0,0,0,0,True
262407,"",0,0,0,0,0,0,0,True
262408,"Purchase Weapons",0,0,0,0,0,0,0,True
262409,"Purchase Battle Gear",0,0,0,0,0,0,0,True
262410,"Purchase Weapons",0,0,0,0,0,0,0,True
262411,"Purchase Battle Gear",0,0,0,0,0,0,0,True
262412,"Purchase Weapons",0,0,0,0,0,0,0,True
262413,"Purchase Battle Gear",0,0,0,0,0,0,0,True
262414,"",0,0,0,0,0,0,0,True
262415,"",0,0,0,0,0,0,0,True
262419,"Purchase Furnishings (Exterior, Garden, Orchestrion)",0,0,0,0,0,0,0,True
262420,"Purchase Furnishings (Exterior, Garden, Orchestrion)",0,0,0,0,0,0,0,True
262421,"Purchase Furnishings (Exterior, Garden, Orchestrion)",0,0,0,0,0,0,0,True
262422,"Purchase Items",0,0,0,0,0,0,0,True
262423,"",0,0,0,0,0,0,0,True
262424,"",0,0,0,0,0,0,0,True
262425,"",0,0,0,0,0,0,0,True
262426,"Purchase Items (Neutral)",0,0,1,1,0,0,0,True
262427,"Purchase Items (Recognized)",0,0,1,2,0,0,0,True
262428,"Purchase Items (Friendly)",0,0,1,3,0,0,0,True
262429,"Purchase Items (Trusted)",0,0,1,4,0,0,0,True
262430,"Purchase Items (Neutral)",0,0,2,1,0,0,0,True
262431,"Purchase Items (Recognized)",0,0,2,2,0,0,0,True
262432,"Purchase Items (Friendly)",0,0,2,3,0,0,0,True
262433,"Purchase Items (Trusted)",0,0,2,4,0,0,0,True
262434,"",0,0,0,0,0,0,0,True
262435,"",0,0,0,0,0,0,0,True
262436,"",0,0,0,0,0,0,0,True
262437,"",0,0,0,0,0,0,0,True
262438,"",0,0,0,0,0,0,0,True
262439,"",0,0,0,0,0,0,0,True
262440,"",0,0,0,0,0,0,0,True
262441,"",0,0,0,0,0,0,0,True
262442,"",0,0,0,0,0,0,0,True
262443,"Purchase Lv. 50 Gear (DoW)",0,0,0,0,0,0,0,True
262444,"Purchase Lv. 50 Gear (DoM)",0,0,0,0,0,0,0,True
262445,"Purchase Lv. 50 Arms & Tools",0,0,0,0,0,0,0,True
262446,"Purchase Quest Rewards",0,0,0,0,0,0,0,True
262449,"Purchase Achievement Rewards I",0,0,0,0,0,0,0,True
262450,"Purchase Achievement Rewards II",0,0,0,0,0,0,0,True
262451,"Purchase Items (Neutral)",0,0,3,1,0,0,0,True
262452,"Purchase Items (Recognized)",0,0,3,2,0,0,0,True
262453,"Purchase Items (Friendly)",0,0,3,3,0,0,0,True
262454,"Purchase Items (Trusted)",0,0,3,4,0,0,0,True
262455,"Purchase Items (Neutral)",0,0,4,1,0,0,0,True
262456,"Purchase Items (Recognized)",0,0,4,2,0,0,0,True
262457,"Purchase Items (Friendly)",0,0,4,3,0,0,0,True
262458,"Purchase Items (Trusted)",0,0,4,4,0,0,0,True
262459,"Purchase Glamouring Items",0,66958,0,0,0,0,0,True
262460,"Purchase Items",0,0,0,0,0,0,0,True
262461,"Purchase Items (Lumber, Metal, Stone, Bone, Leather)",60412,0,0,0,0,0,0,True
262462,"Purchase Items (Cloth, Reagents)",60412,0,0,0,0,0,0,True
262463,"Purchase Items (Gardening, Dyes)",60412,0,0,0,0,0,0,True
262464,"",0,0,0,0,0,0,0,True
262466,"Purchase Items",0,0,0,0,0,0,0,True
262468,"Purchase Gender-specific Gear (Male)",0,0,0,0,0,0,0,True
262469,"Purchase Gender-specific Gear (Female)",0,0,0,0,0,0,0,True
262470,"Purchase Items",0,0,0,0,0,0,0,True
262471,"Purchase Items (Catalysts)",60412,0,0,0,0,0,0,True
262472,"Purchase (Cooking Ingredients)",60412,0,0,0,0,0,0,True
262473,"Purchase Items (Neutral-Recognized)",0,0,5,1,0,0,0,True
262474,"Purchase Items (Neutral-Recognized)",0,0,5,2,0,0,0,True
262475,"Purchase Items (Friendly-Trusted)",0,0,5,3,0,0,0,True
262476,"Purchase Items (Friendly-Trusted)",0,0,5,4,0,0,0,True
262477,"Purchase Items (Respected-Honored)",0,0,5,5,0,0,0,True
262478,"Purchase Items (Respected-Honored)",0,0,5,6,0,0,0,True
262479,"Purchase Items (Sworn)",0,0,5,7,0,0,0,True
262480,"Purchase Items (Allied)",0,0,5,8,0,0,0,True
262481,"Purchase Items (Allied)",0,0,1,8,0,0,0,True
262482,"Purchase Items (Allied)",0,0,2,8,0,0,0,True
262483,"Purchase Items (Allied)",0,0,3,8,0,0,0,True
262484,"Purchase Items (Allied)",0,0,4,8,0,0,0,True
262485,"",0,0,0,0,0,0,0,True
262486,"",0,0,0,0,0,0,0,True
262488,"Purchase Novelty Gear",0,0,0,0,0,0,0,True
262489,"Purchase Items",0,0,0,0,0,0,0,True
262491,"Purchase Race Chocobo Forms",0,0,0,0,65972,0,592240,True
262492,"Purchase Items",0,0,0,0,0,0,0,True
262493,"Purchase Items",0,0,0,0,0,0,0,True
262494,"Purchase Items",0,0,0,0,0,0,0,True
262495,"Purchase Items",0,0,0,0,66035,0,592222,True
262496,"Purchase Items",0,0,0,0,0,0,0,True
262497,"Replicate Excalibur Zeta.",0,0,0,0,0,0,0,True
262498,"Replicate Ragnarok Zeta.",0,0,0,0,0,0,0,True
262499,"Replicate the Kaiser Knuckles Zeta.",0,0,0,0,0,0,0,True
262500,"Replicate Longinus Zeta.",0,0,0,0,0,0,0,True
262501,"Replicate the Sasuke's Blades Zeta.",0,0,0,0,0,0,0,True
262502,"Replicate the Yoichi Bow Zeta.",0,0,0,0,0,0,0,True
262503,"Replicate the Lilith Rod Zeta.",0,0,0,0,0,0,0,True
262504,"Replicate Apocalypse Zeta.",0,0,0,0,0,0,0,True
262505,"Replicate Nirvana Zeta.",0,0,0,0,0,0,0,True
262506,"Replicate Last Resort Zeta.",0,0,0,0,0,0,0,True
262507,"Replicate the Aegis Shield Zeta.",0,0,0,0,0,0,0,True
262508,"Purchase Battle Accessories",0,0,0,0,0,0,0,True
262509,"Purchase Items",0,0,0,0,0,0,0,True
262510,"Purchase Battle Gear (DoW)",0,0,0,0,0,0,0,True
262511,"Purchase Battle Gear (DoM)",0,0,0,0,0,0,0,True
262512,"Purchase Weapons",0,0,0,0,0,0,0,True
262513,"Purchase Items",0,0,0,0,0,0,0,True
262514,"Purchase Tools",0,0,0,0,0,0,0,True
262515,"Purchase Items",0,0,0,0,0,0,0,True
262516,"Purchase Items",0,0,0,0,0,0,0,True
262517,"Purchase Weapons",0,0,0,0,0,0,0,True
262518,"Purchase Weapons",0,0,0,0,0,0,0,True
262519,"Purchase Tools",0,0,0,0,0,0,0,True
262520,"Purchase Weapons",0,0,0,0,0,0,0,True
262521,"Purchase Battle Gear (DoW)",0,0,0,0,0,0,0,True
262522,"Purchase Battle Gear (DoM)",0,0,0,0,0,0,0,True
262523,"Purchase Tools",0,0,0,0,0,0,0,True
262524,"Purchase Weapons",0,0,0,0,0,0,0,True
262525,"Purchase Battle Gear (DoW)",0,0,0,0,0,0,0,True
262526,"Purchase Battle Gear (DoM)",0,0,0,0,0,0,0,True
262527,"Purchase Tools",0,0,0,0,0,0,0,True
262528,"Purchase Weapons",0,0,0,0,0,0,0,True
262529,"Purchase Battle Gear (DoW)",0,0,0,0,0,0,0,True
262530,"Purchase Battle Gear (DoM)",0,0,0,0,0,0,0,True
262531,"Purchase Tools",0,0,0,0,0,0,0,True
262532,"Purchase Weapons",0,0,0,0,0,0,0,True
262533,"Purchase Battle Gear (DoW)",0,0,0,0,0,0,0,True
262534,"Purchase Battle Gear (DoM)",0,0,0,0,0,0,0,True
262536,"Purchase Tools",0,0,0,0,0,0,0,True
262537,"Purchase Weapons",0,0,0,0,0,0,0,True
262538,"Purchase Battle Gear (DoW)",0,0,0,0,0,0,0,True
262539,"Purchase Battle Gear (DoM)",0,0,0,0,0,0,0,True
262540,"Purchase Tools",0,0,0,0,0,0,0,True
262541,"Purchase Weapons",0,0,0,0,0,0,0,True
262542,"Purchase Battle Gear (DoW)",0,0,0,0,0,0,0,True
262543,"Purchase Battle Gear (DoM)",0,0,0,0,0,0,0,True
262544,"Purchase Field Gear",0,0,0,0,0,0,0,True
262545,"Purchase Tools",0,0,0,0,0,0,0,True
262546,"Purchase Weapons",0,0,0,0,0,0,0,True
262547,"Purchase Battle Gear (DoW)",0,0,0,0,0,0,0,True
262548,"Purchase Battle Gear (DoM)",0,0,0,0,0,0,0,True
262549,"Purchase Field Gear",0,0,0,0,0,0,0,True
262550,"Purchase Tools",0,0,0,0,0,0,0,True
262551,"Purchase Weapons",0,0,0,0,0,0,0,True
262552,"Purchase Battle Gear (DoW)",0,0,0,0,0,0,0,True
262553,"Purchase Battle Gear (DoM)",0,0,0,0,0,0,0,True
262554,"Purchase Tools",0,0,0,0,0,0,0,True
262555,"Purchase Weapons",0,0,0,0,0,0,0,True
262556,"Purchase Battle Gear (DoW)",0,0,0,0,0,0,0,True
262557,"Purchase Battle Gear (DoM)",0,0,0,0,0,0,0,True
262558,"Purchase Items",0,0,0,0,0,0,0,True
262559,"Purchase Items",0,0,0,0,0,0,0,True
262560,"Purchase Auri Gear",0,0,0,0,0,0,0,True
262561,"Purchase Auri Gear",0,0,0,0,0,0,0,True
262562,"Purchase Auri Gear",0,0,0,0,0,0,0,True
262564,"Purchase Tools",0,0,0,0,0,0,0,True
262565,"Purchase Weapons",0,0,0,0,0,0,0,True
262566,"Purchase Battle Gear (DoW)",0,0,0,0,0,0,0,True
262567,"Purchase Battle Gear (DoM)",0,0,0,0,0,0,0,True
262569,"Purchase Weapons",0,0,0,0,0,0,0,True
262570,"Purchase Tools",0,0,0,0,0,0,0,True
262571,"Purchase Weapons",0,0,0,0,0,0,0,True
262572,"Purchase Battle Gear (DoW)",0,0,0,0,0,0,0,True
262573,"Purchase Battle Gear (DoM)",0,0,0,0,0,0,0,True
262574,"Purchase Minions (Gil)",0,0,0,0,0,0,0,True
262575,"",0,0,0,0,0,0,0,True
262576,"Purchase Items (Recognized)",0,0,6,2,0,0,0,True
262577,"Purchase Items (Friendly)",0,0,6,3,0,0,0,True
262578,"Purchase Items (Trusted-Honored)",0,0,6,4,0,0,0,True
262579,"Purchase Items (Trusted-Honored)",0,0,6,5,0,0,0,True
262580,"Purchase Items (Trusted-Honored)",0,0,6,6,0,0,0,True
262581,"Purchase Items (Sworn-Bloodsworn)",0,0,6,7,0,0,0,True
262582,"Purchase Items (Sworn-Bloodsworn)",0,0,6,8,0,0,0,True
262584,"",0,0,0,0,0,0,0,False
262585,"Purchase Items",0,0,0,0,0,0,0,True
262586,"Purchase Items",0,0,0,0,0,0,0,True
262587,"Purchase Items",0,0,0,0,0,0,0,True
262588,"Purchase Items",60412,0,0,0,0,0,0,True
262603,"Purchase Items (Friendly)",0,0,7,3,0,0,0,True
262604,"Purchase Items (Trusted)",0,0,7,4,0,0,0,True
262605,"Purchase Items (Respected)",0,0,7,5,0,0,0,True
262606,"Purchase Items (Honored)",0,0,7,6,0,0,0,True
262607,"Purchase Items (Sworn)",0,0,7,7,0,0,0,True
262608,"Purchase Items (Bloodsworn)",0,0,7,8,0,0,0,True
262609,"Deal in Kettles",0,0,0,0,67206,593139,592260,True
262610,"Replicate Awoken Weapons",0,0,0,0,0,0,0,True
262611,"Replicate Anima Weapons",0,0,0,0,0,0,0,True
262612,"Purchase Items (Gil)",0,0,0,0,65972,0,593234,True
262613,"Purchase Items (Neutral)",0,0,8,1,0,0,0,True
262614,"Purchase Items (Recognized)",0,0,8,2,0,0,0,True
262615,"Purchase Items (Friendly)",0,0,8,3,0,0,0,True
262616,"Purchase Items (Trusted)",0,0,8,4,0,0,0,True
262617,"Purchase Items (Respected)",0,0,8,5,0,0,0,True
262618,"Purchase Items (Honored)",0,0,8,6,0,0,0,True
262619,"Purchase Items (Sworn)",0,0,8,7,0,0,0,True
262620,"Purchase Items (Bloodsworn)",0,0,8,8,0,0,0,True
262621,"Purchase Tools",0,0,0,0,0,0,0,True
262622,"Purchase Field Gear",0,0,0,0,0,0,0,True
262623,"Purchase Field Gear",0,0,0,0,0,0,0,True
262624,"Purchase Field Accessories",0,0,0,0,0,0,0,True
262625,"Replicate Hyperconductive Weapons",0,0,0,0,67864,0,593415,True
262626,"Purchase Moonfire Faire Items I",0,0,0,0,0,0,0,True
262627,"Purchase Moonfire Faire Items II",0,0,0,0,0,0,0,True
262628,"Purchase All Saints' Wake Items",0,0,0,0,0,0,0,True
262629,"Purchase Starlight Celebration Items",0,0,0,0,0,0,0,True
262630,"Purchase Heavensturn Items",0,0,0,0,0,0,0,True
262631,"Purchase Valentione's Day Items",0,0,0,0,0,0,0,True
262632,"Purchase Little Ladies' Day Items",0,0,0,0,0,0,0,True
262633,"Purchase Hatching-tide Items",0,0,0,0,0,0,0,True
262634,"Purchase Other Seasonal Event Items",0,0,0,0,0,0,0,True
262635,"Purchase Items",0,0,0,0,0,0,0,True
262636,"Purchase Items",0,0,0,0,0,0,0,True
262637,"Purchase Items",0,0,0,0,0,0,0,True
262638,"Purchase Items",0,0,0,0,0,0,0,True
262639,"Purchase Items",0,0,0,0,0,0,0,True
262640,"Purchase Battle Accessories",0,0,0,0,0,0,0,True
262641,"Purchase Items",0,0,0,0,0,0,0,True
262642,"Purchase Items",0,0,0,0,0,0,0,True
262643,"Purchase Items",0,0,0,0,0,0,0,True
262644,"Purchase Items",0,0,0,0,0,0,0,True
262645,"Purchase Anima Weapon Replicas",0,0,0,0,67915,0,593415,True
262646,"Purchase Seasonal Event Rewards",0,0,0,0,0,0,0,True
262647,"Purchase Seasonal Event Rewards",0,0,0,0,0,0,0,True
262648,"Purchase Items (Gil)",0,0,0,0,0,0,0,True
262649,"Purchase Items (Allied)",0,67921,0,0,0,0,0,True
262650,"Purchase Items (Allied)",0,67921,0,0,0,0,0,True
262651,"Purchase Items (Allied)",0,67921,0,0,0,0,0,True
262652,"Purchase Sharp Anima Weapon Replicas",0,67932,0,0,0,0,0,True
262653,"Purchase Complete Anima Weapon Replicas",0,67940,0,0,0,0,0,True
262654,"Purchase Furnishings (Interior)",0,0,0,0,0,0,0,True
262655,"Purchase Furnishings (Chairs, Beds)",0,0,0,0,0,0,0,True
262656,"Purchase Furnishings (Tables, Food)",0,0,0,0,0,0,0,True
262657,"Purchase Furnishings (Shelves, Rugs, Lighting)",0,0,0,0,0,0,0,True
262658,"Purchase Furnishings (Other)",0,0,0,0,0,0,0,True
262659,"Purchase Paintings (La Noscea)",0,0,0,0,0,0,0,True
262660,"Purchase Paintings (The Black Shroud)",0,0,0,0,0,0,0,True
262661,"Purchase Paintings (Thanalan)",0,0,0,0,0,0,0,True
262662,"Purchase Paintings (Coerthas, Mor Dhona)",0,0,0,0,0,0,0,True
262663,"",0,0,0,0,0,0,0,True
262664,"",0,0,0,0,0,0,0,True
262665,"",0,0,0,0,0,0,0,False
262666,"",0,0,0,0,0,0,0,False
262667,"",0,0,0,0,0,0,0,False
262668,"",0,0,0,0,0,0,0,True
262669,"",0,0,0,0,0,0,0,True
262670,"",0,0,0,0,0,0,0,True
262671,"Purchase Lalafellin Gear",0,0,0,0,0,0,0,True
262672,"Purchase Roegadyn Gear",0,0,0,0,0,0,0,True
262673,"Purchase Elezen Gear",0,0,0,0,0,0,0,True
262674,"Purchase Hyuran Gear",0,0,0,0,0,0,0,True
262675,"Purchase Miqo'te Gear",0,0,0,0,0,0,0,True
262676,"Purchase Auri Gear",0,0,0,0,0,0,0,True
262677,"Repurchase Paladin Gear",0,0,0,0,0,0,0,True
262678,"Repurchase Warrior Gear",0,0,0,0,0,0,0,True
262679,"Repurchase Dark Knight Gear",0,0,0,0,0,0,0,True
262680,"Repurchase Monk Gear",0,0,0,0,0,0,0,True
262681,"Repurchase Dragoon Gear",0,0,0,0,0,0,0,True
262682,"Repurchase Ninja Gear",0,0,0,0,0,0,0,True
262683,"Repurchase Bard Gear",0,0,0,0,0,0,0,True
262684,"Repurchase Machinist Gear",0,0,0,0,0,0,0,True
262685,"Repurchase Black Mage Gear",0,0,0,0,0,0,0,True
262686,"Repurchase Summoner Gear",0,0,0,0,0,0,0,True
262687,"Repurchase White Mage Gear",0,0,0,0,0,0,0,True
262688,"Repurchase Scholar Gear",0,0,0,0,0,0,0,True
262689,"Repurchase Astrologian Gear",0,0,0,0,0,0,0,True
262690,"Purchase Furnishings (Garden, Orchestrion)",0,0,0,0,0,0,0,True
262691,"Purchase Items",0,0,0,0,0,0,0,True
262692,"Purchase Items",0,66754,0,0,0,0,0,True
262693,"Purchase Items",0,66789,0,0,0,0,0,True
262694,"Purchase Items",0,66857,0,0,0,0,0,True
262695,"Purchase Items",0,66911,0,0,0,0,0,True
262696,"Purchase Items",0,67023,0,0,0,0,0,True
262697,"Purchase Items",0,67701,0,0,0,0,0,True
262698,"Purchase Items",0,67791,0,0,0,0,0,True
262699,"Purchase Items",0,67856,0,0,0,0,0,True
262700,"Purchase Gear (Lv. 1-9)",0,0,0,0,0,0,0,True
262701,"Purchase Gear (Lv. 10-19)",0,0,0,0,0,0,0,True
262702,"Purchase Gear (Lv. 20-29)",0,0,0,0,0,0,0,True
262703,"Purchase Gear (Lv. 30-39)",0,0,0,0,0,0,0,True
262704,"Purchase Gear (Lv. 40-49)",0,0,0,0,0,0,0,True
262705,"Purchase Gear (Lv. 1-9)",0,0,0,0,0,0,0,True
262706,"Purchase Gear (Lv. 10-19)",0,0,0,0,0,0,0,True
262707,"Purchase Gear (Lv. 20-29)",0,0,0,0,0,0,0,True
262708,"Purchase Gear (Lv. 30-39)",0,0,0,0,0,0,0,True
262709,"Purchase Gear (Lv. 40-49)",0,0,0,0,0,0,0,True
262710,"Purchase Gear (Lv. 1-9)",0,0,0,0,0,0,0,True
262711,"Purchase Gear (Lv. 10-19)",0,0,0,0,0,0,0,True
262712,"Purchase Gear (Lv. 20-29)",0,0,0,0,0,0,0,True
262713,"Purchase Gear (Lv. 30-39)",0,0,0,0,0,0,0,True
262714,"Purchase Gear (Lv. 40-49)",0,0,0,0,0,0,0,True
262715,"Purchase Weapons (Lv. 1-9)",0,0,0,0,0,0,0,True
262716,"Purchase Weapons (Lv. 10-19)",0,0,0,0,0,0,0,True
262717,"Purchase Weapons (Lv. 20-29)",0,0,0,0,0,0,0,True
262718,"Purchase Weapons (Lv. 30-39)",0,0,0,0,0,0,0,True
262719,"Purchase Weapons (Lv. 40-49)",0,0,0,0,0,0,0,True
262720,"Purchase Weapons (Lv. 1-9)",0,0,0,0,0,0,0,True
262721,"Purchase Weapons (Lv. 10-19)",0,0,0,0,0,0,0,True
262722,"Purchase Weapons (Lv. 20-29)",0,0,0,0,0,0,0,True
262723,"Purchase Weapons (Lv. 30-39)",0,0,0,0,0,0,0,True
262724,"Purchase Weapons (Lv. 40-49)",0,0,0,0,0,0,0,True
262725,"Purchase Tools (Lv. 1-9)",0,0,0,0,0,0,0,True
262726,"Purchase Tools (Lv. 10-19)",0,0,0,0,0,0,0,True
262727,"Purchase Tools (Lv. 20-29)",0,0,0,0,0,0,0,True
262728,"Purchase Tools (Lv. 30-39)",0,0,0,0,0,0,0,True
262729,"Purchase Tools (Lv. 40-49)",0,0,0,0,0,0,0,True
262730,"Purchase Tools (Lv. 1-9)",0,0,0,0,0,0,0,True
262731,"Purchase Tools (Lv. 10-19)",0,0,0,0,0,0,0,True
262732,"Purchase Tools (Lv. 20-29)",0,0,0,0,0,0,0,True
262733,"Purchase Tools (Lv. 30-39)",0,0,0,0,0,0,0,True
262734,"Purchase Tools (Lv. 40-49)",0,0,0,0,0,0,0,True
262735,"Purchase Battlecraft Accessories",0,0,0,0,0,0,0,True
262736,"Purchase Fieldcraft/Tradecraft Accessories",0,0,0,0,0,0,0,True
262737,"Purchase Gear (Lv. 50)",0,0,0,0,0,0,0,True
262738,"Purchase Gear (Lv. 52)",0,0,0,0,0,0,0,True
262739,"Purchase Gear (Lv. 54)",0,0,0,0,0,0,0,True
262740,"Purchase Gear (Lv. 56)",0,0,0,0,0,0,0,True
262741,"Purchase Gear (Lv. 58)",0,0,0,0,0,0,0,True
262743,"Purchase Gear (Lv. 50)",0,0,0,0,0,0,0,True
262744,"Purchase Gear (Lv. 52)",0,0,0,0,0,0,0,True
262745,"Purchase Gear (Lv. 54)",0,0,0,0,0,0,0,True
262746,"Purchase Gear (Lv. 56)",0,0,0,0,0,0,0,True
262747,"Purchase Gear (Lv. 58)",0,0,0,0,0,0,0,True
262749,"Purchase Gear (Lv. 50-60)",0,0,0,0,0,0,0,True
262750,"Purchase Weapons (Lv. 50)",0,0,0,0,0,0,0,True
262751,"Purchase Weapons (Lv. 52)",0,0,0,0,0,0,0,True
262752,"Purchase Weapons (Lv. 54)",0,0,0,0,0,0,0,True
262753,"Purchase Weapons (Lv. 56)",0,0,0,0,0,0,0,True
262754,"Purchase Weapons (Lv. 58)",0,0,0,0,0,0,0,True
262756,"Purchase Weapons (Lv. 50)",0,0,0,0,0,0,0,True
262757,"Purchase Weapons (Lv. 52)",0,0,0,0,0,0,0,True
262758,"Purchase Weapons (Lv. 54)",0,0,0,0,0,0,0,True
262759,"Purchase Weapons (Lv. 56)",0,0,0,0,0,0,0,True
262760,"Purchase Weapons (Lv. 58)",0,0,0,0,0,0,0,True
262762,"Purchase Tools (Lv. 50-60)",0,0,0,0,0,0,0,True
262763,"Purchase Tools (Lv. 50-60)",0,0,0,0,0,0,0,True
262764,"Purchase Battlecraft Accessories",0,0,0,0,0,0,0,True
262765,"Purchase Fieldcraft/Tradecraft Accessories",0,0,0,0,0,0,0,True
262766,"Purchase Items",0,0,0,0,0,0,0,True
262767,"Purchase Items",0,0,0,0,0,0,0,True
262768,"Purchase Items",0,0,0,0,0,0,0,True
262769,"Purchase Items",0,0,0,0,0,0,0,True
262770,"Purchase Items",0,0,0,0,0,0,0,True
262771,"Purchase Items",0,0,0,0,0,0,0,True
262772,"Purchase Items",0,0,0,0,0,0,0,True
262773,"Purchase Items",0,0,0,0,0,0,0,True
262774,"Purchase Items",0,0,0,0,0,0,0,True
262775,"Purchase Items",0,0,0,0,0,0,0,True
262776,"Purchase Items",0,0,0,0,0,0,0,True
262777,"Purchase Items",0,0,0,0,0,0,0,True
262778,"Purchase Items",0,0,0,0,0,0,0,True
262779,"Purchase Items",0,0,0,0,0,0,0,True
262780,"Purchase Items",0,0,0,0,0,0,0,True
262781,"Purchase Items",0,0,0,0,0,0,0,True
262782,"Purchase Items",0,0,0,0,0,0,0,True
262783,"Purchase Items",0,0,0,0,0,0,0,True
262784,"Purchase Items",0,0,0,0,0,0,0,True
262785,"Purchase Items",0,0,0,0,0,0,0,True
262786,"Purchase Items",0,0,0,0,0,0,0,True
262787,"Purchase Items",0,0,0,0,0,0,0,True
262788,"Purchase Items",0,0,0,0,0,0,0,True
262789,"Purchase Items",0,0,0,0,0,0,0,True
262790,"Purchase Items",0,0,0,0,0,0,0,True
262791,"Purchase Items",0,0,0,0,0,0,0,True
262792,"Purchase Items",0,0,0,0,0,0,0,True
262793,"Purchase Items",0,0,0,0,0,0,0,True
262794,"Purchase Items",0,0,0,0,0,0,0,True
262795,"Purchase Items",0,0,0,0,0,0,0,True
262796,"Purchase Items",0,0,0,0,0,0,0,True
262797,"Purchase Items",0,0,0,0,0,0,0,True
262798,"Purchase Items",0,0,0,0,0,0,0,True
262799,"Purchase Items",0,0,0,0,0,0,0,True
262800,"Purchase Items",0,0,0,0,0,0,0,True
262801,"Purchase Items",0,0,0,0,0,0,0,True
262802,"Purchase Items",0,0,0,0,0,0,0,True
262803,"Purchase Items",0,0,0,0,0,0,0,True
262804,"Purchase Items",0,0,0,0,0,0,0,True
262805,"Purchase Items",0,0,0,0,0,0,0,True
262806,"Purchase Items",0,0,0,0,0,0,0,True
262807,"Purchase Items",0,0,0,0,0,0,0,True
262808,"Purchase Items",0,0,0,0,0,0,0,True
262809,"Purchase Items",0,0,0,0,0,0,0,True
262810,"Purchase Items",0,0,0,0,0,0,0,True
262811,"Purchase Items",0,0,0,0,0,0,0,True
262813,"Purchase Items",0,0,0,0,0,0,0,True
262814,"Purchase Items",0,0,0,0,0,0,0,True
262817,"Purchase Items",0,0,0,0,0,0,0,True
262818,"Purchase Items",0,0,0,0,0,0,0,True
262819,"Purchase Items",0,0,0,0,0,0,0,True
262820,"Purchase Battlecraft Gear (Lv. 60)",0,0,0,0,0,0,0,True
262821,"Purchase Battlecraft Gear (DoW)",0,0,0,0,0,0,0,True
262822,"Purchase Battlecraft Gear (DoW)",0,0,0,0,0,0,0,True
262823,"Purchase Battlecraft Gear (DoW)",0,0,0,0,0,0,0,True
262824,"Purchase Battlecraft Gear (DoW)",0,0,0,0,0,0,0,True
262825,"Purchase Battlecraft Gear (DoW)",0,0,0,0,0,0,0,True
262826,"",0,0,0,0,0,0,0,False
262827,"Purchase Battlecraft Gear (Lv. 60)",0,0,0,0,0,0,0,True
262828,"Purchase Battlecraft Gear (DoM)",0,0,0,0,0,0,0,True
262829,"Purchase Battlecraft Gear (DoM)",0,0,0,0,0,0,0,True
262830,"Purchase Battlecraft Gear (DoM)",0,0,0,0,0,0,0,True
262831,"Purchase Battlecraft Gear (DoM)",0,0,0,0,0,0,0,True
262832,"Purchase Battlecraft Gear (DoM)",0,0,0,0,0,0,0,True
262833,"",0,0,0,0,0,0,0,False
262834,"Purchase Tradecraft Gear",0,0,0,0,0,0,0,True
262835,"Purchase Weapons (Lv. 60)",0,0,0,0,0,0,0,True
262836,"Purchase Weapons",0,0,0,0,0,0,0,True
262837,"Purchase Weapons",0,0,0,0,0,0,0,True
262838,"Purchase Weapons",0,0,0,0,0,0,0,True
262839,"Purchase Weapons",0,0,0,0,0,0,0,True
262840,"Purchase Weapons",0,0,0,0,0,0,0,True
262841,"",0,0,0,0,0,0,0,False
262842,"Purchase Weapons (Lv. 60)",0,0,0,0,0,0,0,True
262843,"Purchase Fieldcraft Gear",0,0,0,0,0,0,0,True
262844,"Purchase Tradecraft Primary Tools",0,0,0,0,0,0,0,True
262845,"Purchase Tradecraft Secondary Tools",0,0,0,0,0,0,0,True
262846,"Purchase Fieldcraft Tools",0,0,0,0,0,0,0,True
262847,"Purchase Battlecraft Accessories",0,0,0,0,0,0,0,True
262848,"Purchase Battlecraft Accessories",0,0,0,0,0,0,0,True
262849,"Purchase Battlecraft Accessories",0,0,0,0,0,0,0,True
262850,"Purchase Battlecraft Accessories",0,0,0,0,0,0,0,True
262851,"Purchase Battlecraft Accessories",0,0,0,0,0,0,0,True
262852,"Purchase Tools",0,0,0,0,0,0,0,True
262853,"Purchase Tools",0,0,0,0,0,0,0,True
262854,"Purchase Tools",0,0,0,0,0,0,0,True
262855,"Purchase Tools",0,0,0,0,0,0,0,True
262856,"Purchase Fieldcraft/Tradecraft Gear",0,0,0,0,0,0,0,True
262857,"Purchase Fieldcraft/Tradecraft Gear",0,0,0,0,0,0,0,True
262858,"Purchase Fieldcraft/Tradecraft Gear",0,0,0,0,0,0,0,True
262859,"Purchase Fieldcraft/Tradecraft Gear",0,0,0,0,0,0,0,True
262860,"Purchase Fieldcraft/Tradecraft Gear",0,0,0,0,0,0,0,True
262861,"Purchase Items",0,0,0,0,0,0,0,True
262862,"Purchase Items",0,0,0,0,0,0,0,True
262863,"Purchase Items",0,0,0,0,0,0,0,True
262864,"Purchase Items",0,0,0,0,0,0,0,True
262865,"Purchase Items",0,0,0,0,0,0,0,True
262866,"Purchase Items",0,0,0,0,0,0,0,True
262867,"Purchase Items",0,0,0,0,0,0,0,True
262868,"Purchase Items",0,0,0,0,0,0,0,True
262869,"Purchase Items",0,0,0,0,0,0,0,True
262870,"Purchase Items",0,0,0,0,0,0,0,True
262871,"Purchase Items",0,0,0,0,0,0,0,True
262872,"Purchase Items",0,0,0,0,0,0,0,True
262873,"Purchase Items",0,0,0,0,0,0,0,True
262874,"Purchase Items",0,0,0,0,0,0,0,True
262875,"Purchase Items",0,0,0,0,0,0,0,True
262876,"Purchase Items",0,0,0,0,0,0,0,True
262877,"Purchase Items",0,0,0,0,0,0,0,True
262878,"Purchase Items",0,0,0,0,0,0,0,True
262879,"Purchase Items",0,0,0,0,0,0,0,True
262880,"Purchase Items",0,0,0,0,0,0,0,True
262881,"Purchase Items",0,0,0,0,0,0,0,True
262882,"Purchase Items",0,0,0,0,0,0,0,True
262883,"Purchase Items",0,0,0,0,0,0,0,True
262884,"Purchase Items",0,0,0,0,0,0,0,True
262885,"Purchase Items",0,0,0,0,0,0,0,True
262886,"Purchase Items",0,0,0,0,0,0,0,True
262887,"Purchase Items",0,0,0,0,0,0,0,True
262888,"Purchase Items",0,0,0,0,0,0,0,True
262889,"Purchase Items",0,0,0,0,0,0,0,True
262890,"Purchase Items",0,0,0,0,0,0,0,True
262891,"Purchase Items",0,0,0,0,0,0,0,True
262892,"Purchase Paintings (Gyr Abania)",0,68456,0,0,0,0,0,True
262893,"Purchase Paintings (Othard)",0,68456,0,0,0,0,0,True
262894,"Purchase Seasonal Event Rewards",0,0,0,0,0,0,0,True
262895,"Purchase Seasonal Event Rewards",0,0,0,0,0,0,0,True
262896,"Purchase Lv. 70 Arms ",0,0,0,0,0,0,0,True
262897,"Purchase Lv. 70 Gear (DoW) I",0,0,0,0,0,0,0,True
262898,"Purchase Lv. 70 Gear (DoW) II",0,0,0,0,0,0,0,True
262899,"Purchase Lv. 70 Gear (DoM) ",0,0,0,0,0,0,0,True
262900,"Replicate Anima Lux Weapons",0,67940,0,0,0,0,0,True
262901,"Purchase Glamouring Items",0,68554,0,0,0,0,0,True
262902,"Purchase Items",0,0,0,0,0,0,0,True
262903,"",0,0,0,0,0,0,0,False
262904,"",0,0,0,0,0,0,0,False
262905,"",0,0,0,0,0,0,0,False
262906,"Purchase Paintings (Dravania)",0,67643,0,0,0,0,0,True
262907,"Purchase Paintings (Abalathia's Spine)",0,67643,0,0,0,0,0,True
262908,"",0,0,0,0,0,0,0,False
262909,"",0,0,0,0,0,0,0,False
262910,"",0,0,0,0,0,0,0,False
