﻿key,0,1,2,3,4,5,6,7,8,9,10,11,12
#,ModelKey,HousingItemCategory,UsageType,UsageParameter,HousingLayoutLimit,Event,Item,DestroyOnRemoval,,,,,
int32,byte,HousingItemCategory,byte,uint32,HousingLayoutLimit,uint32,Item,bit&01,bit&02,bit&04,byte,byte,byte
131072,0,,0,0,,0,"",False,False,True,0,0,0
131073,1,,0,0,,0,"Amalj'aa Supply Carriage",False,False,True,0,0,0
131074,2,,0,0,,0,"Shroud Broadleaf",False,False,True,0,0,0
131075,3,,0,0,,0,"Unbreakable Rock",False,False,True,0,0,0
131076,4,,0,0,,720898,"Moogle Letter Box",False,False,True,0,0,0
131077,5,,0,0,,0,"Campfire",False,False,True,0,0,0
131078,6,,0,0,,0,"Linen Parasol",False,False,True,0,0,0
131079,7,,0,0,,0,"Lotus Parasol",False,False,True,0,0,0
131080,8,,0,0,,0,"Walnut Table",False,False,True,0,0,0
131081,9,,0,0,,0,"Mythril Table",False,False,True,0,0,0
131082,10,,0,0,,0,"Brass Bench",False,False,True,0,0,0
131083,11,,0,0,,0,"Oaken Bench",False,False,True,0,0,0
131084,12,,0,0,,0,"Savage Arc of Triumph",False,False,True,0,0,0
131085,13,,0,0,,0,"Half Barrel Planter",False,False,True,0,0,0
131086,14,,0,0,,0,"Low Barrel Planter",False,False,True,0,0,0
131087,15,,0,0,,0,"Island Palm",False,False,True,0,0,0
131088,16,,0,0,,0,"Desert Ironwood",False,False,True,0,0,0
131089,17,,0,0,,0,"Mossy Rock",False,False,True,0,0,0
131090,18,,0,0,,0,"Riviera Lamppost",False,False,True,0,0,0
131091,19,,0,0,,0,"Crofter's Wain",False,False,True,0,0,0
131092,20,,0,0,,0,"Amalj'aa Pavis Shield",False,False,True,0,0,0
131093,21,,0,0,,0,"Stump Stool",False,False,True,0,0,0
131094,22,,0,0,,0,"Miniature Aetheryte",True,False,False,0,1,1
131095,23,,0,0,,0,"Firewood",False,False,True,0,0,0
131096,24,,0,0,,0,"Sylphic Lamp Tree",False,False,True,0,0,0
131097,25,,0,0,,0,"Sylphic Lamppost",False,False,True,0,0,0
131098,26,,0,0,,721037,"Cragsoul Lamp",False,False,True,0,0,0
131099,27,,0,0,,0,"Blue Coral Formation",False,False,True,0,0,0
131100,28,,0,0,,721037,"Titanic Cragsoul Lamp",False,False,True,0,0,0
131101,29,,0,0,,0,"Wavesoul Fount",False,False,True,0,0,0
131102,30,,0,0,,721037,"Tidal Wavesoul Fount",False,False,True,0,0,0
131103,31,,0,0,,0,"Dark Divinity Falleth",False,False,True,0,0,0
131104,32,,0,0,,0,"Bertha Cannon",False,False,True,0,0,0
131105,33,,0,0,,0,"Cannonballs",False,False,True,0,0,0
131106,34,,0,0,,721037,"Stone Vigil Beacon",False,False,True,0,0,0
131107,35,,0,0,,0,"Bloodblossoms",False,False,True,0,0,0
131108,36,,0,0,,0,"Death's Fingers",False,False,True,0,0,0
131109,37,,0,0,,0,"Turnkey's Cups",False,False,True,0,0,0
131110,38,,0,0,,0,"Pyrepods",False,False,True,0,0,0
131111,39,,0,0,,0,"Ghostmaws",False,False,True,0,0,0
131112,40,,0,0,,721037,"Amdapori Beacon",False,False,True,0,0,0
131113,41,,0,0,,720898,"Regal Letter Box",False,False,True,0,0,0
131114,42,,0,0,,0,"Carbuncle Garden Table",False,False,True,0,0,0
131115,43,,0,0,,0,"Carbuncle Garden Bench",False,False,True,0,0,0
131116,44,,14,0,,0,"Riviera Striking Dummy",False,False,True,0,0,0
131117,45,,14,0,,0,"Oasis Striking Dummy",False,False,True,0,0,0
131118,46,,14,0,,0,"Glade Striking Dummy",False,False,True,0,0,0
131119,47,,14,0,,0,"Alps Striking Dummy",False,False,True,0,0,0
131120,48,,0,0,,0,"Sahagin Living Lamp",False,False,True,0,0,0
131121,49,,0,0,,0,"Sahagin Hanging Larder",False,False,True,0,0,0
131122,50,,0,0,,0,"Ixali Shelter",False,False,True,0,0,0
131123,51,,0,0,,0,"Ixali Banner",False,False,True,0,0,0
131124,52,,0,0,,0,"Automaton Digger",False,False,True,0,0,0
131125,53,,0,0,,0,"Kobold Furnace",False,False,True,0,0,0
131126,54,,0,0,,0,"Round Garden Patch",False,False,True,0,0,0
131127,55,,0,0,,0,"Oblong Garden Patch",False,False,True,0,0,0
131128,56,,0,0,,0,"Deluxe Garden Patch",False,False,True,0,0,0
131129,57,,5,0,,721097,"Chocobo Stable",True,False,False,0,1,1
131130,58,,0,0,,0,"Moonfire Lantern",False,False,True,0,0,0
131131,59,,0,0,,0,"Ornamental Bamboo",False,False,True,0,0,0
131132,60,,0,0,,0,"Rounded Shrub"{{{STRING}}},False,False,True,0,0,0
131133,61,,0,0,,0,"Lattice Planter",False,False,True,0,0,0
131134,62,,0,0,,0,"Water Lilies",False,False,True,0,0,0
131135,63,,0,0,,0,"Garden Pond",False,False,True,0,0,0
131136,64,,0,0,,0,"Cast-iron Cookpot",False,False,True,0,0,0
131137,65,,0,0,,0,"Stepladder",False,False,True,0,0,0
131138,66,,0,0,,0,"Straight Stepping Stones",False,False,True,0,0,0
131139,67,,0,0,,0,"Curved Stepping Stones",False,False,True,0,0,0
131140,68,,0,0,,0,"Straight Stepping Stumps",False,False,True,0,0,0
131141,69,,0,0,,0,"Curved Stepping Stumps",False,False,True,0,0,0
131142,70,,0,0,,0,"Planter Box",False,False,True,0,0,0
131143,71,,0,0,,0,"Wooden Bucket",False,False,True,0,0,0
131144,72,,0,0,,0,"Pumpkin Candlestand",False,False,True,0,0,0
131145,73,,0,0,,0,"Kadomatsu",False,False,True,0,0,0
131146,74,,0,0,,852752,"Star-topped Starlight Sentinel",False,True,True,0,0,0
131147,75,,0,0,,0,"Large Planter Box",False,False,True,0,0,0
131148,76,,0,0,,0,"Riviera Path Light",False,False,True,0,0,0
131149,77,,0,0,,0,"Glade Path Light",False,False,True,0,0,0
131150,78,,0,0,,0,"Oasis Path Light",False,False,True,0,0,0
131151,79,,0,0,,0,"Glade Lamppost",False,False,True,0,0,0
131152,80,,0,0,,0,"Oasis Lamppost",False,False,True,0,0,0
131153,81,,0,0,,852753,"Moon-topped Starlight Sentinel",False,True,True,0,0,0
131154,82,,0,0,,852754,"Sun-topped Starlight Sentinel",False,True,True,0,0,0
131155,83,,0,0,,0,"Snowman",False,False,True,0,0,0
131156,84,,0,0,,0,"Empty Gift Boxes",False,False,True,0,0,0
131157,85,,0,0,,0,"Dried Well",False,False,True,0,0,0
131158,86,,13,0,,0,"Oriental Striking Dummy",False,False,True,0,0,0
131159,87,,0,0,,0,"Eastern Cherry Tree",False,False,True,0,0,0
131160,88,,0,0,,0,"Crimson Felt Mat",False,False,True,0,0,0
131161,89,,0,0,,0,"Flame of Passion",False,False,True,0,0,0
131162,90,,0,0,,0,"Wild Banana Tree",False,False,True,0,0,0
131163,91,,0,0,,0,"Personal Astroscope",False,False,True,0,0,0
131164,92,,0,0,,0,"Riviera Garden Table Set",False,False,True,0,0,0
131165,93,,0,0,,0,"Dodo's Nest",False,False,True,0,0,0
131166,94,,0,0,,0,"Topiary Moogle",False,False,True,0,0,0
131167,95,,0,0,,0,"Topiary Chocobo",False,False,True,0,0,0
131168,96,,0,0,,0,"Topiary Sabotender",False,False,True,0,0,0
131169,97,,0,0,,0,"Standing Signboard",False,False,True,0,0,0
131170,98,,0,0,,0,"Laundry Pole",False,False,True,0,0,0
131172,100,,0,0,,0,"Deluxe Moonfire Lantern",False,False,True,3,0,0
131173,101,,0,0,,0,"Deluxe Ornamental Bamboo",False,False,True,3,0,0
131174,102,,0,0,,0,"Deluxe Wooden Bucket",False,False,True,3,0,0
131175,103,,0,0,,0,"Ultimate Kettle",False,False,True,5,0,0
131176,104,,0,0,,0,"Ultimate Kettle Zenith",False,False,True,5,0,0
131177,105,,0,0,,0,"Ultimate Kettle Nexus",False,False,True,5,0,0
131178,106,,0,0,,0,"Retainer Cartonnier",False,False,True,0,0,0
131179,107,,0,0,,0,"Retainer Counter",False,False,True,0,0,0
131180,108,,6,0,,0,"Expansion of Duties Permit",False,False,True,0,3,10
131181,109,,0,0,,721037,"Jumbo Star-topped Starlight Sentinel",False,False,True,3,0,0
131182,110,,0,0,,721037,"Jumbo Moon-topped Starlight Sentinel",False,False,True,3,0,0
131183,111,,0,0,,721037,"Jumbo Sun-topped Starlight Sentinel",False,False,True,3,0,0
131184,112,,0,0,,0,"Eastern Cherry Petal Pile",False,False,True,5,0,0
131185,113,,0,0,,0,"Expanse Fountain",False,False,True,0,0,0
131186,114,,0,0,,0,"Boundless Expanse Fountain",False,False,True,0,0,0
131187,115,,0,0,,0,"Sephirot Root",False,False,True,0,0,0
131188,116,,0,0,,0,"Sephirot Tree",False,False,True,0,0,0
131189,117,,0,0,,0,"Lupin Plot",False,False,True,0,0,0
131190,118,,0,0,,0,"Explorer's Campfire",False,False,True,0,0,0
131191,119,,0,0,,0,"Archon Egg Tower",False,False,True,0,0,0
131192,120,,15,0,,0,"Old World Striking Dummy",False,False,True,0,0,0
131193,121,,0,0,,0,"Sunflower Plot",False,False,True,0,0,0
131194,122,,0,0,,0,"Oriental Grass Plot",False,False,True,0,0,0
131195,123,,0,0,,0,"Dravanian Down Tree",False,False,True,0,0,0
131196,124,,0,0,,0,"Dinosaur Skull",False,False,True,0,0,0
131197,125,,0,0,,0,"Dinosaur Skeleton",False,False,True,0,0,0
131198,126,,0,0,,0,"Dinosaur Tailbone",False,False,True,0,0,0
131199,127,,0,0,,0,"Dandelion Plot",False,False,True,0,0,0
131200,128,,0,0,,0,"Living Arch",False,False,True,0,0,0
131201,129,,0,0,,0,"Shishi-odoshi",False,False,True,0,0,0
131204,132,,0,0,,721037,"Cold Knight's Cookfire",False,False,True,0,0,0
131205,133,,0,0,,0,"Oriental Snowcave",False,False,True,0,0,0
131206,134,,15,0,,0,"Faust Striking Dummy",False,False,True,0,0,0
131207,135,,0,0,,0,"Gnathic Lamp Tree",False,False,True,5,0,0
131208,136,,0,0,,0,"Beach Chair",False,False,True,0,0,0
131209,137,,0,0,,0,"Morning Glory Plot",False,False,True,0,0,0
131210,138,,0,0,,0,"Large Garden Pond",False,False,True,0,0,0
131211,139,,0,0,,0,"Oriental Wood Bridge",False,False,True,0,0,0
131212,140,,0,0,,0,"Oriental Deck",False,False,True,0,0,0
131214,142,,0,0,,721037,"Firefly Lamp",False,False,True,5,0,0
131215,143,,0,0,,0,"Autumnal Maple Tree",False,False,True,0,0,0
131216,144,,0,0,,0,"Autumnal Ginkgo Tree",False,False,True,0,0,0
131217,145,,0,0,,0,"Maple Leaf Pile",False,False,True,0,0,0
131218,146,,0,0,,0,"Snow Drift",False,False,True,5,0,0
131219,147,,0,0,,0,"Rising Pillar",False,False,True,5,0,0
131220,148,,0,0,,0,"Topiary Paissa",False,False,True,0,0,0
131221,149,,0,0,,0,"Moongrass Plot",False,False,True,0,0,0
131222,150,,0,0,,0,"Ginkgo Leaf Pile",False,False,True,0,0,0
131223,151,,5,0,,721097,"Riviera Chocobo Stable",True,False,False,0,1,1
131224,152,,5,0,,721097,"Glade Chocobo Stable",True,False,False,0,1,1
131225,153,,5,0,,721097,"Oasis Chocobo Stable",True,False,False,0,1,1
131226,154,,0,0,,0,"Firecrest Trophy",False,False,True,5,0,0
131227,155,,0,0,,0,"Glass Pumpkin Trophy",False,False,True,5,0,0
131228,72,,0,0,,0,"Deluxe Pumpkin Candlestand",False,False,True,3,0,0
131229,89,,0,0,,0,"Authentic Flame of Passion",False,False,True,3,0,0
131230,87,,0,0,,0,"Authentic Eastern Cherry Tree",False,False,True,3,0,0
131231,88,,0,0,,0,"Authentic Felt Mat",False,False,True,3,0,0
131232,83,,0,0,,0,"Jumbo Snowman",False,False,True,3,0,0
131233,84,,0,0,,0,"Empty Present Boxes",False,False,True,3,0,0
131234,73,,0,0,,0,"Jumbo Kadomatsu",False,False,True,3,0,0
131235,119,,0,0,,0,"Authentic Archon Egg Tower",False,False,True,3,0,0
131236,156,,5,0,,721097,"Oriental Chocobo Stable",True,False,False,0,1,1
131237,157,,0,0,,0,"Eastern Pine",False,False,True,0,0,0
131238,158,,0,0,,0,"Eastern Teahouse Bench",False,False,True,0,0,0
131239,159,,0,0,,0,"Topiary Carbuncle",False,False,True,0,0,0
131240,160,,0,0,,0,"Moai Statue",False,False,True,0,0,0
131241,161,,0,0,,0,"Dataqi Standard",False,False,True,0,0,0
131242,162,,17,0,,0,"Gyr Abanian Striking Dummy",False,False,True,0,0,0
131243,142,,0,0,,721037,"Limited Edition Firefly Lamp",False,False,True,3,0,0
131244,147,,0,0,,0,"Limited Edition Rising Pillar",False,False,True,3,0,0
131246,164,,0,0,,0,"Far Eastern Willow",False,False,True,0,0,0
131247,165,,0,0,,0,"Toro Lantern",False,False,True,0,0,0
131248,146,,0,0,,0,"Handmade Snow Drift",False,False,True,3,0,0
