﻿key,0,1,2,3,4,5,6,7,8,9,10,11
#,ModelKey,HousingItemCategory,UsageType,UsageParameter,HousingLayoutLimit,Event,Item,DestroyOnRemoval,,,,
int32,uint16,HousingItemCategory,byte,uint32,HousingLayoutLimit,uint32,Item,bit&01,bit&02,byte,byte,byte
196608,0,,0,0,,0,"",False,False,0,0,0
196609,1,,0,0,,0,"Riviera Round Table",False,False,0,0,0
196610,2,,0,0,,0,"Oasis Round Table",False,False,0,0,0
196611,3,,0,0,,0,"Glade Round Table",False,False,0,0,0
196612,4,,0,0,,0,"Riviera Chair",False,False,0,0,0
196613,5,,0,0,,0,"Oasis Chair",False,False,0,0,0
196614,6,,0,0,,0,"Glade Chair",False,False,0,0,0
196615,7,,0,0,,0,"Ash Cabinet",False,False,0,0,0
196616,8,,0,0,,0,"Walnut Dining Table",False,False,0,0,0
196617,9,,0,0,,0,"Walnut Cartonnier",False,False,0,0,0
196619,11,,0,0,,0,"Brass Pricket",False,False,0,0,0
196620,12,,0,0,,0,"Twin Adder Banner",False,False,0,0,0
196621,13,,0,0,,0,"Glade Bench",False,False,0,0,0
196622,14,,0,0,,0,"Lominsan Cityscape",False,False,0,0,0
196623,15,,0,0,,0,"Oasis Bed",False,False,0,0,0
196624,16,,0,0,,0,"Terracotta Pot",False,False,0,0,0
196625,17,,0,0,,0,"Potted Maguey",False,False,0,0,0
196626,18,,0,0,,0,"Riviera Bed",False,False,0,0,0
196627,19,,0,0,,720995,"Company Chest",False,True,0,0,0
196628,20,,0,0,,0,"Maelstrom Banner",False,False,0,0,0
196629,21,,0,0,,0,"Immortal Flames Banner",False,False,0,0,0
196630,22,,0,0,,720906,"Summoning Bell",False,False,0,0,0
196631,23,,4,8,,721048,"Woodworking Bench",False,False,0,0,0
196632,24,,4,9,,721048,"Smithing Bench",False,False,0,0,0
196633,25,,0,0,,0,"Riviera Fringed Rug",False,False,0,0,0
196634,26,,0,0,,0,"Riviera Oval Rug",False,False,0,0,0
196635,27,,0,0,,0,"Sheep Rug",False,False,0,0,0
196636,28,,0,0,,0,"Riviera Pillar",False,False,0,0,0
196637,29,,0,0,,0,"Riviera Partition",False,False,0,0,0
196638,30,,0,0,,0,"Eorzean Map",False,False,0,0,0
196639,31,,0,0,,0,"Ink & Quill",False,False,0,0,0
196640,32,,0,0,,0,"Galleass Wheel",False,False,0,0,0
196641,33,,0,0,,0,"Glade Cartonnier",False,False,0,0,0
196642,34,,0,0,,0,"Glade Sideboard",False,False,0,0,0
196643,35,,0,0,,0,"Glade Drawer Table",False,False,0,0,0
196644,36,,0,0,,0,"Oasis Stall",False,False,0,0,0
196645,37,,4,10,,721048,"Armorcraft Forge",False,False,0,0,0
196646,38,,4,11,,721048,"Goldsmithing Bench",False,False,0,0,0
196647,39,,4,12,,721048,"Leatherworking Bench",False,False,0,0,0
196648,40,,0,0,,0,"Oasis Rug",False,False,0,0,0
196649,41,,0,0,,0,"Oasis Argyle Rug",False,False,0,0,0
196650,42,,0,0,,0,"Oasis Leaf Rug",False,False,0,0,0
196651,43,,4,13,,721048,"Clothcraft Loom",False,False,0,0,0
196652,44,,4,14,,721048,"Alchemy Furnace",False,False,0,0,0
196653,45,,4,15,,721048,"Cooking Stove",False,False,0,0,0
196654,46,,0,0,,0,"Glade Rug",False,False,0,0,0
196655,47,,0,0,,0,"Glade Fringed Rug",False,False,0,0,0
196656,48,,0,0,,0,"Glade Blossom Rug",False,False,0,0,0
196657,49,,0,0,,0,"Riviera Bathtub"{{{STRING}}},False,False,0,0,0
196658,50,,0,0,,0,"Oasis Bathtub"{{{STRING}}},False,False,0,0,0
196659,51,,0,0,,0,"Glade Bathtub"{{{STRING}}},False,False,0,0,0
196660,52,,0,0,,0,"Inferno Wall Lamp",False,False,0,0,0
196661,53,,0,0,,0,"Vortex Couch",False,False,0,0,0
196662,54,,0,0,,0,"Oasis Pillar",False,False,0,0,0
196663,55,,0,0,,0,"Oasis Partition",False,False,0,0,0
196664,56,,0,0,,0,"Glade Pillar",False,False,0,0,0
196665,57,,0,0,,0,"Glade Partition",False,False,0,0,0
196666,58,,0,0,,0,"Goobbue Rug",False,False,0,0,0
196667,59,,0,0,,0,"Moogle Rug",False,False,0,0,0
196668,60,,0,0,,0,"Blazing Inferno Wall Lamp",False,False,0,0,0
196669,61,,0,0,,0,"Raging Vortex Couch",False,False,0,0,0
196670,62,,0,0,,0,"Riviera Bench",False,False,0,0,0
196671,63,,0,0,,0,"Glade Couch",False,False,0,0,0
196672,64,,0,0,,0,"Mahogany Screen",False,False,0,0,0
196673,65,,0,0,,0,"Astroscope",False,False,0,0,0
196674,66,,0,0,,0,"Weighing Scale",False,False,0,0,0
196675,67,,0,0,,0,"Riviera Dining Table",False,False,0,0,0
196676,68,,0,0,,0,"Manor Stool",False,False,0,0,0
196677,69,,0,0,,0,"Manor Flower Stand",False,False,0,0,0
196678,70,,0,0,,0,"Demon Wall Sculpture",False,False,0,0,0
196679,71,,0,0,,0,"Vodoriga Sculpture",False,False,0,0,0
196680,72,,0,0,,0,"Deluxe Manor Fireplace",False,False,0,0,0
196681,73,,0,0,,0,"Manor Fireplace",False,False,0,0,0
196682,74,,0,0,,0,"Gargoyle Sculpture",False,False,0,0,0
196683,75,,0,0,,0,"Manor Wardrobe",False,False,0,0,0
196684,76,,0,0,,0,"Manor Desk",False,False,0,0,0
196685,77,,0,0,,0,"Manor Highback Chair",False,False,0,0,0
196686,78,,0,0,,0,"Manor Table",False,False,0,0,0
196687,79,,0,0,,0,"Manor Couch",False,False,0,0,0
196688,80,,0,0,,0,"Manor Bookshelf",False,False,0,0,0
196689,81,,0,0,,0,"Manor Cupboard",False,False,0,0,0
196690,82,,0,0,,0,"Manor Candelabra",False,False,0,0,0
196691,83,,0,0,,0,"Riviera Lantern",False,False,0,0,0
196692,84,,0,0,,0,"Glade Lantern",False,False,0,0,0
196693,85,,0,0,,0,"Oasis Lantern",False,False,0,0,0
196694,86,,0,0,,0,"Ahriman Round Table",False,False,0,0,0
196695,87,,0,0,,0,"Ahriman Sideboard",False,False,0,0,0
196696,88,,0,0,,0,"Ahriman Chair",False,False,0,0,0
196697,89,,0,0,,0,"Ahriman Bookshelf",False,False,0,0,0
196698,90,,0,0,,0,"Ahriman Cupboard",False,False,0,0,0
196699,91,,0,0,,0,"Ahriman Screen",False,False,0,0,0
196700,92,,0,0,,0,"Ahriman Flower Vase",False,False,0,0,0
196701,93,,0,0,,0,"Ahriman Chronometer",False,False,0,0,0
196702,94,,0,0,,0,"Sylphic Table",False,False,0,0,0
196703,95,,0,0,,0,"Sylphic Dining Table",False,False,0,0,0
196704,96,,0,0,,0,"Sylphic Counter",False,False,0,0,0
196705,97,,0,0,,0,"Sylphic Chair",False,False,0,0,0
196706,98,,0,0,,0,"Sylphic Bookshelf",False,False,0,0,0
196707,99,,0,0,,0,"Sylphic Cupboard",False,False,0,0,0
196708,100,,0,0,,0,"Sylphic Screen",False,False,0,0,0
196709,101,,0,0,,0,"Sylphic Flower Vase",False,False,0,0,0
196710,102,,0,0,,0,"Sylphic Wall Lantern",False,False,0,0,0
196711,103,,0,0,,0,"Knight Captain's Desk",False,False,0,0,0
196712,104,,0,0,,0,"Knight Captain's Chair",False,False,0,0,0
196713,105,,0,0,,0,"Nymian Wall Lantern",False,False,0,0,0
196714,106,,0,0,,0,"Amdapori Wall Lantern",False,False,0,0,0
196715,107,,0,0,,0,"Magitek Reaper Miniature",False,False,0,0,0
196716,108,,0,0,,0,"Belah'dian Crystal Lantern",False,False,0,0,0
196717,109,,0,0,,0,"Stuffed Moogle",False,False,0,0,0
196718,110,,0,0,,0,"Stuffed Chocobo",False,False,0,0,0
196719,111,,0,0,,0,"Drinking Apkallu",False,False,0,0,0
196720,112,,0,0,,721037,"Tonberry Floor Lamp",False,False,0,0,0
196721,113,,0,0,,721037,"Mandragora Floor Lamp",False,False,0,0,0
196722,114,,0,0,,721037,"Amigo Cactus Floor Lamp",False,False,0,0,0
196723,115,,0,0,,0,"Llymlaen's Embrace",False,False,0,0,0
196724,116,,0,0,,0,"Riviera Table Chronometer",False,False,0,0,0
196725,117,,0,0,,0,"Storm Storage Bench",False,False,0,0,0
196726,118,,0,0,,0,"Storm Armoire",False,False,0,0,0
196727,119,,0,0,,0,"Storm Desk",False,False,0,0,0
196728,120,,0,0,,0,"Storm Strongbox",False,False,0,0,0
196729,121,,0,0,,0,"Storm Utility Cot",False,False,0,0,0
196730,122,,0,0,,0,"Glade Wall Chronometer",False,False,0,0,0
196731,123,,0,0,,0,"Flame Storage Bench",False,False,0,0,0
196732,124,,0,0,,0,"Flame Armoire",False,False,0,0,0
196733,125,,0,0,,0,"Flame Desk",False,False,0,0,0
196734,126,,0,0,,0,"Flame Strongbox",False,False,0,0,0
196735,127,,0,0,,0,"Flame Utility Cot",False,False,0,0,0
196736,128,,0,0,,0,"Tonberry Round Table",False,False,0,0,0
196737,129,,0,0,,0,"Serpent Storage Bench",False,False,0,0,0
196738,130,,0,0,,0,"Serpent Armoire",False,False,0,0,0
196739,131,,0,0,,0,"Serpent Desk",False,False,0,0,0
196740,132,,0,0,,0,"Serpent Strongbox",False,False,0,0,0
196741,133,,0,0,,0,"Serpent Utility Cot",False,False,0,0,0
196742,134,,0,0,,0,"Tonberry Dining Table",False,False,0,0,0
196743,135,,0,0,,0,"Morbol Rug",False,False,0,0,0
196744,136,,0,0,,0,"Morbol Bookshelf",False,False,0,0,0
196745,137,,0,0,,0,"Morbol Chair",False,False,0,0,0
196746,138,,0,0,,0,"Morbol Screen",False,False,0,0,0
196747,139,,0,0,,0,"Riviera Rug",False,False,0,0,0
196748,140,,0,0,,0,"Diagnostics Module",False,False,0,0,0
196749,141,,0,0,,0,"Seating Module",False,False,0,0,0
196750,142,,0,0,,0,"Tonberry Armchair",False,False,0,0,0
196751,143,,0,0,,0,"Riviera Flower Vase",False,False,0,0,0
196752,144,,0,0,,0,"Oasis Flower Vase",False,False,0,0,0
196753,145,,0,0,,0,"Glade Flower Vase",False,False,0,0,0
196754,146,,0,0,,0,"Riviera Floor Lamp",False,False,0,0,0
196755,147,,0,0,,0,"Oasis Floor Lamp",False,False,0,0,0
196756,148,,0,0,,0,"Glade Floor Lamp",False,False,0,0,0
196757,149,,0,0,,0,"Potted Axilflower",False,False,0,0,0
196758,150,,0,0,,0,"Potted Spider Plant",False,False,0,0,0
196759,151,,0,0,,0,"Potted Azalea",False,False,0,0,0
196760,152,,0,0,,0,"Ul'dahn Cityscape",False,False,0,0,0
196761,153,,0,0,,0,"Gridanian Cityscape",False,False,0,0,0
196762,154,,0,0,,0,"Glade Wardrobe",False,False,0,0,0
196763,155,,0,0,,0,"Riviera Armchair",False,False,0,0,0
196764,156,,0,0,,0,"Oasis Armchair",False,False,0,0,0
196765,157,,0,0,,0,"Glade Armchair",False,False,0,0,0
196766,158,,0,0,,0,"Riviera Couch",False,False,0,0,0
196767,159,,0,0,,0,"Oasis Couch",False,False,0,0,0
196768,160,,0,0,,0,"Glade Bed",False,False,0,0,0
196769,161,,0,0,,0,"Oasis Bench",False,False,0,0,0
196770,162,,0,0,,0,"Oasis Wardrobe",False,False,0,0,0
196771,163,,0,0,,0,"Riviera Wardrobe",False,False,0,0,0
196772,164,,0,0,,0,"Riviera Stall",False,False,0,0,0
196773,165,,0,0,,0,"Glade Stall",False,False,0,0,0
196774,166,,0,0,,0,"Riviera Counter",False,False,0,0,0
196775,167,,0,0,,0,"Oasis Counter",False,False,0,0,0
196776,168,,0,0,,0,"Glade Counter",False,False,0,0,0
196777,169,,0,0,,0,"Riviera Table",False,False,0,0,0
196778,170,,0,0,,0,"Oasis Table",False,False,0,0,0
196779,171,,0,0,,0,"Glade Table",False,False,0,0,0
196780,172,,0,0,,0,"Oasis Dining Table",False,False,0,0,0
196781,173,,0,0,,0,"Glade Dining Table",False,False,0,0,0
196782,174,,0,0,,0,"Riviera Desk",False,False,0,0,0
196783,175,,0,0,,0,"Oasis Desk",False,False,0,0,0
196784,176,,0,0,,0,"Glade Desk",False,False,0,0,0
196785,177,,0,0,,0,"Riviera Bookshelf",False,False,0,0,0
196786,178,,0,0,,0,"Oasis Bookshelf",False,False,0,0,0
196787,179,,0,0,,0,"Glade Bookshelf",False,False,0,0,0
196788,180,,0,0,,0,"Riviera Cupboard",False,False,0,0,0
196789,181,,0,0,,0,"Oasis Cupboard",False,False,0,0,0
196790,182,,0,0,,0,"Glade Cupboard",False,False,0,0,0
196791,183,,0,0,,0,"Table Chronometer",False,False,0,0,0
196792,184,,0,0,,0,"Gemscope",False,False,0,0,0
196793,185,,0,0,,0,"Wall Chronometer",False,False,0,0,0
196794,186,,0,0,,0,"Behemoth Wall Trophy",False,False,0,0,0
196795,187,,0,0,,0,"Tonberry Couch",False,False,0,0,0
196796,188,,0,0,,0,"Tonberry Bookshelf",False,False,0,0,0
196797,189,,0,0,,0,"Tonberry Bed",False,False,0,0,0
196798,190,,0,0,,0,"Tonberry Screen",False,False,0,0,0
196799,191,,0,0,,0,"Tonberry Wall Lantern",False,False,0,0,0
196800,192,,0,0,,0,"Tonberry Oval Rug",False,False,0,0,0
196801,193,,0,0,,0,"Lalafellin Step Stool",False,False,0,0,0
196802,194,,0,0,,0,"Stuffed Ahriman",False,False,0,0,0
196803,195,,0,0,,0,"Ahriman Vase",False,False,0,0,0
196804,196,,0,0,,0,"Carbuncle Round Table",False,False,0,0,0
196805,197,,0,0,,0,"Carbuncle Armchair",False,False,0,0,0
196806,198,,0,0,,0,"Carbuncle Desk",False,False,0,0,0
196807,199,,0,0,,0,"Carbuncle Chair",False,False,0,0,0
196808,200,,0,0,,0,"Carbuncle Wardrobe",False,False,0,0,0
196809,201,,0,0,,0,"Carbuncle Rug",False,False,0,0,0
196810,202,,0,0,,0,"Carbuncle Chronometer",False,False,0,0,0
196811,203,,0,0,,0,"Carbuncle Lantern",False,False,0,0,0
196812,204,,0,0,,0,"Admiral Portrait",False,False,0,0,0
196813,205,,0,0,,0,"Sultana and Flame General Portrait",False,False,0,0,0
196814,206,,0,0,,0,"Elder Seedseer Portrait",False,False,0,0,0
196815,207,,10,0,,721226,"Orchestrion",False,False,0,0,0
196816,208,,0,0,,0,"Looming Tonberry Screen",False,False,0,0,0
196817,209,,0,0,,0,"Tonberry Square Rug",False,False,0,0,0
196818,210,,8,1,,721112,"Level 1 Aetherial Wheel Stand",False,False,0,0,0
196819,211,,0,0,,721037,"Projection Module",False,False,0,0,0
196820,212,,12,2,,721272,"Grade 1 Picture Frame",False,False,0,7,14
196821,213,,12,2,,721272,"Grade 2 Picture Frame",False,False,0,7,14
196822,214,,12,2,,721272,"Grade 3 Picture Frame",False,False,0,7,14
196827,219,,7,22,,721109,"High House Supper Set",True,False,9,4,11
196828,220,,12,1,,721232,"Riviera Vase",False,False,0,5,12
196829,221,,12,1,,721232,"Oasis Vase",False,False,0,5,12
196830,222,,12,1,,721232,"Glade Vase",False,False,0,5,12
196831,223,,0,0,,0,"Season One Pack Wolf Trophy",False,False,5,0,0
196832,224,,0,0,,721037,"Purification Module",False,False,0,0,0
196833,225,,8,2,,721112,"Level 2 Aetherial Wheel Stand",False,False,0,0,0
196834,226,,8,3,,721112,"Level 3 Aetherial Wheel Stand",False,False,0,0,0
196835,227,,8,4,,721112,"Level 4 Aetherial Wheel Stand",False,False,0,0,0
196836,228,,8,5,,721112,"Level 5 Aetherial Wheel Stand",False,False,0,0,0
196837,229,,8,6,,721112,"Level 6 Aetherial Wheel Stand",False,False,0,0,0
196838,230,,0,0,,0,"Eorzean Map Table",False,False,0,0,0
196839,231,,0,0,,0,"Dragon Piece",False,False,0,0,0
196840,232,,0,0,,0,"Wyvern Piece",False,False,0,0,0
196841,233,,0,0,,0,"Vigil Piece",False,False,0,0,0
196842,234,,0,0,,0,"Temple Knight Piece",False,False,0,0,0
196843,235,,0,0,,0,"Dragoon Piece",False,False,0,0,0
196844,236,,0,0,,721037,"Manor Harpsichord",False,False,0,0,0
196845,237,,0,0,,0,"Manor Music Stool",False,False,0,0,0
196846,238,,0,0,,721037,"Manor Timpani",False,False,0,0,0
196847,239,,0,0,,721037,"Manor Marching Horn",False,False,0,0,0
196848,240,,0,0,,721037,"Manor Cello",False,False,0,0,0
196849,241,,0,0,,721037,"Manor Harp",False,False,0,0,0
196850,242,,0,0,,0,"Manor Music Stand",False,False,0,0,0
196851,243,,3,1,,0,"Material Supplier Permit",False,False,0,2,9
196852,244,,0,0,,0,"Sultana Portrait",False,False,0,0,0
196853,245,,3,2,,0,"Junkmonger Permit",False,False,0,2,9
196854,246,,3,7,,0,"Materia Melder Permit",False,False,0,2,9
196855,247,,3,4,,0,"Mender Permit",False,False,0,2,9
196856,248,,0,0,,0,"Riviera Wall Shelf",False,False,0,0,0
196857,249,,7,1,,721109,"Gourmet Lunch",True,False,9,4,11
196858,250,,7,2,,721109,"Gourmet Supper",True,False,9,4,11
196859,251,,7,3,,721109,"Afternoon Tea Set",True,False,9,4,11
196860,252,,7,4,,721109,"Assorted Fruit",True,False,9,4,11
196861,253,,7,5,,721109,"Chilled Red",True,False,9,4,11
196862,254,,0,0,,0,"The Five Ages",False,False,0,0,0
196863,255,,0,0,,0,"Classified Documents",False,False,0,0,0
196864,256,,0,0,,0,"Stuffed Goblin",False,False,0,0,0
196865,257,,0,0,,0,"Ultima Weapon Miniature",False,False,0,0,0
196866,258,,0,0,,0,"Onus of an Engineer",False,False,6,0,0
196867,259,,0,0,,0,"Enquire Within",False,False,0,0,0
196868,260,,0,0,,0,"Wall Planter",False,False,0,0,0
196869,261,,0,0,,0,"Encyclopedia Eorzea",False,False,0,0,0
196870,262,,0,0,,0,"Open Hearth",False,False,0,0,0
196871,263,,0,0,,0,"Riviera Half Partition",False,False,0,0,0
196872,264,,0,0,,0,"Potted Umbrella Fig",False,False,0,0,0
196873,265,,0,0,,0,"Potted Dragon Tree",False,False,0,0,0
196874,266,,0,0,,0,"Model Star Globe",False,False,0,0,0
196875,267,,0,0,,0,"Tatami Mat",False,False,0,0,0
196876,268,,0,0,,0,"Corner Counter",False,False,0,0,0
196877,269,,0,0,,0,"Planter Partition",False,False,0,0,0
196878,270,,0,0,,721037,"Plasma Lamp",False,False,0,0,0
196879,271,,0,0,,721037,"Lord of Levin Lamp",False,False,0,0,0
196880,272,,0,0,,0,"Emperor's Throne",False,False,0,0,0
196881,273,,0,0,,0,"Riviera Doormat",False,False,0,0,0
196882,274,,0,0,,0,"Double Feather Bed",False,False,0,0,0
196883,275,,0,0,,0,"Chocobo Pillar",False,False,0,0,0
196884,276,,0,0,,0,"Riviera Cushion",False,False,0,0,0
196885,277,,0,0,,0,"Glade Cushion",False,False,0,0,0
196886,278,,0,0,,0,"Oasis Cushion",False,False,0,0,0
196887,279,,0,0,,0,"South Seas Armchair",False,False,0,0,0
196888,280,,0,0,,0,"South Seas Couch",False,False,0,0,0
196889,281,,0,0,,0,"Riviera Canopy Bed",False,False,0,0,0
196890,282,,0,0,,0,"Glade Canopy Bed",False,False,0,0,0
196891,283,,0,0,,0,"Oasis Canopy Bed",False,False,0,0,0
196892,284,,0,0,,0,"Potted Oliphant's Ear",False,False,0,0,0
196893,285,,0,0,,721037,"Shower Stand",False,False,0,0,0
196894,286,,0,0,,0,"Riviera Open-shelf Bookcase",False,False,0,0,0
196895,287,,0,0,,0,"Glade Open-shelf Bookcase",False,False,0,0,0
196896,288,,0,0,,0,"Oasis Open-shelf Bookcase",False,False,0,0,0
196897,289,,0,0,,721037,"Incensory",False,False,0,0,0
196898,290,,0,0,,0,"Sheep Dolls",False,False,0,0,0
196899,291,,0,0,,0,"Hard Rice Cakes",False,False,0,0,0
196900,292,,0,0,,0,"Stuffed Qiqirn",False,False,0,0,0
196901,293,,7,6,,721109,"Starlight Dodo",True,False,9,4,11
196902,294,,0,0,,0,"Stuffed Mazlaya Marlin",False,False,0,0,0
196903,295,,0,0,,0,"Megalodon Jaws",False,False,0,0,0
196904,296,,0,0,,0,"Stuffed Takitaro",False,False,0,0,0
196905,297,,0,0,,0,"Starlight Wreath",False,False,0,0,0
196906,298,,0,0,,0,"Towel Hanger",False,False,0,0,0
196907,299,,0,0,,0,"Glade Doormat",False,False,0,0,0
196908,300,,0,0,,0,"Oasis Doormat",False,False,0,0,0
196909,301,,0,0,,721037,"Head of the Dreadwyrm",False,False,0,0,0
196910,302,,0,0,,721037,"Syrcus Tower",False,False,0,0,0
196911,303,,0,0,,0,"Riviera Stool",False,False,0,0,0
196912,304,,0,0,,0,"Glade Stool",False,False,0,0,0
196913,305,,0,0,,0,"Oasis Stool",False,False,0,0,0
196914,306,,0,0,,720978,"Armoire",False,False,0,0,0
196915,307,,0,0,,0,"Masonwork Stove",False,False,0,0,0
196916,308,,0,0,,0,"Shipping Crate",False,False,0,0,0
196917,309,,0,0,,0,"Wine Barrel",False,False,0,0,0
196918,310,,0,0,,0,"Odin Miniature",False,False,6,0,0
196919,311,,0,0,,0,"Bahamut Miniature",False,False,6,0,0
196920,312,,0,0,,0,"Pumpkin Basket",False,False,0,0,0
196921,313,,7,7,,721109,"Starlight Cake",True,False,9,4,11
196922,314,,0,0,,0,"Eternity Cake",False,False,5,0,0
196923,315,,0,0,,0,"The Antecedent",False,False,6,0,0
196924,316,,0,0,,0,"A Northerly Wind",False,False,6,0,0
196925,317,,0,0,,0,"Adventurers' Guild Aduyses",False,False,0,0,0
196926,318,,0,0,,0,"Large Woven Rug",False,False,0,0,0
196927,319,,0,0,,0,"Wall Lantern",False,False,0,0,0
196928,320,,0,0,,0,"Manor Sofa",False,False,0,0,0
196929,321,,0,0,,0,"Stuffed Tonberry",False,False,5,0,0
196930,322,,0,0,,0,"Empty Twinkleboxes",False,False,0,0,0
196931,323,,0,0,,0,"Pine Bonsai",False,False,0,0,0
196932,324,,0,0,,0,"Large Wall Chronometer",False,False,0,0,0
196933,325,,0,0,,0,"Oriental Bathtub"{{{STRING}}},False,False,0,0,0
196934,326,,0,0,,0,"Frolicking Beasts",False,False,0,0,0
196936,328,,0,0,,0,"Kotatsu Table",False,False,0,0,0
196937,329,,0,0,,0,"Alpine Chair",False,False,0,0,0
196938,330,,0,0,,0,"Alpine Round Table",False,False,0,0,0
196939,331,,7,13,,721109,"Alpine Tea Set",True,False,9,4,11
196940,332,,0,0,,0,"Stuffed Onion Prince",False,False,0,0,0
196941,333,,0,0,,0,"Stuffed Eggplant Knight",False,False,0,0,0
196942,334,,0,0,,0,"Stuffed Garlic Jester",False,False,0,0,0
196943,335,,0,0,,0,"Stuffed Tomato King",False,False,0,0,0
196944,336,,0,0,,0,"Stuffed Mandragora Queen",False,False,0,0,0
196945,337,,0,0,,0,"Deluxe Oriental Wind Chime",False,False,3,0,0
196946,338,,0,0,,0,"Zurvan Miniature",False,False,0,0,0
196947,339,,0,0,,0,"Diabolos Miniature",False,False,0,0,0
196948,340,,0,0,,0,"Scathach Miniature",False,False,0,0,0
196949,341,,0,0,,0,"Wax Vegetables",False,False,0,0,0
196950,342,,0,0,,0,"Guildleve Counter",False,False,0,0,0
196951,343,,0,0,,0,"Egg Floor Lamp",False,False,0,0,0
196952,344,,7,8,,721109,"Glade Tea Set",True,False,9,4,11
196953,345,,7,9,,721109,"Riviera Supper",True,False,9,4,11
196954,346,,7,10,,721109,"Oasis Breakfast",True,False,9,4,11
196955,347,,0,0,,0,"Scattered Documents",False,False,0,0,0
196956,348,,0,0,,0,"Oriental Altar",False,False,0,0,0
196957,349,,0,0,,0,"Oriental Wall Scroll",False,False,0,0,0
196958,350,,0,0,,0,"Oriental Partition",False,False,0,0,0
196959,351,,0,0,,0,"Dead Man's Chest",False,False,0,0,0
196960,352,,0,0,,0,"Oak Low Barrel Planter",False,False,0,0,0
196963,355,,7,11,,721109,"Valentione's Cake",True,False,9,4,11
196964,356,,0,0,,0,"Royal Partition",False,False,0,0,0
196965,357,,0,0,,0,"Order of Nald'thal Lectern",False,False,0,0,0
196966,358,,7,12,,721109,"Green Tea Set",True,False,9,4,11
196967,359,,0,0,,0,"Stuffed Carbuncle",False,False,0,0,0
196968,360,,7,14,,721109,"Oriental Breakfast",True,False,9,4,11
196969,361,,7,15,,721109,"Nameday Cake",True,False,9,4,11
196970,362,,7,16,,721109,"Cake Tray",True,False,9,4,11
196971,363,,7,17,,721109,"Oriental Supper",True,False,9,4,11
196972,364,,7,18,,721109,"Riviera Lunch",True,False,9,4,11
196973,365,,16,1,,721249,"Tier 1 Aquarium",False,False,0,6,13
196974,366,,16,2,,721249,"Tier 2 Aquarium",False,False,0,6,13
196975,367,,16,3,,721249,"Tier 3 Aquarium",False,False,0,6,13
196976,368,,0,0,,0,"Oriental Wind Chime",False,False,0,0,0
196977,369,,0,0,,721096,"Toy Box",False,False,0,0,0
196978,370,,0,0,,721044,"Crystal Bell",False,False,0,0,0
196980,372,,0,0,,0,"Oasis Half Partition",False,False,0,0,0
196981,373,,0,0,,0,"Glade Half Partition",False,False,0,0,0
196982,374,,0,0,,0,"Cask Rack",False,False,0,0,0
196983,375,,0,0,,0,"Display Stand",False,False,0,0,0
196984,376,,0,0,,0,"Miniature Gold Saucer",False,False,0,0,0
196985,377,,0,0,,0,"Royal Plotting Table",False,False,0,0,0
196986,378,,0,0,,0,"Round Banquet Table",False,False,0,0,0
196987,379,,0,0,,0,"Gold Saucer Corner Counter",False,False,0,0,0
196988,380,,0,0,,0,"Bearskin Rug",False,False,0,0,0
196989,381,,0,0,,721037,"Gordian Bureau",False,False,0,0,0
196990,382,,0,0,,721037,"Savage Gordian Bureau",False,False,0,0,0
196991,383,,0,0,,721037,"Gordian Chair",False,False,0,0,0
196992,384,,0,0,,721037,"Savage Gordian Chair",False,False,0,0,0
196993,385,,0,0,,721037,"Star Sapphire Music Box",False,False,0,0,0
196994,386,,0,0,,721037,"Star Ruby Music Box",False,False,0,0,0
196995,387,,0,0,,0,"Stuffed Succubus",False,False,0,0,0
196996,388,,0,0,,0,"Pumpkin Desk",False,False,0,0,0
196997,389,,0,0,,0,"Starlight Ornament",False,False,0,0,0
196998,390,,0,0,,0,"Starlight Sentinel",False,False,0,0,0
196999,391,,7,19,,721109,"Oriental Orange Basket",True,False,9,4,11
197000,392,,0,0,,721037,"Paissa Doll",False,False,0,0,0
197001,393,,0,0,,721028,"The Unending Journey",False,False,0,0,0
197002,394,,7,20,,721109,"Oriental Tea Set",True,False,9,4,11
197003,395,,9,0,,0,"Triple Triad Board",False,False,0,0,0
197004,396,,0,0,,0,"Manor Oven",False,False,0,0,0
197005,397,,0,0,,0,"Manor Counter",False,False,0,0,0
197006,398,,0,0,,0,"Stack of Tomes",False,False,0,0,0
197007,399,,0,0,,0,"Pile of Tomes",False,False,0,0,0
197008,400,,0,0,,0,"Twin Star Ornament",False,False,0,0,0
197010,402,,0,0,,0,"Oriental Round Table",False,False,0,0,0
197011,403,,0,0,,721037,"Mhachi Coffin",False,False,0,0,0
197012,404,,0,0,,0,"Funguar Chair",False,False,0,0,0
197013,405,,0,0,,0,"Mahogany Partition Door",False,False,0,0,0
197014,406,,0,0,,0,"Pumpkin Chair",False,False,0,0,0
197015,407,,0,0,,721037,"Broken Heart Chair (Right)",False,False,0,0,0
197016,408,,0,0,,721037,"Broken Heart Chair (Left)",False,False,0,0,0
197017,409,,0,0,,0,"Paramour Bed",False,False,0,0,0
197018,410,,0,0,,721037,"Hatchling Lamp",False,False,3,0,0
197019,411,,0,0,,0,"Morin Khuur",False,False,5,0,0
197020,412,,0,0,,0,"Thorne Dynasty Mantelshelf",False,False,0,0,0
197021,413,,0,0,,721037,"Tiny Bronco Miniature",False,False,0,0,0
197022,414,,0,0,,721037,"Invincible Miniature",False,False,0,0,0
197023,415,,0,0,,721037,"Enterprise Miniature",False,False,0,0,0
197027,419,,0,0,,0,"Pudding Floor Lamp",False,False,0,0,0
197028,420,,0,0,,0,"Pudding Settee",False,False,0,0,0
197029,421,,0,0,,0,"Pudding Desk",False,False,0,0,0
197030,422,,0,0,,0,"Pudding Throw Rug",False,False,0,0,0
197031,423,,7,21,,721109,"Alpine Supper Set",True,False,9,4,11
197032,424,,0,0,,0,"A Knight to Remember",False,False,5,0,0
197033,425,,0,0,,721037,"Topaz Carbuncle Lamp",False,False,3,0,0
197034,426,,0,0,,721037,"Premium Stuffed Moogle",False,False,3,0,0
197035,427,,0,0,,721037,"Dreadwyrm Miniature",False,False,3,0,0
197043,435,,0,0,,0,"",False,False,3,0,0
197044,436,,0,0,,0,"Starlight",False,False,5,0,0
197045,437,,0,0,,0,"",False,False,3,0,0
197046,438,,0,0,,721037,"Ruby Carbuncle Lamp",False,False,3,0,0
197047,439,,0,0,,721037,"Emerald Carbuncle Lamp",False,False,3,0,0
197048,440,,3,5,,0,"Steward Permit",False,False,0,2,9
197051,443,,11,0,,721227,"Riviera Flowerpot",False,False,0,0,0
197052,444,,11,0,,721227,"Glade Flowerpot",False,False,0,0,0
197053,445,,11,0,,721227,"Oasis Flowerpot",False,False,0,0,0
197054,446,,0,0,,721037,"Senor Sabotender Trophy",False,False,5,0,0
197055,447,,0,0,,0,"Staggered Shelf",False,False,0,0,0
197056,448,,12,1,,721232,"Paramour Vase",False,False,5,5,12
197057,449,,0,0,,0,"Stuffed Bear",False,False,0,0,0
197058,450,,7,23,,721109,"Alpine Breakfast",True,False,9,4,11
197059,451,,0,0,,0,"Hat Stand",False,False,0,0,0
197060,452,,0,0,,0,"Ashtray",False,False,0,0,0
197061,453,,0,0,,721037,"Indirect Lighting",False,False,0,0,0
197062,454,,0,0,,721037,"Indirect Stand Lighting",False,False,0,0,0
197063,455,,0,0,,0,"Chirurgeon's Curtain",False,False,0,0,0
197064,456,,16,4,,721249,"Tier 4 Aquarium",False,False,0,6,13
197065,457,,0,0,,0,"Nidhogg Miniature",False,False,0,0,0
197066,458,,0,0,,0,"Markworthy Mogsofa",False,False,5,0,0
197067,459,,0,0,,721037,"Dragon Floor Lamp",False,False,5,0,0
197068,460,,0,0,,0,"Season One Lone Wolf Trophy",False,False,5,0,0
197069,461,,0,0,,0,"Rising Banner",False,False,5,0,0
197070,462,,0,0,,721037,"Mammet Lantern",False,False,0,0,0
197071,463,,0,0,,0,"Mounted Box Shelf",False,False,0,0,0
197072,464,,0,0,,0,"Knightly Round Table",False,False,0,0,0
197073,465,,7,24,,721109,"Pumpkin Stew",True,False,8,4,11
197074,466,,0,0,,0,"Stuffed Calca",False,False,0,0,0
197075,467,,0,0,,0,"Stuffed Brina",False,False,0,0,0
197076,468,,0,0,,0,"Mounted Bookshelf",False,False,0,0,0
197077,469,,0,0,,721037,"Great Gubal Floor Lamp",False,False,0,0,0
197078,470,,0,0,,0,"Combed Wool Rug",False,False,0,0,0
197079,471,,0,0,,0,"Spirits Collection",False,False,0,0,0
197080,472,,0,0,,721037,"Invincible II Miniature",False,False,0,0,0
197081,473,,0,0,,721037,"Odyssey Miniature",False,False,0,0,0
197082,474,,0,0,,721037,"Tatanora Miniature",False,False,0,0,0
197083,475,,0,0,,721037,"Viltgance Miniature",False,False,0,0,0
197084,476,,8,6,,721112,"Compact Level 6 Aetherial Wheel Stand",False,False,0,0,0
197085,477,,0,0,,0,"Stuffed Baby Behemoth",False,False,3,0,0
197086,478,,0,0,,0,"Season Two Pack Wolf Trophy",False,False,5,0,0
197087,479,,0,0,,0,"Season Two Lone Wolf Trophy",False,False,5,0,0
197088,480,,0,0,,0,"Starlight Pillar",False,False,5,0,0
197089,481,,0,0,,721037,"Happy New Chocobo",False,False,5,0,0
197090,482,,0,0,,0,"Sophia Miniature",False,False,0,0,0
197091,483,,0,0,,0,"Alexander Miniature",False,False,0,0,0
197092,484,,0,0,,0,"Carbuncle Bed",False,False,0,0,0
197093,485,,0,0,,0,"",False,False,0,0,0
197094,486,,0,0,,0,"Forever Friends",False,False,6,0,0
197095,487,,0,0,,0,"Stuffed Sabotender",False,False,5,0,0
197096,488,,0,0,,0,"Yarn Basket",False,False,0,0,0
197097,489,,7,25,,721109,"Riviera Breakfast",True,False,9,4,11
197098,490,,0,0,,0,"Little Ladies' Day Advertisement",False,False,5,0,0
197099,491,,0,0,,721037,"Indirect Wall Lighting",False,False,0,0,0
197100,492,,0,0,,721037,"Paissa Floor Lamp",False,False,0,0,0
197101,493,,0,0,,0,"Merchant's Shelf",False,False,0,0,0
197102,494,,0,0,,0,"Ivy Pillar",False,False,0,0,0
197103,495,,0,0,,0,"Palace Pedestal",False,False,0,0,0
197104,496,,0,0,,0,"Season Three Pack Wolf Trophy",False,False,5,0,0
197105,497,,0,0,,0,"Season Three Lone Wolf Trophy",False,False,5,0,0
197106,498,,0,0,,0,"Troupe Stage",False,False,0,0,0
197107,499,,0,0,,0,"Round Stage",False,False,0,0,0
197108,500,,10,0,,721226,"Table Orchestrion",False,False,0,0,0
197109,312,,0,0,,0,"Deluxe Pumpkin Basket",False,False,3,0,0
197110,387,,0,0,,0,"Deluxe Stuffed Succubus",False,False,3,0,0
197111,388,,0,0,,0,"Deluxe Pumpkin Desk",False,False,3,0,0
197112,406,,0,0,,0,"Deluxe Pumpkin Chair",False,False,3,0,0
197113,322,,0,0,,0,"Empty Sparkleboxes",False,False,3,0,0
197114,292,,0,0,,0,"Jumbo Stuffed Qiqirn",False,False,3,0,0
197115,297,,0,0,,0,"Jumbo Starlight Wreath",False,False,3,0,0
197116,389,,0,0,,0,"Jumbo Starlight Ornament",False,False,3,0,0
197117,400,,0,0,,0,"Jumbo Twin Star Ornament",False,False,3,0,0
197118,390,,0,0,,0,"Jumbo Starlight Sentinel",False,False,3,0,0
197119,290,,0,0,,0,"Jumbo Sheep Dolls",False,False,3,0,0
197120,291,,0,0,,0,"Jumbo Hard Rice Cakes",False,False,3,0,0
197121,391,,7,19,,721109,"Jumbo Oriental Orange Basket",True,False,7,4,11
197122,392,,0,0,,721037,"Jumbo Paissa Doll",False,False,3,0,0
197123,407,,0,0,,721037,"Authentic Broken Heart Chair (Right)",False,False,3,0,0
197124,408,,0,0,,721037,"Authentic Broken Heart Chair (Left)",False,False,3,0,0
197125,409,,0,0,,0,"Authentic Paramour Bed",False,False,3,0,0
197126,412,,0,0,,0,"Authentic Thorne Dynasty Mantelshelf",False,False,3,0,0
197127,343,,0,0,,0,"Authentic Egg Floor Lamp",False,False,3,0,0
197128,446,,0,0,,721037,"Authentic Senor Sabotender Trophy",False,False,3,0,0
197129,243,,3,8,,0,"Material Supplier Permit A-2",False,False,0,2,9
197130,243,,3,9,,0,"Junkmonger Permit A-2",False,False,0,2,9
197131,243,,3,10,,0,"Mender Permit A-2",False,False,0,2,9
197132,502,,0,0,,0,"White Partition",False,False,0,0,0
197133,503,,0,0,,0,"Plundered Treasure",False,False,0,0,0
197134,504,,0,0,,0,"Season Four Pack Wolf Trophy",False,False,5,0,0
197135,505,,0,0,,0,"Season Four Lone Wolf Trophy",False,False,5,0,0
197136,501,,12,1,,721232,"Mounted Flower Vase",False,False,0,5,12
197137,506,,0,0,,0,"Stuffed Dhalmel",False,False,0,0,0
197138,507,,0,0,,0,"Stuffed Gagana",False,False,0,0,0
197139,508,,0,0,,0,"Oriental Pipe Box",False,False,0,0,0
197140,509,,0,0,,0,"Oriental Dressing Case",False,False,0,0,0
197141,510,,0,0,,0,"Doman Partition",False,False,0,0,0
197142,511,,0,0,,0,"Lakshmi Miniature",False,False,0,0,0
197143,512,,0,0,,0,"Susano Miniature",False,False,0,0,0
197145,513,,0,0,,0,"Season Five Lone Wolf Trophy",False,False,0,0,0
197146,515,,0,0,,0,"Stuffed Edda",False,False,0,0,0
197147,516,,0,0,,0,"Rising Balloon",False,False,5,0,0
197148,517,,7,26,,721109,"Oriental Sushi Lunch",True,False,9,4,11
197149,518,,7,27,,721109,"Oriental Soba Lunch",True,False,9,4,11
197150,519,,7,28,,721109,"Oriental Udon Lunch",True,False,9,4,11
197151,520,,7,29,,721109,"Oriental Rice Ball Lunch",True,False,9,4,11
197152,521,,0,0,,721037,"",False,False,0,0,0
197153,522,,0,0,,0,"Yugiri and Gosetsu Sketch",False,False,5,0,0
197154,523,,12,2,,721272,"Easel",False,False,0,7,14
197155,524,,0,0,,0,"Elixir Bottle",False,False,0,0,0
197156,525,,0,0,,0,"Zabuton Cushion",False,False,0,0,0
197157,526,,0,0,,0,"White Half Partition",False,False,0,0,0
197158,527,,12,3,,721333,"Blank Riviera Partition",False,False,0,8,15
197159,528,,0,0,,0,"Moonfire Faire",False,False,5,0,0
197160,529,,7,30,,721109,"Evercold Shaved Ice",True,False,8,4,11
197161,530,,0,0,,0,"Unmoving Maneki Moogle",False,False,0,0,0
197162,531,,0,0,,721037,"Matanga Lamp",False,False,0,0,0
197163,532,,0,0,,0,"Stuffed Khloe",False,False,0,0,0
197164,533,,0,0,,0,"Stuffed Fox",False,False,5,0,0
197165,534,,7,31,,721109,"Pumpkin Pie Set",True,False,8,4,11
197167,536,,7,33,,721109,"Starlight Stew Set",True,False,8,4,11
197168,537,,0,0,,721037,"Ixion Trophy",False,False,0,0,0
197169,538,,0,0,,0,"Imitation Oblong Window",False,False,0,0,0
197175,544,,0,0,,721037,"Fat Chocobo Table Chronometer",False,False,3,0,0
197182,461,,0,0,,0,"Limited Edition Rising Banner",False,False,3,0,0
197183,551,,0,0,,0,"Hingan Desk",False,False,0,0,0
197184,552,,0,0,,0,"Hingan Bench",False,False,0,0,0
197185,553,,0,0,,0,"Hingan Fire Pit",False,False,0,0,0
197186,554,,0,0,,0,"Hingan Bed",False,False,0,0,0
197187,555,,0,0,,0,"Hingan Sideboard",False,False,0,0,0
197188,556,,0,0,,0,"Hingan Wardrobe",False,False,0,0,0
197189,557,,0,0,,0,"Hingan Bookshelf",False,False,0,0,0
197190,558,,0,0,,0,"Hingan Cupboard",False,False,0,0,0
197191,559,,0,0,,0,"Hingan Chair",False,False,0,0,0
197192,560,,0,0,,0,"Hingan Sofa",False,False,0,0,0
197193,561,,0,0,,0,"Hingan Sitting Table",False,False,0,0,0
197194,562,,0,0,,0,"Hingan Open-shelf Bookcase",False,False,0,0,0
197195,563,,0,0,,0,"Hingan Oven",False,False,0,0,0
197196,564,,0,0,,0,"Paper Partition",False,False,0,0,0
197197,565,,0,0,,0,"Hingan Wall Scroll",False,False,0,0,0
197198,566,,0,0,,0,"Bamboo Flowerpot",False,False,0,0,0
197199,567,,0,0,,0,"Hingan Andon Lamp",False,False,0,0,0
197201,569,,0,0,,0,"Kotetsu Replica",False,False,0,0,0
197202,570,,0,0,,0,"Hingan Armor Display",False,False,0,0,0
197203,571,,0,0,,0,"Hingan Chochin Lantern",False,False,0,0,0
197204,572,,0,0,,0,"Hingan Scrolls",False,False,0,0,0
197205,573,,0,0,,0,"Hingan Brushes",False,False,0,0,0
197206,574,,0,0,,0,"Porcelain Vase",False,False,0,0,0
197207,575,,0,0,,0,"Kimono Hanger",False,False,0,0,0
197209,577,,0,0,,0,"Decorative Wall Fan",False,False,0,0,0
197210,578,,0,0,,0,"Shinryu's Wing",False,False,0,0,0
197211,579,,0,0,,0,"All Saints' Wake Advertisement",False,False,0,0,0
197213,581,,0,0,,0,"Pumpkin Tower",False,False,0,0,0
197214,582,,0,0,,0,"Starlight Celebration Advertisement",False,False,0,0,0
197215,583,,0,0,,0,"Starlight Sapling",False,False,0,0,0
197217,585,,0,0,,0,"Stuffed Kojin",False,False,0,0,0
197219,587,,0,0,,0,"Mol Banner",False,False,5,0,0
197220,588,,7,32,,721109,"Pumpkin Pudding Set",True,False,8,4,11
197221,589,,7,34,,721109,"Starlight Log Set",True,False,8,4,11
197222,590,,0,0,,0,"Fool's Portal",False,False,0,0,0
197223,591,,0,0,,0,"Imitation Stained Crystal Ornament",False,False,0,0,0
197224,592,,12,1,,721232,"Eggplant Knight Flower Vase",False,False,0,5,12
197225,593,,12,1,,721232,"Garlic Jester Flower Vase",False,False,0,5,12
197226,594,,12,1,,721232,"Mandragora Queen Flower Vase",False,False,0,5,12
197227,595,,12,1,,721232,"Onion Prince Flower Vase",False,False,0,5,12
197228,596,,12,1,,721232,"Tomato King Flower Vase",False,False,0,5,12
197235,603,,0,0,,0,"Ghost Candlestand",False,False,0,0,0
197237,605,,0,0,,721037,"Hatchling Lantern",False,False,3,0,0
197238,465,,7,24,,721109,"Piping Hot Pumpkin Stew",True,False,7,4,11
197239,480,,0,0,,0,"Genuine Starlight Pillar",False,False,3,0,0
197240,436,,0,0,,0,"Starlight II",False,False,3,0,0
197241,481,,0,0,,721037,"Handmade Happy New Chocobo",False,False,3,0,0
197284,648,,12,3,,721333,"Blank Glade Partition",False,False,0,8,15
197285,649,,12,3,,721333,"Blank Oasis Partition",False,False,0,8,15
197286,650,,12,3,,721333,"Blank Hingan Partition",False,False,0,8,15
197292,656,,0,0,,0,"",False,False,0,0,0
197293,243,,3,11,,0,"Material Supplier Permit A-3",False,False,0,2,9
197294,243,,3,12,,0,"Junkmonger Permit A-3",False,False,0,2,9
197295,243,,3,13,,0,"Mender Permit A-3",False,False,0,2,9
