﻿key,0,1,2,3,4,5,6,7
#,,LogKind,,,,,Name,Example
int32,byte,LogKind,uint16,byte,byte,byte,str,str
0,0,,65535,0,0,0,"None",""
1,10,,65535,1,1,1,"Say","Cloud Strife: Never mind..."
2,11,,65535,1,3,1,"Shout","Cloud Strife: Can someone give me some gil?"
3,12,,65535,1,4,1,"Tell",">> Cloud Strife: Nice shirt.
Tifa Lockhart >> Eyes up here, Cloud."
4,14,,65535,1,5,1,"Party","(Cloud Strife) Where is everybody?"
5,29,,65535,1,17,1,"Standard Emotes","Cloud Strife points at Bayohne."
6,28,,65535,1,18,1,"Custom Emotes","Cloud Strife wallows in self-pity..."
7,24,,65535,1,7,1,"Free Company","[FC]<Cloud Strife> Can I invite my friend, Zack?"
8,16,,65535,1,8,1,"Linkshell [1]","[1]<Cloud Strife> Do I have time to grab my gunblade?"
9,17,,65535,1,9,1,"Linkshell [2]","[2]<Cloud Strife> Do I have time to grab my gunblade?"
10,18,,65535,1,10,1,"Linkshell [3]","[3]<Cloud Strife> Do I have time to grab my gunblade?"
11,19,,65535,1,11,1,"Linkshell [4]","[4]<Cloud Strife> Do I have time to grab my gunblade?"
12,20,,65535,1,12,1,"Linkshell [5]","[5]<Cloud Strife> Do I have time to grab my gunblade?"
13,21,,65535,1,13,1,"Linkshell [6]","[6]<Cloud Strife> Do I have time to grab my gunblade?"
14,22,,65535,1,14,1,"Linkshell [7]","[7]<Cloud Strife> Do I have time to grab my gunblade?"
15,23,,65535,1,15,1,"Linkshell [8]","[8]<Cloud Strife> Do I have time to grab my gunblade?"
16,30,,65535,1,2,1,"Yell","Cloud Strife: Aeriiiiiith!"
17,15,,65535,1,6,1,"Alliance","((Cloud Strife)) All right, everyone, let's mosey."
18,27,,65535,1,16,1,"Novice Network","[NOVICE]<Gui(78)/>Cloud Strife: Follow me."
19,0,"None",0,0,0,0,"",""
20,0,"None",0,0,0,0,"",""
21,57,,65535,2,1,1,"System Messages","You invite Cloud Strife to a party."
22,0,"None",0,0,0,0,"",""
23,59,,65535,2,4,1,"Gathering System Messages","There are no mineral deposits or rocky outcrops in this area."
24,60,,65535,2,5,1,"Error Messages","Message to Cloud Strife could not be sent."
25,56,,65535,2,6,1,"Echo","Echo"
26,61,,65535,2,16,4,"NPC Dialogue","Baderon: Now off with ye. I got casks to tap."
27,62,,65535,2,20,1,"Loot Notices","You obtain <Color(-1)>Excalipoor</Color>."
28,64,,65535,2,25,1,"Own Progression Messages","You attain level 51!"
29,64,,65535,2,27,1,"Others' Progression Messages","Cloud Strife attains level 2!"
30,65,"Urgent Information",65535,2,30,1,"Own Loot Messages","You roll on Need. 50!"
31,65,,65535,2,31,1,"Others' Loot Messages","Cloud Strife rolls on Need. 1!"
32,66,"Urgent Information",65535,2,35,1,"Own Synthesis Messages","You synthesize a <Color(-1)>suit of diamond armor</Color>."
33,66,"Custom Emotes",65535,2,36,1,"Others' Synthesis Messages","Cloud Strife synthesizes a <Color(-1)>boiled egg</Color>."
34,0,"None",0,0,0,0,"",""
35,67,"General Information",65535,2,40,1,"Own Gathering Messages","You begin quarrying."
36,67,,65535,2,41,0,"Others' Fishing Messages","Cloud Strife lands a <Color(-789517)>Nibelheim bass</Color> measuring 7 ilms!"
37,58,,65535,2,2,2,"Own Battle System Messages","You defeat the Shadow Lord."
38,58,,65535,2,3,0,"Others' Battle System Messages","Cloud Strife defeats the little ladybug."
39,68,,65535,2,17,1,"NPC Dialogue (Announcements)","Bremondt: Come one, come all!"
40,69,,65535,2,11,1,"Free Company Announcements","You adjust company hierarchy."
41,70,,65535,2,12,1,"Free Company Member Login Notifications","Cloud Strife has logged in."
42,64,,65535,2,26,1,"Party Members' Progression Messages","Cloud Strife attains level 2!"
43,71,,65535,2,15,1,"Retainer Sale Notifications","The ribbon you put up for sale in Ul'dah has sold for 1 gil (after fees)."
44,72,,65535,2,45,1,"Periodic Recruitment Notifications","Of the 12 parties currently recruiting, 3 match your search conditions."
45,73,,65535,2,46,1,"Sign Messages for PC Targets","You mark Cloud Strife as “Target to Ignore 1.”"
46,74,,65535,2,47,1,"Random Number Messages","Random! You roll a <Gui(73)/>998."
47,75,,65535,2,10,1,"Novice Network Notifications","Novice - You've joined the Novice Network.
There are currently 10 <Gui(78)/>mentors and 30 <Gui(77)/>new adventurers participating."
48,76,,65535,2,48,1,"Current Orchestrion Track Messages","<Emphasis>Under the Weight</Emphasis> is now playing."
49,0,"None",0,0,0,0,"",""
50,0,"None",0,0,0,0,"",""
51,41,"Urgent Information",65535,4,1,2,"Damage dealt by you.","You hit the Shadow Lord for 9999 damage."
52,42,"Urgent Information",65535,4,2,2,"Failed attacks by you.","You miss the Shadow Lord."
53,43,"Urgent Information",65535,4,3,2,"Actions initiated by you.","You begin casting Flare.
You cancel Flare."
54,44,"Urgent Information",65535,4,4,2,"Items used by you.","You ready a tuft of phoenix down.
You cancel use of the tuft of phoenix down."
55,45,"Urgent Information",65535,4,5,2,"Effects of healing spells cast by you.","  Cloud Strife recovers 7 HP."
56,46,"Urgent Information",65535,4,6,2,"Beneficial effects granted by you.","  Cloud Strife gains the effect of Protect."
57,47,"Urgent Information",65535,4,7,2,"Detrimental effects inflicted by you.","  The Shadow Lord suffers the effect of Rasp."
58,41,,2,4,8,2,"Damage you are dealt.","The Shadow Lord hits you for 9999 damage."
59,42,,2,4,9,2,"Failed attacks on you.","The Shadow Lord misses you."
60,43,,2,4,10,2,"Actions used on you.","The Shadow Lord begins casting Meteor.
The Shadow Lord cancels Meteor."
61,44,,2,4,11,2,"Items used on you.","Cloud Strife readies a tuft of phoenix down.
Cloud Strife cancels the use of the tuft of phoenix down."
62,45,,2,4,12,2,"Effects of healing spells cast on you.","  You recover 411 HP."
63,46,,2,4,13,2,"Beneficial effects granted to you.","  You gain the effect of Stoneskin."
64,47,,2,4,14,2,"Detrimental effects inflicted on you.","  You suffer the effect of Bio."
65,48,,2,4,15,2,"Beneficial effects on you ending.","You lose the effect of Stoneskin."
66,49,,2,4,16,2,"Detrimental effects on you ending.","You recover from the effect of Bio."
67,0,"None",0,0,0,0,"",""
68,0,"None",0,0,0,0,"",""
69,0,"None",0,0,0,0,"",""
70,0,"None",0,0,0,0,"",""
71,41,"",65535,5,1,2,"Damage dealt by party members.","Cloud Strife hits the little ladybug for 2 damage."
72,42,"",65535,5,2,2,"Failed attacks by party members.","Cloud Strife misses the little ladybug."
73,43,"",65535,5,3,2,"Actions initiated by party members.","Cloud Strife begins casting Stone.
Cloud Strife cancels Stone."
74,44,"",65535,5,4,2,"Items used by party members.","Cloud Strife readies a tuft of phoenix down.
Cloud Strife cancels the use of the tuft of phoenix down."
75,45,"",65535,5,5,2,"Effects of healing spells cast by party members.","  Cloud Strife recovers 7 HP."
76,46,"",65535,5,6,2,"Beneficial effects granted by party members.","  Cloud Strife gains the effect of Protect."
77,47,"",65535,5,7,2,"Detrimental effects inflicted by party members.","  The Shadow Lord suffers the effect of Rasp."
78,41,,4,5,8,2,"Damage party members are dealt.","The Shadow Lord hits Cloud Strife for 9999 damage."
79,42,,4,5,9,2,"Failed attacks on party members.","The Shadow Lord misses Cloud Strife."
80,43,,4,5,10,2,"Actions used on party members.","The Shadow Lord begins casting Meteor.
The Shadow Lord cancels Meteor."
81,44,,4,5,11,2,"Items used on party members.","Cloud Strife readies a tuft of phoenix down.
Cloud Strife cancels the use of the tuft of phoenix down."
82,45,,4,5,12,2,"Effects of healing spells cast on party members.","  Cloud Strife recovers 7 HP."
83,46,,4,5,13,2,"Beneficial effects granted to party members.","  Cloud Strife gains the effect of Shock Spikes."
84,47,,4,5,14,2,"Detrimental effects inflicted on party members.","  Cloud Strife suffers the effect of Amnesia."
85,48,,4,5,15,2,"Beneficial effects on party members ending.","Cloud Strife loses the effect of Shock Spikes."
86,49,,4,5,16,2,"Detrimental effects on party members ending.","Cloud Strife recovers from the effect of Amnesia."
87,0,"None",0,0,0,0,"",""
88,0,"None",0,0,0,0,"",""
89,0,"None",0,0,0,0,"",""
90,0,"None",0,0,0,0,"",""
91,41,"Linkshell [1]",65535,7,1,0,"Damage dealt by others.","Cloud Strife hits the little ladybug for 2 damage."
92,42,"Linkshell [1]",65535,7,2,0,"Failed attacks by others.","Cloud Strife misses the little ladybug."
93,43,"Linkshell [1]",65535,7,3,0,"Actions initiated by others.","Cloud Strife begins casting Stone.
Cloud Strife cancels Stone."
94,44,"Linkshell [1]",65535,7,4,0,"Items used by others.","Cloud Strife readies a tuft of phoenix down.
Cloud Strife cancels the use of the tuft of phoenix down."
95,45,"Linkshell [1]",65535,7,5,0,"Effects of healing spells cast by others.","  Cloud Strife recovers 7 HP."
96,46,"Linkshell [1]",65535,7,6,0,"Beneficial effects granted by others.","  Cloud Strife gains the effect of Protect."
97,47,"Linkshell [1]",65535,7,7,0,"Detrimental effects inflicted by others.","  The Shadow Lord suffers the effect of Rasp."
98,41,,16,7,8,0,"Damage others are dealt.","The Shadow Lord hits Cloud Strife for 9999 damage."
99,42,,16,7,9,0,"Failed attacks on others.","The Shadow Lord misses Cloud Strife."
100,43,,16,7,10,0,"Actions used on others.","The Shadow Lord begins casting Meteor.
The Shadow Lord cancels Meteor."
101,44,,16,7,11,0,"Items used on others.","Cloud Strife readies a tuft of phoenix down.
Cloud Strife cancels the use of the tuft of phoenix down."
102,45,,16,7,12,0,"Effects of healing spells cast on others.","  Cloud Strife recovers 7 HP."
103,46,,16,7,13,0,"Beneficial effects granted to others.","  Cloud Strife gains the effect of Shock Spikes."
104,47,,16,7,14,0,"Detrimental effects inflicted on others.","  Cloud Strife suffers the effect of Amnesia."
105,48,,16,7,15,0,"Beneficial effects on others ending.","Cloud Strife loses the effect of Shock Spikes."
106,49,,16,7,16,0,"Detrimental effects on others ending.","Cloud Strife recovers from the effect of Amnesia."
107,0,"None",0,0,0,0,"",""
108,0,"None",0,0,0,0,"",""
109,0,"None",0,0,0,0,"",""
110,0,"None",0,0,0,0,"",""
111,41,"Party",65535,8,1,2,"Damage dealt by engaged enemies.","The Shadow Lord hits you for 9999 damage."
112,42,"Party",65535,8,2,2,"Failed attacks by engaged enemies.","The Shadow Lord misses you."
113,43,"Party",65535,8,3,2,"Actions initiated by engaged enemies.","The Shadow Lord begins casting Meteor.
The Shadow Lord cancels Meteor."
114,44,"Party",65535,8,4,2,"Items used by engaged enemies.","The Shadow Lord readies a mega-elixir.
The Shadow Lord cancels the use of the mega-elixir."
115,45,"Party",65535,8,5,2,"Effects of healing spells cast by engaged enemies.","  The Shadow Lord recovers 9999 HP."
116,46,"Party",65535,8,6,2,"Beneficial effects granted by engaged enemies.","  The Shadow Lord gains the effect of Protect VII."
117,47,"Party",65535,8,7,2,"Detrimental effects inflicted by engaged enemies.","  You suffer the effect of Amnesia."
118,41,,32,8,8,2,"Damage engaged enemies are dealt.","You hit the Shadow Lord for 2 damage."
119,42,,32,8,9,2,"Failed attacks on engaged enemies.","You miss the Shadow Lord."
120,43,,32,8,10,2,"Actions used on engaged enemies.","You begin casting Stone.
You cancel Stone."
121,44,,32,8,11,2,"Items used on engaged enemies.","You ready a tuft of phoenix down.
You cancel the use of the tuft of phoenix down."
122,45,,32,8,12,2,"Effects of healing spells cast on engaged enemies.","  The Shadow Lord recovers 9999 HP."
123,46,,32,8,13,2,"Beneficial effects granted to engaged enemies.","  The Shadow Lord gains the effect of Protect VII."
124,47,,32,8,14,2,"Detrimental effects inflicted on engaged enemies.","  The Shadow Lord suffers the effect of Rasp."
125,48,,32,8,15,2,"Beneficial effects on engaged enemies ending.","The Shadow Lord loses the effect of Protect VII."
126,49,,32,8,16,2,"Detrimental effects on engaged enemies ending.","The Shadow Lord recovers from the effect of Rasp."
127,0,"None",0,0,0,0,"",""
128,0,"None",0,0,0,0,"",""
129,0,"None",0,0,0,0,"",""
130,0,"None",0,0,0,0,"",""
131,41,"Character Progress",65535,9,1,0,"Damage dealt by unengaged enemies.","The Shadow Lord hits Tifa Lockhart for 9999 damage."
132,42,"Character Progress",65535,9,2,0,"Failed attacks by unengaged enemies.","The Shadow Lord misses Tifa Lockhart."
133,43,"Character Progress",65535,9,3,0,"Actions initiated by unengaged enemies.","The Shadow Lord begins casting Meteor.
The Shadow Lord cancels Meteor."
134,44,"Character Progress",65535,9,4,0,"Items used by unengaged enemies.","The Shadow Lord readies a mega-elixir.
The Shadow Lord cancels the use of the mega-elixir."
135,45,"Character Progress",65535,9,5,0,"Effects of healing spells cast by unengaged enemies.","  The Shadow Lord recovers 9999 HP."
136,46,"Character Progress",65535,9,6,0,"Beneficial effects granted by unengaged enemies.","  The Shadow Lord gains the effect of Protect VII."
137,47,"Character Progress",65535,9,7,0,"Detrimental effects inflicted by unengaged enemies.","  Tifa Lockhart suffers the effect of Amnesia."
138,41,,64,9,8,0,"Damage unengaged enemies are dealt.","Tifa Lockhart hits the Shadow Lord for 2 damage."
139,42,,64,9,9,0,"Failed attacks on unengaged enemies.","Tifa Lockhart misses the Shadow Lord."
140,43,,64,9,10,0,"Actions used on unengaged enemies.","Tifa Lockhart begins casting Stone.
Tifa Lockhart cancels Stone."
141,44,,64,9,11,0,"Items used on unengaged enemies.","Tifa Lockhart readies a tuft of phoenix down.
Tifa Lockhart cancels the use of the tuft of phoenix down."
142,45,,64,9,12,0,"Effects of healing spells cast on unengaged enemies.","  The Shadow Lord recovers 9999 HP."
143,46,,64,9,13,0,"Beneficial effects granted to unengaged enemies.","  The Shadow Lord gains the effect of Protect VII."
144,47,,64,9,14,0,"Detrimental effects inflicted on unengaged enemies.","  The Shadow Lord suffers the effect of Rasp."
145,48,,64,9,15,0,"Beneficial effects on unengaged enemies ending.","The Shadow Lord loses the effect of Protect VII."
146,49,,64,9,16,0,"Detrimental effects on unengaged enemies ending.","The Shadow Lord recovers from the effect of Rasp."
147,0,"None",0,0,0,0,"",""
148,0,"None",0,0,0,0,"",""
149,0,"None",0,0,0,0,"",""
150,0,"None",0,0,0,0,"",""
151,41,"",65535,6,1,0,"Damage dealt by alliance members.","Ramza Beoulve hits the little ladybug for 2 damage."
152,42,"",65535,6,2,0,"Failed attacks by alliance members.","Ramza Beoulve misses the little ladybug."
153,43,"",65535,6,3,0,"Actions initiated by alliance members.","Ramza Beoulve begins casting Stone.
Ramza Beoulve cancels Stone."
154,44,"",65535,6,4,0,"Items used by alliance members.","Ramza Beoulve readies a tuft of phoenix down.
Ramza Beoulve cancels the use of the tuft of phoenix down."
155,45,"",65535,6,5,0,"Effects of healing spells cast by alliance members.","  Ramza Beoulve recovers 7 HP."
156,46,"",65535,6,6,0,"Beneficial effects granted by alliance members.","  Ramza Beoulve gains the effect of Protect."
157,47,"",65535,6,7,0,"Detrimental effects inflicted by alliance members.","  The Shadow Lord suffers the effect of Rasp."
158,41,,8,6,8,0,"Damage alliance members are dealt.","The Shadow Lord hits Ramza Beoulve for 9999 damage."
159,42,,8,6,9,0,"Failed attacks on alliance members.","The Shadow Lord misses Ramza Beoulve."
160,43,,8,6,10,0,"Actions used on alliance members.","The Shadow Lord begins casting Meteor.
The Shadow Lord cancels Meteor."
161,44,,8,6,11,0,"Items used on alliance members.","Ramza Beoulve readies a tuft of phoenix down.
Ramza Beoulve cancels the use of the tuft of phoenix down."
162,45,,8,6,12,0,"Effects of healing spells cast on alliance members.","  Ramza Beoulve recovers 7 HP."
163,46,,8,6,13,0,"Beneficial effects granted to alliance members.","  Ramza Beoulve gains the effect of Shock Spikes."
164,47,,8,6,14,0,"Detrimental effects inflicted on alliance members.","  Ramza Beoulve suffers the effect of Amnesia."
165,48,,8,6,15,0,"Beneficial effects on alliance members ending.","Ramza Beoulve loses the effect of Shock Spikes."
166,49,,8,6,16,0,"Detrimental effects on alliance members ending.","Ramza Beoulve recovers from the effect of Amnesia."
167,0,"None",0,0,0,0,"",""
168,0,"None",0,0,0,0,"",""
169,0,"None",0,0,0,0,"",""
170,0,"None",0,0,0,0,"",""
171,41,,65535,10,1,2,"Damage dealt by friendly NPCs.","Agrias Oaks hits the little ladybug for 2 damage."
172,42,,65535,10,2,2,"Failed attacks by friendly NPCs.","Agrias Oaks misses the little ladybug."
173,43,,65535,10,3,2,"Actions initiated by friendly NPCs.","Agrias Oaks begins casting Stone.
Agrias Oaks cancels Stone."
174,44,,65535,10,4,2,"Items used by friendly NPCs.","Agrias Oaks readies a tuft of phoenix down.
Agrias Oaks cancels the use of the tuft of phoenix down."
175,45,,65535,10,5,2,"Effects of healing spells cast by friendly NPCs.","  Agrias Oaks recovers 7 HP."
176,46,,65535,10,6,2,"Beneficial effects granted by friendly NPCs.","  Agrias Oaks gains the effect of Protect."
177,47,,65535,10,7,2,"Detrimental effects inflicted by friendly NPCs.","  The Shadow Lord suffers the effect of Rasp."
178,41,,128,10,8,2,"Damage friendly NPCs are dealt.","The Shadow Lord hits Agrias Oaks for 9999 damage."
179,42,,128,10,9,2,"Failed attacks on friendly NPCs.","The Shadow Lord misses Agrias Oaks."
180,43,,128,10,10,2,"Actions used on friendly NPCs.","The Shadow Lord begins casting Meteor.
The Shadow Lord cancels Meteor."
181,44,,128,10,11,2,"Items used on friendly NPCs.","Agrias Oaks readies a tuft of phoenix down.
Agrias Oaks cancels the use of the tuft of phoenix down."
182,45,,128,10,12,2,"Effects of healing spells cast on friendly NPCs.","  Agrias Oaks recovers 7 HP."
183,46,,128,10,13,2,"Beneficial effects granted to friendly NPCs.","  Agrias Oaks gains the effect of Shock Spikes."
184,47,,128,10,14,2,"Detrimental effects inflicted on friendly NPCs.","  Agrias Oaks suffers the effect of Amnesia."
185,48,,128,10,15,2,"Beneficial effects on friendly NPCs ending.","Agrias Oaks loses the effect of Shock Spikes."
186,49,,128,10,16,2,"Detrimental effects on friendly NPCs ending.","Agrias Oaks recovers from the effect of Amnesia."
187,0,"None",0,0,0,0,"",""
188,0,"None",0,0,0,0,"",""
189,0,"None",0,0,0,0,"",""
190,0,"None",0,0,0,0,"",""
191,41,,65535,11,1,2,"Damage dealt by your pets and companions.","Boco hits the little ladybug for 2 damage."
192,42,,65535,11,2,2,"Failed attacks by your pets and companions.","Boco misses the little ladybug."
193,43,,65535,11,3,2,"Actions initiated by your pets and companions.","Boco begins casting Stone.
Boco cancels Stone."
194,44,,65535,11,4,2,"Items used by your pets and companions.","Boco readies a tuft of phoenix down.
Boco cancels the use of the tuft of phoenix down."
195,45,,65535,11,5,2,"Effects of healing spells cast by your pets and companions.","  Boco recovers 7 HP."
196,46,,65535,11,6,2,"Beneficial effects granted by your pets and companions.","  Boco gains the effect of Protect."
197,47,,65535,11,7,2,"Detrimental effects inflicted by your pets and companions.","  The Shadow Lord suffers the effect of Rasp."
198,41,,256,11,8,2,"Damage your pets and companions are dealt.","The Shadow Lord hits Boco for 9999 damage."
199,42,,256,11,9,2,"Failed attacks on your pets and companions.","The Shadow Lord misses Boco."
200,43,,256,11,10,2,"Actions used on your pets and companions.","The Shadow Lord begins casting Meteor.
The Shadow Lord cancels Meteor."
201,44,,256,11,11,2,"Items used on your pets and companions.","Boco readies a tuft of phoenix down.
Boco cancels the use of the tuft of phoenix down."
202,45,,256,11,12,2,"Effects of healing spells cast on your pets and companions.","  Boco recovers 7 HP."
203,46,,256,11,13,2,"Beneficial effects granted to your pets and companions.","  Boco gains the effect of Shock Spikes."
204,47,,256,11,14,2,"Detrimental effects inflicted on your pets and companions.","  Boco suffers the effect of Amnesia."
205,48,,256,11,15,2,"Beneficial effects on your pets and companions ending.","Boco loses the effect of Shock Spikes."
206,49,,256,11,16,2,"Detrimental effects on your pets and companions ending.","Boco recovers from the effect of Amnesia."
207,0,"None",0,0,0,0,"",""
208,0,"None",0,0,0,0,"",""
209,0,"None",0,0,0,0,"",""
210,0,"None",0,0,0,0,"",""
211,41,,65535,12,1,2,"Damage dealt by party members' pets and companions.","Boco hits the little ladybug for 2 damage."
212,42,,65535,12,2,2,"Failed attacks by party members' pets and companions.","Boco misses the little ladybug."
213,43,,65535,12,3,2,"Actions initiated by party members' pets and companions.","Boco begins casting Stone.
Boco cancels Stone."
214,44,,65535,12,4,2,"Items used by party members' pets and companions.","Boco readies a tuft of phoenix down.
Boco cancels the use of the tuft of phoenix down."
215,45,,65535,12,5,2,"Effects of healing spells cast by party members' pets and companions.","  Boco recovers 7 HP."
216,46,,65535,12,6,2,"Beneficial effects granted by party members' pets and companions.","  Boco gains the effect of Protect."
217,47,,65535,12,7,2,"Detrimental effects inflicted by party members' pets and companions.","  The Shadow Lord suffers the effect of Rasp."
218,41,,512,12,8,2,"Damage party members' pets and companions are dealt.","The Shadow Lord hits Boco for 9999 damage."
219,42,,512,12,9,2,"Failed attacks on party members' pets and companions.","The Shadow Lord misses Boco."
220,43,,512,12,10,2,"Actions used on party members' pets and companions.","The Shadow Lord begins casting Meteor.
The Shadow Lord cancels Meteor."
221,44,,512,12,11,2,"Items used on party members' pets and companions.","Boco readies a tuft of phoenix down.
Boco cancels the use of the tuft of phoenix down."
222,45,,512,12,12,2,"Effects of healing spells cast on party members' pets and companions.","  Boco recovers 7 HP."
223,46,,512,12,13,2,"Beneficial effects granted to party members' pets and companions.","  Boco gains the effect of Shock Spikes."
224,47,,512,12,14,2,"Detrimental effects inflicted on party members' pets and companions.","  Boco suffers the effect of Amnesia."
225,48,,512,12,15,2,"Beneficial effects on party members' pets and companions ending.","Boco loses the effect of Shock Spikes."
226,49,,512,12,16,2,"Detrimental effects on party members' pets and companions ending.","Boco recovers from the effect of Amnesia."
227,0,"None",0,0,0,0,"",""
228,0,"None",0,0,0,0,"",""
229,0,"None",0,0,0,0,"",""
230,0,"None",0,0,0,0,"",""
231,41,,65535,13,1,0,"Damage dealt by alliance members' pets and companions.","Boco hits the little ladybug for 2 damage."
232,42,,65535,13,2,0,"Failed attacks by alliance members' pets and companions.","Boco misses the little ladybug."
233,43,,65535,13,3,0,"Actions initiated by alliance members' pets and companions.","Boco begins casting Stone.
Boco cancels Stone."
234,44,,65535,13,4,0,"Items used by alliance members' pets and companions.","Boco readies a tuft of phoenix down.
Boco cancels the use of the tuft of phoenix down."
235,45,,65535,13,5,0,"Effects of healing spells cast by alliance members' pets and companions.","  Boco recovers 7 HP."
236,46,,65535,13,6,0,"Beneficial effects granted by alliance members' pets and companions.","  Boco gains the effect of Protect."
237,47,,65535,13,7,0,"Detrimental effects inflicted by alliance members' pets and companions.","  The Shadow Lord suffers the effect of Rasp."
238,41,,1024,13,8,0,"Damage alliance members' pets and companions are dealt.","The Shadow Lord hits Boco for 9999 damage."
239,42,,1024,13,9,0,"Failed attacks on alliance members' pets and companions.","The Shadow Lord misses Boco."
240,43,,1024,13,10,0,"Actions used on alliance members' pets and companions.","The Shadow Lord begins casting Meteor.
The Shadow Lord cancels Meteor."
241,44,,1024,13,11,0,"Items used on alliance members' pets and companions.","Boco readies a tuft of phoenix down.
Boco cancels the use of the tuft of phoenix down."
242,45,,1024,13,12,0,"Effects of healing spells cast on alliance members' pets and companions.","  Boco recovers 7 HP."
243,46,,1024,13,13,0,"Beneficial effects granted to alliance members' pets and companions.","  Boco gains the effect of Shock Spikes."
244,47,,1024,13,14,0,"Detrimental effects inflicted on alliance members' pets and companions.","  Boco suffers the effect of Amnesia."
245,48,,1024,13,15,0,"Beneficial effects on alliance members' pets and companions ending.","Boco loses the effect of Shock Spikes."
246,49,,1024,13,16,0,"Detrimental effects on alliance members' pets and companions ending.","Boco recovers from the effect of Amnesia."
247,0,"None",0,0,0,0,"",""
248,0,"None",0,0,0,0,"",""
249,0,"None",0,0,0,0,"",""
250,0,"None",0,0,0,0,"",""
251,41,,65535,14,1,0,"Damage dealt by others' pets and companions.","Boco hits the little ladybug for 2 damage."
252,42,,65535,14,2,0,"Failed attacks by others' pets and companions.","Boco misses the little ladybug."
253,43,,65535,14,3,0,"Actions initiated by others' pets and companions.","Boco begins casting Stone.
Boco cancels Stone."
254,44,,65535,14,4,0,"Items used by others' pets and companions.","Boco readies a tuft of phoenix down.
Boco cancels the use of the tuft of phoenix down."
255,45,,65535,14,5,0,"Effects of healing spells cast by others' pets and companions.","  Boco recovers 7 HP."
256,46,,65535,14,6,0,"Beneficial effects granted by others' pets and companions.","  Boco gains the effect of Protect."
257,47,,65535,14,7,0,"Detrimental effects inflicted by others' pets and companions.","  The Shadow Lord suffers the effect of Rasp."
258,41,,2048,14,8,0,"Damage others' pets and companions are dealt.","The Shadow Lord hits Boco for 9999 damage."
259,42,,2048,14,9,0,"Failed attacks on others' pets and companions.","The Shadow Lord misses Boco."
260,43,,2048,14,10,0,"Actions used on others' pets and companions.","The Shadow Lord begins casting Meteor.
The Shadow Lord cancels Meteor."
261,44,,2048,14,11,0,"Items used on others' pets and companions.","Boco readies a tuft of phoenix down.
Boco cancels the use of the tuft of phoenix down."
262,45,,2048,14,12,0,"Effects of healing spells cast on others' pets and companions.","  Boco recovers 7 HP."
263,46,,2048,14,13,0,"Beneficial effects granted to others' pets and companions.","  Boco gains the effect of Shock Spikes."
264,47,,2048,14,14,0,"Detrimental effects inflicted on others' pets and companions.","  Boco suffers the effect of Amnesia."
265,48,,2048,14,15,0,"Beneficial effects on others' pets and companions ending.","Boco loses the effect of Shock Spikes."
266,49,,2048,14,16,0,"Detrimental effects on others' pets and companions ending.","Boco recovers from the effect of Amnesia."
267,0,"None",0,0,0,0,"",""
268,0,"None",0,0,0,0,"",""
269,0,"None",0,0,0,0,"",""
270,0,"None",0,0,0,0,"",""
