﻿key,0,1,2,3
#,,,Name,Icon
int32,bit&01,byte,str,Image
0,False,0,"","ui/icon/000000/000000.tex"
1,False,0,"Producer","ui/icon/061000/061531.tex"
2,False,0,"Game Master","ui/icon/061000/061524.tex"
3,False,0,"Game Master","ui/icon/061000/061532.tex"
4,False,0,"Game Master","ui/icon/061000/061533.tex"
5,False,0,"Disconnected","ui/icon/061000/061503.tex"
6,True,1,"Waiting for Friend List Approval","ui/icon/061000/061501.tex"
7,True,2,"Waiting for Linkshell Approval","ui/icon/061000/061501.tex"
8,True,3,"Waiting for Free Company Approval","ui/icon/061000/061501.tex"
9,True,4,"Not Found","ui/icon/061000/061502.tex"
10,True,5,"Offline","ui/icon/061000/061504.tex"
11,True,6,"Mentor","ui/icon/061000/061540.tex"
12,True,7,"Busy","ui/icon/061000/061509.tex"
13,True,8,"PvP","ui/icon/061000/061510.tex"
14,True,9,"Playing Triple Triad","ui/icon/061000/061539.tex"
15,True,10,"Viewing Cutscene","ui/icon/061000/061508.tex"
16,True,12,"Using a Chocobo Porter","ui/icon/061000/061534.tex"
17,True,13,"Away from Keyboard","ui/icon/061000/061511.tex"
18,True,14,"Camera Mode","ui/icon/061000/061546.tex"
19,True,15,"Looking for Repairs","ui/icon/061000/061512.tex"
20,True,16,"Looking to Repair","ui/icon/061000/061513.tex"
21,True,17,"Looking to Meld Materia","ui/icon/061000/061514.tex"
22,True,18,"Role-playing","ui/icon/061000/061545.tex"
23,True,19,"Looking for Party","ui/icon/061000/061515.tex"
24,True,20,"Sword for Hire","ui/icon/061000/061516.tex"
25,True,21,"Waiting for Duty Finder","ui/icon/061000/061517.tex"
26,True,22,"Recruiting Party Members","ui/icon/061000/061536.tex"
27,True,31,"Mentor","ui/icon/061000/061540.tex"
28,True,32,"PvE Mentor","ui/icon/061000/061542.tex"
29,True,33,"Trade Mentor","ui/icon/061000/061543.tex"
30,True,34,"PvP Mentor","ui/icon/061000/061544.tex"
31,True,35,"Returner","ui/icon/061000/061547.tex"
32,True,36,"New Adventurer","ui/icon/061000/061523.tex"
33,True,23,"Alliance Leader","ui/icon/061000/061518.tex"
34,True,24,"Alliance Party Leader","ui/icon/061000/061519.tex"
35,True,25,"Alliance Party Member","ui/icon/061000/061520.tex"
36,True,26,"Party Leader","ui/icon/061000/061521.tex"
37,True,27,"Party Member","ui/icon/061000/061522.tex"
38,True,28,"Party Leader (Cross-world)","ui/icon/061000/061961.tex"
39,True,29,"Party Member (Cross-world)","ui/icon/061000/061962.tex"
40,True,30,"Another World","ui/icon/061000/061535.tex"
41,False,0,"Sharing Duty","ui/icon/061000/061506.tex"
42,False,0,"Similar Duty","ui/icon/061000/061507.tex"
43,True,11,"In Duty","ui/icon/061000/061510.tex"
44,True,38,"Trial Adventurer","ui/icon/061000/061525.tex"
45,False,0,"Free Company","ui/icon/000000/000000.tex"
46,False,0,"Grand Company","ui/icon/000000/000000.tex"
47,True,37,"Online","ui/icon/061000/061505.tex"
