﻿key,0,1,2,3,4,5,6,7,8,9,10,11,12
#,,,,,,,,,,,,,
int32,int32,byte,byte,byte,byte,int32,str,str,str,bit&01,bit&02,str,str
0,0,0,0,0,0,0,"","","",False,True,"",""
1,1,4,0,0,0,88,"SE_Bt_Etc_QTE_Ready","SE_Bt_Etc_QTE_Success","SE_Bt_Etc_QTE_Fail",False,True,"Eject","Press the button to descend!"
2,2,5,23,0,0,88,"SE_Bt_Etc_QTE_Ready","SE_Bt_Etc_QTE_Success","SE_Bt_Etc_QTE_Fail",False,True,"Escape","Tap button rapidly to avoid obstacles!"
3,3,25,30,3,0,88,"SE_Bt_Etc_QTE_Ready","SE_Bt_Etc_QTE_Success","SE_Bt_Etc_QTE_Fail",True,True,"Clash","Tap button rapidly to push back!"
4,4,0,0,0,0,0,"","","",False,True,"",""
5,2,5,35,0,0,88,"SE_Bt_Etc_QTE_Ready","SE_Bt_Etc_QTE_Success","SE_Bt_Etc_QTE_Fail",False,True,"Escape","Tap button rapidly to avoid obstacles!"
6,2,5,15,0,0,88,"SE_Bt_Etc_QTE_Ready","SE_Bt_Etc_QTE_Success","SE_Bt_Etc_QTE_Fail",False,True,"Escape","Tap button rapidly to break free!"
