﻿key,0,1,2,3,4,5,6,7,8,9,10,11,12,13,14,15
#,Item{Atma},Item{Animus},Icon,,,,,,,,,,,,,
int32,Item,Item,Image,uint16,byte,byte,byte,uint16,byte,byte,byte,uint16,byte,byte,uint16,byte
0,"","","ui/icon/000000/000000.tex",0,0,0,0,0,0,0,0,0,0,0,0,0
1,"Curtana Atma","Curtana Animus","ui/icon/080000/080152.tex",39,1,2,0,43,4,5,0,44,7,8,45,9
2,"Sphairai Atma","Sphairai Animus","ui/icon/080000/080153.tex",39,1,2,3,43,4,5,6,44,7,8,47,9
3,"Bravura Atma","Bravura Animus","ui/icon/080000/080154.tex",39,1,2,3,43,4,5,6,45,7,8,47,9
4,"Gae Bolg Atma","Gae Bolg Animus","ui/icon/080000/080155.tex",39,1,2,3,43,4,5,6,44,7,8,49,9
5,"Artemis Bow Atma","Artemis Bow Animus","ui/icon/080000/080156.tex",40,1,2,3,43,4,5,6,44,7,8,47,9
6,"Thyrus Atma","Thyrus Animus","ui/icon/080000/080157.tex",42,1,2,3,43,4,5,6,46,7,8,48,9
7,"Stardust Rod Atma","Stardust Rod Animus","ui/icon/080000/080158.tex",41,1,2,3,43,4,5,6,48,7,8,46,9
8,"The Veil of Wiyu Atma","The Veil of Wiyu Animus","ui/icon/080000/080159.tex",41,1,2,3,43,4,5,6,48,7,8,46,9
9,"Omnilex Atma","Omnilex Animus","ui/icon/080000/080160.tex",42,1,2,3,43,4,5,6,48,7,8,46,9
10,"Holy Shield Atma","Holy Shield Animus","ui/icon/080000/080151.tex",39,3,0,0,43,6,0,0,0,0,0,0,0
11,"Yoshimitsu Atma","Yoshimitsu Animus","ui/icon/080000/080161.tex",40,1,2,3,43,4,5,6,49,7,8,44,9
