﻿key,0
#,
int32,str
0,""
1,"voice/Voice_NPC_Act/Vo_NPC_Act_LowMaPo.scd"
2,"voice/Voice_NPC_Act/Vo_NPC_Act_LowMaNe.scd"
3,"voice/Voice_NPC_Act/Vo_NPC_Act_LowMaSy.scd"
4,"voice/Voice_NPC_Act/Vo_NPC_Act_LowMbPo.scd"
5,"voice/Voice_NPC_Act/Vo_NPC_Act_LowMbNe.scd"
6,"voice/Voice_NPC_Act/Vo_NPC_Act_LowMbSy.scd"
7,"voice/Voice_NPC_Act/Vo_NPC_Act_LowFaPo.scd"
8,"voice/Voice_NPC_Act/Vo_NPC_Act_LowFaNe.scd"
9,"voice/Voice_NPC_Act/Vo_NPC_Act_LowFaSy.scd"
10,"voice/Voice_NPC_Act/Vo_NPC_Act_LowFbPo.scd"
11,"voice/Voice_NPC_Act/Vo_NPC_Act_LowFbNe.scd"
12,"voice/Voice_NPC_Act/Vo_NPC_Act_LowFbSy.scd"
13,"voice/Voice_NPC_Act/Vo_NPC_Act_YouthMaPo.scd"
14,"voice/Voice_NPC_Act/Vo_NPC_Act_YouthMaNe.scd"
15,"voice/Voice_NPC_Act/Vo_NPC_Act_YouthMaSy.scd"
16,"voice/Voice_NPC_Act/Vo_NPC_Act_YouthMbPo.scd"
17,"voice/Voice_NPC_Act/Vo_NPC_Act_YouthMbNe.scd"
18,"voice/Voice_NPC_Act/Vo_NPC_Act_YouthMbSy.scd"
19,"voice/Voice_NPC_Act/Vo_NPC_Act_YouthFaPo.scd"
20,"voice/Voice_NPC_Act/Vo_NPC_Act_YouthFaNe.scd"
21,"voice/Voice_NPC_Act/Vo_NPC_Act_YouthFaSy.scd"
22,"voice/Voice_NPC_Act/Vo_NPC_Act_YouthFbPo.scd"
23,"voice/Voice_NPC_Act/Vo_NPC_Act_YouthFbNe.scd"
24,"voice/Voice_NPC_Act/Vo_NPC_Act_YouthFbSy.scd"
25,"voice/Voice_NPC_Act/Vo_NPC_Act_LalaMaPo.scd"
26,"voice/Voice_NPC_Act/Vo_NPC_Act_LalaMaNe.scd"
27,"voice/Voice_NPC_Act/Vo_NPC_Act_LalaMaSy.scd"
28,"voice/Voice_NPC_Act/Vo_NPC_Act_LalaMbPo.scd"
29,"voice/Voice_NPC_Act/Vo_NPC_Act_LalaMbNe.scd"
30,"voice/Voice_NPC_Act/Vo_NPC_Act_LalaMbSy.scd"
31,"voice/Voice_NPC_Act/Vo_NPC_Act_LalaFaPo.scd"
32,"voice/Voice_NPC_Act/Vo_NPC_Act_LalaFaNe.scd"
33,"voice/Voice_NPC_Act/Vo_NPC_Act_LalaFaSy.scd"
34,"voice/Voice_NPC_Act/Vo_NPC_Act_LalaFbPo.scd"
35,"voice/Voice_NPC_Act/Vo_NPC_Act_LalaFbNe.scd"
36,"voice/Voice_NPC_Act/Vo_NPC_Act_LalaFbSy.scd"
37,"voice/Voice_NPC_Act/Vo_NPC_Act_YoshidaPo.scd"
38,"voice/Voice_NPC_Act/Vo_NPC_Act_MoglePo.scd"
39,"event/SE_Event_001.scd"
40,"event/SE_Event_002.scd"
41,"event/SE_Event_003.scd"
42,"event/SE_Event_004.scd"
43,"event/SE_Event_005.scd"
44,"event/SE_Event_006.scd"
45,"event/SE_Event_007.scd"
46,"event/SE_Event_008.scd"
47,"battle/etc/SE_Bt_Etc_UnicornVo.scd"
48,"event/SE_Event_009.scd"
49,"event/SE_Event_010.scd"
50,"event/SE_Event_011.scd"
51,"event/SE_Event_012.scd"
52,"event/SE_Event_013.scd"
53,"event/SE_Event_014.scd"
54,"event/SE_Event_015.scd"
55,"event/SE_Event_016.scd"
56,"event/SE_Event_017.scd"
57,"event/SE_Event_018.scd"
58,"event/SE_Event_019.scd"
59,"event/SE_Event_020.scd"
60,"event/SE_Event_021.scd"
61,"event/SE_Event_022.scd"
62,"event/SE_Event_023.scd"
63,"event/SE_Event_024.scd"
64,"event/SE_Event_025.scd"
65,"event/SE_Event_026.scd"
66,"event/SE_Event_027.scd"
67,"event/SE_Event_028.scd"
68,"event/SE_Event_029.scd"
69,"event/SE_Event_030.scd"
70,"event/SE_Event_031.scd"
71,"event/SE_Event_032.scd"
72,"event/SE_Event_033.scd"
73,"event/SE_Event_034.scd"
74,"event/SE_Event_035.scd"
75,"event/SE_Event_036.scd"
76,"event/SE_Event_037.scd"
77,"event/SE_Event_038.scd"
78,"event/SE_Event_039.scd"
79,"vfx/monster/SE_Vfx_Monster_Molbol_kusai_c.scd"
80,"event/SE_Event_041.scd"
81,"event/SE_Event_042.scd"
82,"event/SE_Event_043.scd"
83,"event/SE_Event_044.scd"
84,"event/SE_Event_045.scd"
85,"event/SE_Event_046.scd"
86,"event/SE_Event_047.scd"
87,"event/SE_Event_048.scd"
88,"event/SE_Event_053.scd"
89,"event/SE_Event_054.scd"
90,"event/SE_Event_055.scd"
91,"event/SE_Event_056.scd"
92,"event/SE_Event_059.scd"
93,"event/SE_Event_060.scd"
94,"event/SE_Event_061.scd"
95,"event/SE_Event_062.scd"
96,"event/SE_Event_063.scd"
97,"event/SE_Event_064.scd"
98,"event/SE_Event_065.scd"
99,"event/SE_Event_066.scd"
100,"event/SE_Event_067.scd"
101,"event/SE_Event_068.scd"
102,"event/SE_Event_069.scd"
103,"event/SE_Event_070.scd"
104,"event/SE_Event_071.scd"
105,"event/SE_Event_072.scd"
106,"event/SE_Event_075.scd"
107,"event/SE_Event_076.scd"
108,"event/SE_Event_077.scd"
109,"event/SE_Event_079.scd"
110,"event/SE_Event_080.scd"
111,"zingle/Zingle_Fate_S_Start.scd"
112,"zingle/Zingle_Fate_S_Clear.scd"
113,"event/SE_Event_081.scd"
114,"event/SE_Event_082.scd"
115,"event/SE_Event_083.scd"
116,"event/SE_Event_084.scd"
117,"event/SE_Event_085.scd"
118,"event/SE_Event_086.scd"
119,"event/SE_Event_087.scd"
120,"event/SE_Event_088.scd"
121,"event/SE_Event_089.scd"
122,"event/SE_Event_090.scd"
123,"event/SE_Event_091.scd"
124,"event/SE_Event_092.scd"
125,"event/SE_Event_093.scd"
126,"event/SE_Event_094.scd"
127,"zingle/Zingle_Yokai_01.scd"
128,"zingle/Zingle_Yokai_02.scd"
129,"zingle/Zingle_Yokai_03.scd"
130,"zingle/Zingle_Yokai_04.scd"
131,"zingle/Zingle_Yokai_05.scd"
132,"zingle/Zingle_Yokai_06.scd"
133,"zingle/Zingle_Yokai_07.scd"
134,"event/SE_Event_095.scd"
135,"event/SE_Event_096.scd"
136,"event/SE_Event_097.scd"
137,"event/SE_Event_098.scd"
138,"event/SE_Event_099.scd"
139,"event/SE_Event_100.scd"
140,"event/SE_Event_101.scd"
141,"event/SE_Event_102.scd"
142,"event/SE_Event_104.scd"
143,"event/SE_Event_103.scd"
144,"event/SE_Event_105.scd"
145,"event/SE_Event_115.scd"
146,"event/SE_Event_116.scd"
147,"event/SE_Event_117.scd"
148,"event/SE_Event_118.scd"
149,"event/SE_Event_119.scd"
150,"event/SE_Event_120.scd"
151,"event/SE_Event_124.scd"
152,"event/SE_Event_125.scd"
153,"event/SE_Event_106.scd"
154,"event/SE_Event_107.scd"
155,"event/SE_Event_108.scd"
156,"event/SE_Event_109.scd"
157,"event/SE_Event_110.scd"
158,"event/SE_Event_111.scd"
159,"event/SE_Event_112.scd"
160,"event/SE_Event_113.scd"
161,"event/SE_Event_114.scd"
162,"event/SE_Event_126.scd"
163,"event/SE_Event_121.scd"
164,"event/SE_Event_122.scd"
165,"event/SE_Event_123.scd"
166,"event/SE_Event_127.scd"
167,"event/SE_Event_128.scd"
168,"event/SE_Event_129.scd"
