﻿key,0,1,2,3,4,5,6,7,8,9,10,11,12
#,Name,,,Shop[0],Shop[1],Shop[2],Shop[3],Shop[4],Shop[5],Shop[6],Shop[7],Shop[8],Shop[9]
int32,str,byte,uint16,Row,Row,Row,Row,Row,Row,Row,Row,Row,Row
3276800,"",0,0,,,,,,,,,,
3276801,"",0,0,,,,,,,,,,
3276802,"Purchase Gordian Items",0,0,"Gordian Part Exchange (DoW) I","Gordian Part Exchange (DoW) II","Gordian Part Exchange (DoM)","Gordian Manifesto Exchange (DoW) I","Gordian Manifesto Exchange (DoW) II","Gordian Manifesto Exchange (DoM)","Precision Gordian Part Exchange",,,
3276803,"Purchase Midan Items",0,0,"Midan Part Exchange (DoW) I","Midan Part Exchange (DoW) II","Midan Part Exchange (DoM)","Midan Manifesto Exchange (DoW) I","Midan Manifesto Exchange (DoW) II","Midan Manifesto Exchange (DoM)",,,,
3276804,"",2,325,,,,,,,,,,
3276805,"",1,325,"Tradecraft Keep Tool Augmentation","Tradecraft Keep Gear Augmentation","Fieldcraft Keep Tool Augmentation","Fieldcraft Keep Gear Augmentation",,,,,,
3276806,"Purchase Alexandrian Items",0,0,"Alexandrian Part Exchange (DoW) I","Alexandrian Part Exchange (DoW) II","Alexandrian Part Exchange (DoM)","Alexandrian Manifesto Exchange (DoW) I","Alexandrian Manifesto Exchange (DoW) II","Alexandrian Manifesto Exchange (DoM)",,,,
3276807,"",0,0,,,,,,,,,,
3276808,"",0,0,,,,,,,,,,
3276809,"",0,0,,,,,,,,,,
3276810,"Purchase Artifact Gear",0,0,"Artifact Gear Exchange (DoW) I","Artifact Gear Exchange (DoW) II","Artifact Gear Exchange (DoM)",,,,,,,
3276811,"Purchase Doman Gear",0,0,"Centurio Seal Exchange (Doman Gear) I","Centurio Seal Exchange (Doman Gear) II",,,,,,,,
3276812,"Improve Shire Gear",0,0,"Shire Gear Augmentation (DoW) I","Shire Gear Augmentation (DoW) II","Shire Gear Augmentation (DoM)",,,,,,,
3276813,"",1,326,"Tradecraft Keep Tool Augmentation","Tradecraft Keep Gear Augmentation","Handmaster Accessory Augmentation","Fieldcraft Keep Tool Augmentation","Fieldcraft Keep Gear Augmentation","Landmaster Accessory Augmentation","DoH Materia Exchange","DoL Materia Exchange",,
3276814,"",2,326,"Tradecraft Keep Tool Augmentation","Tradecraft Keep Gear Augmentation","Fieldcraft Keep Tool Augmentation","Fieldcraft Keep Gear Augmentation",,,,,,
3276815,"Purchase Garo Gear (DoW)",0,0,"Repurchase Paladin Gear","Repurchase Warrior Gear","Repurchase Dark Knight Gear","Repurchase Monk Gear","Repurchase Dragoon Gear","Repurchase Ninja Gear","Repurchase Bard Gear","Repurchase Machinist Gear",,
3276816,"Purchase Garo Gear (DoM)",0,0,"Repurchase Black Mage Gear","Repurchase Summoner Gear","Repurchase White Mage Gear","Repurchase Scholar Gear","Repurchase Astrologian Gear",,,,,
3276817,"Use Wolf Marks (ARR)",0,0,"Wolf Mark Weapons (IL 70)","Wolf Mark Weapons (IL 90)","Wolf Mark Weapons (IL 100)","Wolf Mark Weapons (IL 110)",,,,,,
3276818,"Use Wolf Marks (ARR)",0,0,"Wolf Mark Weapons (IL 70)","Wolf Mark Weapons (IL 90)","Wolf Mark Weapons (IL 100)","Wolf Mark Weapons (IL 110)",,,,,,
3276819,"Use Wolf Marks (ARR)",0,0,"Wolf Mark Gear (IL 70)","Wolf Mark Gear (IL 90)","Wolf Mark Gear (IL 100)","Wolf Mark Gear (IL 110)",,,,,,
3276820,"Use Wolf Marks (ARR)",0,0,"Wolf Mark Gear (IL 70)","Wolf Mark Gear (IL 90)","Wolf Mark Gear (IL 100)","Wolf Mark Gear (IL 110)",,,,,,
3276821,"Use Wolf Marks (Heavensward)",0,0,"Wolf Mark Weapons (IL 180)","Wolf Mark Weapons (IL 205)",,,,,,,,
3276822,"Use Wolf Marks (Heavensward)",0,0,"Wolf Mark Weapons (IL 180)","Wolf Mark Weapons (IL 205)",,,,,,,,
3276823,"Use Wolf Marks (Heavensward)",0,0,"Wolf Mark Gear (IL 180)","Wolf Mark Gear (IL 205)",,,,,,,,
3276824,"Use Wolf Marks (Heavensward)",0,0,"Wolf Mark Gear (IL 180)","Wolf Mark Gear (IL 205)",,,,,,,,
3276825,"Purchase Disciple of War Gear",0,0,"Purchase Gear (Lv. 1-9)","Purchase Gear (Lv. 10-19)","Purchase Gear (Lv. 20-29)","Purchase Gear (Lv. 30-39)","Purchase Gear (Lv. 40-49)",,,,,
3276826,"Purchase Disciple of Magic Gear",0,0,"Purchase Gear (Lv. 1-9)","Purchase Gear (Lv. 10-19)","Purchase Gear (Lv. 20-29)","Purchase Gear (Lv. 30-39)","Purchase Gear (Lv. 40-49)",,,,,
3276827,"Purchase Disciple of the Hand/Land Gear",0,0,"Purchase Gear (Lv. 1-9)","Purchase Gear (Lv. 10-19)","Purchase Gear (Lv. 20-29)","Purchase Gear (Lv. 30-39)","Purchase Gear (Lv. 40-49)",,,,,
3276828,"Purchase Disciple of War Arms",0,0,"Purchase Weapons (Lv. 1-9)","Purchase Weapons (Lv. 10-19)","Purchase Weapons (Lv. 20-29)","Purchase Weapons (Lv. 30-39)","Purchase Weapons (Lv. 40-49)",,,,,
3276829,"Purchase Disciple of Magic Arms",0,0,"Purchase Weapons (Lv. 1-9)","Purchase Weapons (Lv. 10-19)","Purchase Weapons (Lv. 20-29)","Purchase Weapons (Lv. 30-39)","Purchase Weapons (Lv. 40-49)",,,,,
3276830,"Purchase Disciple of the Hand Tools",0,0,"Purchase Tools (Lv. 1-9)","Purchase Tools (Lv. 10-19)","Purchase Tools (Lv. 20-29)","Purchase Tools (Lv. 30-39)","Purchase Tools (Lv. 40-49)",,,,,
3276831,"Purchase Disciple of the Land Tools",0,0,"Purchase Tools (Lv. 1-9)","Purchase Tools (Lv. 10-19)","Purchase Tools (Lv. 20-29)","Purchase Tools (Lv. 30-39)","Purchase Tools (Lv. 40-49)",,,,,
3276832,"Purchase Disciple of War Gear",0,0,"Purchase Gear (Lv. 30-39)","Purchase Gear (Lv. 40-49)","Purchase Gear (Lv. 50)","Purchase Gear (Lv. 52)","Purchase Gear (Lv. 54)","Purchase Gear (Lv. 56)","Purchase Gear (Lv. 58)","Purchase Battlecraft Gear (Lv. 60)",,
3276833,"Purchase Disciple of Magic Gear",0,0,"Purchase Gear (Lv. 30-39)","Purchase Gear (Lv. 40-49)","Purchase Gear (Lv. 50)","Purchase Gear (Lv. 52)","Purchase Gear (Lv. 54)","Purchase Gear (Lv. 56)","Purchase Gear (Lv. 58)","Purchase Battlecraft Gear (Lv. 60)",,
3276834,"Purchase Disciple of the Hand/Land Gear",0,0,"Purchase Gear (Lv. 30-39)","Purchase Gear (Lv. 40-49)","Purchase Gear (Lv. 50-60)",,,,,,,
3276835,"Purchase Disciple of War Arms",0,0,"Purchase Weapons (Lv. 30-39)","Purchase Weapons (Lv. 40-49)","Purchase Weapons (Lv. 50)","Purchase Weapons (Lv. 52)","Purchase Weapons (Lv. 54)","Purchase Weapons (Lv. 56)","Purchase Weapons (Lv. 58)","Purchase Weapons (Lv. 60)",,
3276836,"Purchase Disciple of Magic Arms",0,0,"Purchase Weapons (Lv. 30-39)","Purchase Weapons (Lv. 40-49)","Purchase Weapons (Lv. 50)","Purchase Weapons (Lv. 52)","Purchase Weapons (Lv. 54)","Purchase Weapons (Lv. 56)","Purchase Weapons (Lv. 58)","Purchase Weapons (Lv. 60)",,
3276837,"Purchase Disciple of the Hand Tools",0,0,"Purchase Tools (Lv. 30-39)","Purchase Tools (Lv. 40-49)","Purchase Tools (Lv. 50-60)",,,,,,,
3276838,"Purchase Disciple of the Land Tools",0,0,"Purchase Tools (Lv. 30-39)","Purchase Tools (Lv. 40-49)","Purchase Tools (Lv. 50-60)",,,,,,,
3276839,"Purchase Job-specific Gear",0,0,"Purchase Lv. 50 Arms & Tools","Purchase Lv. 50 Gear (DoW)","Purchase Lv. 50 Gear (DoM)","Purchase Lv. 70 Arms ","Purchase Lv. 70 Gear (DoW) I","Purchase Lv. 70 Gear (DoW) II","Purchase Lv. 70 Gear (DoM) ",,,
3276840,"Purchase Quest Rewards",0,0,"Purchase Quest Rewards","Purchase Achievement Rewards I","Purchase Achievement Rewards II",,,,,,,
3276841,"Purchase Gender-specific Gear",0,0,"Gender-specific Gear Exchange (♂→♀) I","Gender-specific Gear Exchange (♂→♀) II","Gender-specific Gear Exchange (♀→♂) I","Gender-specific Gear Exchange (♀→♂) II",,,,,,
3276842,"Deal in Spoils",0,0,"Dream of the Fayth Exchange","Chocobo Feather Exchange I","Chocobo Feather Exchange II",,,,,,,
3276843,"",0,0,,,,,,,,,,
3276844,"",0,0,,,,,,,,,,
3276845,"",0,0,,,,,,,,,,
3276846,"",0,0,,,,,,,,,,
3276847,"",0,0,,,,,,,,,,
3276848,"",0,0,,,,,,,,,,
3276849,"",0,0,,,,,,,,,,
3276850,"",0,0,,,,,,,,,,
3276851,"",0,0,,,,,,,,,,
3276852,"",0,0,,,,,,,,,,
3276853,"",0,0,,,,,,,,,,
3276854,"",0,0,,,,,,,,,,
3276855,"",0,0,,,,,,,,,,
3276856,"",0,0,,,,,,,,,,
3276857,"",0,0,,,,,,,,,,
3276858,"",0,0,,,,,,,,,,
3276859,"",0,0,,,,,,,,,,
3276860,"",0,0,,,,,,,,,,
3276861,"",0,0,,,,,,,,,,
3276862,"",0,0,,,,,,,,,,
3276863,"",0,0,,,,,,,,,,
3276864,"",0,0,,,,,,,,,,
3276865,"",0,0,,,,,,,,,,
3276866,"",0,0,,,,,,,,,,
3276867,"",0,0,,,,,,,,,,
3276868,"",0,0,,,,,,,,,,
3276869,"",0,0,,,,,,,,,,
3276870,"",0,0,,,,,,,,,,
3276871,"",0,0,,,,,,,,,,
3276872,"",0,0,,,,,,,,,,
3276873,"",0,0,,,,,,,,,,
3276874,"",0,0,,,,,,,,,,
3276875,"",0,0,,,,,,,,,,
3276876,"",0,0,,,,,,,,,,
3276877,"",0,0,,,,,,,,,,
3276878,"",0,0,,,,,,,,,,
3276879,"",0,0,,,,,,,,,,
3276880,"",0,0,,,,,,,,,,
3276881,"",0,0,,,,,,,,,,
3276882,"",0,0,,,,,,,,,,
3276883,"",0,0,,,,,,,,,,
3276884,"",0,0,,,,,,,,,,
3276885,"",0,0,,,,,,,,,,
3276886,"",0,0,,,,,,,,,,
3276887,"",0,0,,,,,,,,,,
3276888,"",0,0,,,,,,,,,,
3276889,"",0,0,,,,,,,,,,
3276890,"",0,0,,,,,,,,,,
3276891,"",0,0,,,,,,,,,,
3276892,"",0,0,,,,,,,,,,
3276893,"",0,0,,,,,,,,,,
3276894,"",0,0,,,,,,,,,,
3276895,"",0,0,,,,,,,,,,
3276896,"",0,0,,,,,,,,,,
3276897,"",0,0,,,,,,,,,,
3276898,"",0,0,,,,,,,,,,
3276899,"",0,0,,,,,,,,,,
