﻿key,0,1,2,3,4,5,6,7,8,9,10,11
#,Level,PlaceName,DefaultTalk1,DefaultTalk2,DefaultTalk3,WarpCondition,WarpLogic,,,,,
int32,Level,TerritoryType,uint32,uint32,uint32,uint16,uint16,uint16,uint16,bit&01,str,str
131072,,,0,0,0,1,1,0,0,False,"",""
131073,"f1f1/00","f1f1",0,0,0,2,2,0,0,False,"",""
131074,"f1e4/00","f1e4",590352,590353,0,3,1,0,0,False,"","Proceed to the Seat of the First Bow?"
131075,"f1t1/00","f1t1",0,0,0,1,1,0,0,False,"","Leave the Seat of the First Bow?"
131076,"f1t2/00","f1t2",0,0,0,1,1,0,0,False,"","Leave the Lotus Stand?"
131077,"f1f2/00","f1f2",590354,590355,0,4,1,0,0,False,"Purchase passage to Sweetbloom Pier","Board the ferry to Sweetbloom Pier?"
131078,"f1t2/00","f1t2",590356,590259,0,4,1,0,0,False,"","Board the ferry to Old Gridania?"
131079,,"s1ti",0,0,0,5,3,0,0,False,"",""
131080,"f1ti/00","f1ti",0,0,0,5,4,0,0,False,"",""
131081,,"w1ti",0,0,0,5,5,0,0,False,"",""
131082,,"s1t1",0,0,0,1,1,0,0,False,"","Exit room?"
131083,"f1t1/00","f1t1",0,0,0,1,1,0,0,False,"","Exit room?"
131084,,"w1t1",0,0,0,1,1,0,0,False,"","Exit room?"
131085,,"w1t2",0,0,0,1,1,0,0,False,"","Leave the Heart of the Sworn?"
131086,,"w1f1",590441,590620,590448,6,1,0,0,False,"","Take the ferry to Crescent Cove for 40 gil?"
131087,,"w1f1",590442,590621,590449,6,1,0,0,False,"","Take the ferry to the Silver Bazaar for 40 gil?"
131088,,"w1e6",0,590450,0,7,1,0,0,False,"","Enter the Waking Sands?"
131089,,"w1f1",0,0,0,1,1,0,0,False,"","Leave the Waking Sands?"
131090,"w1e6/00","w1e6",0,590564,0,21,1,0,0,False,"","Enter the solar?"
131091,,"w1e6",0,0,0,1,1,0,0,False,"","Leave the solar?"
131092,,"s1t1",0,0,0,1,1,0,0,False,"Ride lift to the airship landing","Proceed to the airship landing?"
131093,,"s1t1",0,0,0,1,1,0,0,False,"Ride lift to the Drowning Wench","Proceed to the Drowning Wench?"
131094,"s1t2/00","s1t2",0,0,0,1,1,0,0,False,"Ride lift to Bulwark Hall","Proceed to Bulwark Hall?"
131095,,"w1t1",0,0,0,1,1,0,0,False,"Ride lift to the airship landing","Proceed to the airship landing?"
131096,,"w1t2",0,0,0,1,1,0,0,False,"Ride lift to the Hustings Strip","Proceed to the Hustings Strip?"
131097,,"w1t1",0,0,0,1,1,0,0,False,"Ride lift to the Ruby Road Exchange","Proceed to the Ruby Road Exchange?"
131098,"w1e4/00","w1e4",590451,590452,0,8,1,0,0,False,"","Proceed into the Heart of the Sworn?"
131099,"w1f4/01","w1f4",590611,0,0,1,1,0,0,False,"","Proceed to the Bowl of Embers?"
131100,,"w1f3",590610,0,0,1,1,0,0,False,"","Leave the immediate area?"
131101,"f1t1/00","f1t1",0,590530,590453,9,1,227,232,True,"Purchase passage to Gridania","Travel to Gridania for 120 gil?"
131102,"s1t1/01","s1t1",0,590530,590453,9,1,227,230,True,"Purchase passage to Limsa Lominsa","Travel to Limsa Lominsa for 120 gil?"
131103,"w1t1/01","w1t1",0,589916,590454,9,1,231,228,True,"Purchase passage to Ul'dah","Travel to Ul'dah for 120 gil?"
131104,"s1t1/01","s1t1",0,589916,590454,9,1,231,230,True,"Purchase passage to Limsa Lominsa","Travel to Limsa Lominsa for 120 gil?"
131105,"w1t1/01","w1t1",0,590531,590455,9,1,229,228,True,"Purchase passage to Ul'dah","Travel to Ul'dah for 120 gil?"
131106,"f1t1/00","f1t1",0,590531,590455,9,1,229,232,True,"Purchase passage to Gridania","Travel to Gridania for 120 gil?"
131107,,"s1t2",0,591076,590456,10,1,235,234,True,"","Travel to Limsa Lominsa for 80 gil?"
131108,,"w1f1",0,591077,590457,10,1,233,236,True,"","Travel to Vesper Bay for 80 gil?"
131109,"s1f4/00","s1f4",590514,590515,590622,11,1,0,0,False,"Purchase passage to Aleport","Travel to Aleport for 40 gil?"
131110,,"s1t2",590516,590517,590623,11,1,0,0,False,"Purchase passage to Limsa Lominsa","Travel to Limsa Lominsa for 40 gil?"
131111,"s1f3/00","s1f3",590518,590519,590624,12,1,0,0,False,"Purchase passage to Costa del Sol","Travel to Costa del Sol for 40 gil?"
131112,,"s1t2",590520,590521,590625,12,1,0,0,False,"Purchase passage to Limsa Lominsa","Travel to Limsa Lominsa for 40 gil?"
131113,,"s1f5",590510,0,590511,13,1,0,0,False,"Purchase passage to Jijiroon's Trading Post","Travel to Jijiroon's Trading Post for 40 gil?"
131114,,"s1f5",590512,0,590513,13,1,0,0,False,"Purchase passage to Memeroon's Trading Post","Travel to Memeroon's Trading Post for 40 gil?"
131115,"s1f4/00","s1f4",590522,590626,590628,14,1,0,0,False,"Purchase passage to Aleport","Travel to Aleport for 40 gil?"
131116,,"s1f2",590523,590627,590629,14,1,0,0,False,"Purchase passage to Candlekeep Quay","Travel to Candlekeep Quay for 40 gil?"
131117,,"f1f1",590524,590525,0,15,1,0,0,False,"Travel beyond the White Wolf Gate","Travel beyond the White Wolf Gate?"
131118,,"f1t1",590529,590526,0,15,1,0,0,False,"","Enter Gridania?"
131119,,"s1f3",590527,0,590630,16,1,0,0,False,"Purchase passage to Raincatcher Gully","Travel to Raincatcher Gully for 40 gil?"
131120,,"s1f3",590528,0,590631,16,1,0,0,False,"Purchase passage to Hidden Falls","Travel to Hidden Falls for 40 gil?"
131121,"f1e5/00","f1e5",590535,590536,0,19,1,0,0,False,"Seek entry to the Lotus Stand","Proceed to the Lotus Stand?"
131122,"s1e4/00","s1e4",590563,0,0,20,1,0,0,False,"Seek entry to the command room","Enter the command room?"
131123,,"s1t2",0,0,0,1,1,0,0,False,"","Leave the command room?"
131124,,"s1f1",0,0,0,2,2,0,0,False,"",""
131125,,"w1f2",0,0,0,2,2,0,0,False,"",""
131126,,"w1f4",590603,0,0,1,1,0,0,False,"","Travel to the Minotaur Malm?"
131127,,"w1f4",590604,0,0,1,1,0,0,False,"","Travel to Nald's Reflection?"
131128,"w1t1/01","w1t1",590607,0,0,1,1,0,0,False,"","Leave the landing area?"
131129,"f1t1/00","f1t1",590608,0,0,1,1,0,0,False,"","Leave the landing area?"
131130,"s1t1/01","s1t1",590609,0,0,1,1,0,0,False,"","Leave the landing area?"
131131,,"s1p1",590632,0,0,1,1,0,0,False,"Seek passage to the Wolves' Den","Travel to the Wolves' Den?"
131132,,"s1f2",590633,0,0,1,1,0,0,False,"Seek passage to the Moraby Drydocks","Travel to the Moraby Drydocks?"
131133,"s1f4/00","s1f4",590634,0,0,1,1,0,0,False,"Seek passage to Aleport","Travel to Aleport?"
131134,"s1f4/00","s1f4",590635,590636,590637,22,1,0,0,False,"Purchase passage to the Isles of Umbra","Travel to the Isles of Umbra for 40 gil?"
131135,"s1f4/00","s1f4",0,0,0,1,1,0,0,False,"Seek passage to Aleport","Travel to Aleport?"
131136,,"s1f4",590638,590639,590640,23,1,0,0,False,"Purchase passage to the Serpent's Tongue","Travel to the Serpent's Tongue for 40 gil?"
131137,,"l1f1",0,0,0,1,1,0,0,False,"","Leave Cid's workshop?"
131138,"f1t1/00","f1t1",590843,0,0,1,1,0,0,False,"","Travel to Gridania?"
131139,,"s1f3",0,0,0,1,1,0,0,False,"","Leave the Binding Coil of Bahamut?"
131140,"w1f5/00","w1f5",0,0,0,1,1,0,390,False,"","Leave the Binding Coil of Bahamut?"
131141,,"s1b7",0,0,0,1,1,389,0,False,"","Activate the lift?"
131142,,"l1e1",0,0,0,1,1,0,0,False,"","Enter the solar?"
131143,,"l1e1",0,0,0,1,1,0,0,False,"","Leave the solar?"
131144,,"l1e1",0,0,0,1,1,0,0,False,"","Enter the Rising Stones?"
131145,,"l1f1",0,0,0,1,1,0,0,False,"","Leave the Rising Stones?"
131146,,"l1f1",0,0,0,1,1,0,0,False,"","Enter the Eight Sentinels?"
131147,,"l1f1",0,0,0,1,1,0,0,False,"","Leave the Eight Sentinels?"
131148,,,0,0,0,1,6,0,0,False,"","Enter the estate hall?"
131149,,,0,0,0,1,7,0,0,False,"","Leave the estate hall?"
131150,,"f1h1",591149,0,0,1,1,0,0,False,"",""
131151,,"f1f1",591150,0,0,1,1,0,0,False,"",""
131152,"s1f6/00","s1f6",0,0,0,1,1,0,0,False,"","Leave the 13th Order workshop?"
131153,,"s1f4",0,0,0,1,1,0,0,False,"","Return to Novv's Nursery?"
131154,,"s1f4",0,0,0,1,1,0,0,False,"","Return to Novv's Nursery?"
131155,,"s1f4",0,0,0,1,1,0,0,False,"","Return to Novv's Nursery?"
131156,,"s1f4",0,0,0,1,1,0,0,False,"","Return to Novv's Nursery?"
131157,,"s1f4",0,0,0,1,1,0,0,False,"","Return to Novv's Nursery?"
131158,,"f1h1",591254,591260,0,24,1,0,0,False,"Seek passage to the Lavender Beds","Travel to the Lavender Beds?"
131159,"f1t2/00","f1t2",591255,591261,0,24,1,0,0,False,"",""
131160,,"s1h1",591256,591262,0,25,1,0,0,False,"Seek passage to Mist","Travel to Mist?"
131161,,"s1t2",591257,591263,0,25,1,0,0,False,"",""
131162,,"w1h1",591258,591264,0,26,1,0,0,False,"",""
131163,,"w1t2",591259,591265,0,26,1,0,0,False,"",""
131164,,"f1f4",0,0,0,1,1,0,0,False,"","Leave the Eorzean subterrane?"
131165,"w1f5/00","w1f5",0,0,0,1,1,0,0,False,"","Leave the Binding Coil of Bahamut?"
131166,"r1e2/00","r1e2",591750,0,0,1,1,0,0,False,"","Enter the intercessory?"
131167,"r1f1/00","r1f1",0,0,0,1,1,0,0,False,"","Leave the intercessory?"
131168,"f1f2/00","f1f2",0,0,0,1,1,0,0,False,"","Leave the Ivory Chapel?"
131169,"s1f3/00","s1f3",590097,0,0,1,1,0,0,False,"Board the Rhotano privateer","Board the Rhotano privateer?"
131170,"s1f3/00","s1f3",590098,0,0,1,1,0,0,False,"Return to Costa del Sol","Return to Costa del Sol?"
131171,,"s1t2",0,0,0,1,1,0,0,False,"","Leave the guild?"
131172,"s1t2/00","s1t2",591865,0,0,27,1,0,0,False,"Enter the Rogues' Guild","Enter the Rogues' Guild?"
131173,,"s1f3",0,0,0,1,1,0,0,False,"","Leave the dock storehouse?"
131174,"s1f3/00","s1f3",591889,591888,0,28,1,0,0,False,"Enter the dock storehouse","Enter the dock storehouse?"
131175,,"w1f5",0,0,0,1,1,0,0,False,"","Leave the Eorzean subterrane?"
131176,"f1e6/00","f1e6",0,0,0,1,8,0,0,False,"","Enter the Ivory Chapel?"
131177,,"w1ed",591975,0,0,1,1,0,0,False,"","Ride lift to Chocobo Square?"
131178,,"w1eb"{{{STRING}}},591981,0,0,1,1,0,0,False,"","Return to Entrance Square?"
131179,,"w1eb"{{{STRING}}},0,591990,0,29,1,0,0,False,"Seek passage to the Gold Saucer","Travel to the Gold Saucer?"
131180,,"w1eb"{{{STRING}}},0,591990,0,29,1,0,0,False,"Seek passage to the Gold Saucer","Travel to the Gold Saucer?"
131181,,"w1eb"{{{STRING}}},0,591990,0,29,1,0,0,False,"Seek passage to the Gold Saucer","Travel to the Gold Saucer?"
131182,"s1t1/01","s1t1",0,0,592264,30,1,0,0,False,"Purchase passage to Limsa Lominsa","Travel to Limsa Lominsa for 120 gil?"
131183,"w1t1/01","w1t1",0,0,0,1,1,0,0,False,"Seek passage to Ul'dah","Travel to Ul'dah?"
131184,"f1t1/00","f1t1",0,0,592264,30,1,0,0,False,"Purchase passage to Gridania","Travel to Gridania for 120 gil?"
131185,,"r2t1",592249,0,0,1,1,0,0,False,"","Cross the Steps of Faith to the Arc of the Worthy?"
131186,,"r1f1",592250,0,0,1,1,0,0,False,"","Return to the Gates of Judgement?"
131187,"r2e5/00","r2e5",592251,0,0,1,1,0,0,False,"Enter the proving grounds","Enter the proving grounds?"
131188,,"a2f1",0,0,0,1,1,0,0,False,"Seek passage to Cloudtop","Travel to Cloudtop?"
131189,,"a2f1",592253,0,0,1,1,0,0,False,"","Travel to the Blue Window?"
131190,,"a2f2",592254,0,0,1,1,0,0,False,"Seek passage to Azys Lla","Make the journey to Azys Lla?"
131191,,"r2e1",592255,0,0,1,1,0,0,False,"","Enter Saint Endalim's Scholasticate?"
131192,"r2e4/00","r2e4",592256,0,0,1,1,0,0,False,"","Enter Fortemps Manor?"
131193,,"r2t2",0,0,0,1,1,0,0,False,"","Leave Saint Endalim's Scholasticate?"
131194,"r2t1/00","r2t1",0,0,0,1,1,0,0,False,"","Leave the Seat of the Lord Commander?"
131195,"r2t2/00","r2t2",0,0,0,1,1,0,0,False,"","Leave Fortemps Manor?"
131196,,"r2t1",0,0,0,1,1,0,0,False,"","Leave the proving grounds?"
131197,,"r2t2",592257,0,0,1,1,0,0,False,"","Travel to Ishgard?"
131198,,"r2t2",0,0,0,1,1,0,0,False,"","Travel to Ishgard?"
131199,,"d2f3",592259,0,0,1,1,0,0,False,"","Climb Sohm Al to the Churning Mists?"
131200,,"d2f1",0,0,0,1,1,0,0,False,"","Descend Sohm Al to the Dravanian forelands?"
131201,,"d2e3",0,0,0,1,1,0,0,False,"","Enter Matoya's Cave?"
131202,,"d2f2",0,0,0,1,1,0,0,False,"","Leave Matoya's Cave?"
131203,,"r2t2",0,0,0,1,1,0,0,False,"","Travel to Ishgard?"
131204,,"r2ti",0,0,0,5,9,0,0,False,"",""
131205,,"r2t1",0,0,0,1,1,0,0,False,"","Exit room?"
131206,"d2f1/00","d2f1",0,0,0,1,1,0,0,False,"","Exit the sacrificial chamber?"
131207,,"a2f2",0,0,0,1,1,0,0,False,"","Move to the Alpha Quadrant?"
131208,"a2f2/00","a2f2",0,0,0,1,1,0,0,False,"","Move to the Beta Quadrant?"
131209,,"a2f2",0,0,0,1,1,0,0,False,"","Move to the Beta Quadrant?"
131210,,"a2f2",0,0,0,1,1,0,0,False,"","Move to the Gamma Quadrant?"
131211,,"a2f2",0,0,0,1,1,0,0,False,"","Move to the Gamma Quadrant?"
131212,,"a2f2",0,0,0,1,1,0,0,False,"","Move to the Delta Quadrant?"
131213,,"a2f2",0,0,0,1,1,0,0,False,"","Move to the research facility?"
131214,,"d2f2",0,0,0,1,1,0,0,False,"","Leave Articulation?"
131215,,"d2f2",0,0,0,1,1,0,0,False,"","Leave the Gordian Knot?"
131216,"default/00","l1e2",592868,0,0,31,1,0,0,False,"Escape reality","Climb to the Eighteenth Floor?"
131217,"w1t1/01","w1t1",0,0,0,1,1,0,0,False,"Live the fantasy","Leave the Eighteenth Floor?"
131218,,"d2f2",0,0,0,1,1,0,0,False,"","Use a shortcut to travel to the Dravanian hinterlands?"
131219,,"f1t1",0,0,0,1,1,0,0,False,"","Leave the Twin Adder Barracks?"
131220,,"d2f2",0,593136,0,32,1,0,0,False,"","Return to the goodly adventurer?"
131221,,"d2f2",0,0,0,1,1,0,0,False,"","Leave Articulation?"
131222,,"d2f2",0,0,0,1,1,0,0,False,"","Leave the Midan Knot?"
131223,"a2e3/00","a2e3",0,0,0,1,1,0,0,False,"","Fly to the Parrock?"
131224,"a2f1/00","a2f1",0,0,0,1,1,0,0,False,"","Return to Coldwind?"
131225,,"a2e4",0,0,0,1,1,0,0,False,"","Enter Leofard's chambers?"
131226,,"a2e3",0,0,0,1,1,0,0,False,"","Exit Leofard's chambers?"
131227,,"a2e3",0,0,0,1,1,0,0,False,"","Exit the airship landing?"
131228,,"a2e3",0,0,0,1,1,0,0,False,"","Enter the airship landing?"
131229,,"r2t2",0,0,590453,33,1,0,0,False,"Purchase passage to Ishgard","Travel to Ishgard for 150 gil?"
131230,,"r2t2",0,0,590454,33,1,0,0,False,"Purchase passage to Ishgard","Travel to Ishgard for 150 gil?"
131231,,"r2t2",0,0,590455,33,1,0,0,False,"Purchase passage to Ishgard","Travel to Ishgard for 150 gil?"
131232,"w1t1/01","w1t1",0,0,592480,33,1,0,0,False,"Purchase passage to Ul'dah","Travel to Ul'dah for 150 gil?"
131233,"f1t1/00","f1t1",0,0,592480,33,1,0,0,False,"Purchase passage to Gridania","Travel to Gridania for 150 gil?"
131234,"s1t1/01","s1t1",0,0,592480,33,1,0,0,False,"Purchase passage to Limsa Lominsa","Travel to Limsa Lominsa for 150 gil?"
131235,,"r2t1",0,0,0,1,1,0,0,False,"","Travel to Ishgard?"
131236,"f1f3/00","f1f3",0,0,0,1,1,0,0,False,"","Exit the Palace of the Dead?"
131237,,"r2t2",0,0,592480,33,1,0,0,False,"Purchase passage to Ishgard","Travel to Ishgard for 150 gil?"
131238,,"w1eb"{{{STRING}}},0,0,592264,34,1,0,0,False,"Seek passage to the Gold Saucer","Travel to the Gold Saucer?"
131239,,"d2f2",0,0,0,1,1,0,0,False,"","Exit Central Control?"
131240,"w1ef/00","w1ef",593427,593426,0,35,1,0,0,False,"Inquire within","Enter the children's ward?"
131241,,"w1t2",0,0,0,1,1,0,0,False,"","Leave the children's ward?"
131242,,"d2f2",0,0,0,1,1,0,0,False,"","Leave the Main Generators?"
131243,,"s1t1",0,0,0,1,1,0,0,False,"","Leave the Maelstrom Barracks?"
131244,,"w1t1",0,0,0,1,1,0,0,False,"","Leave the Flame Barracks?"
131245,,"e3ti",0,0,0,5,10,0,0,False,"",""
131246,,"e3t1",0,0,0,1,1,0,0,False,"","Exit room?"
131247,,"l1f1",0,0,0,1,1,0,0,False,"","Exit Omega Control?"
131248,,"e1h1",593638,0,0,1,1,0,0,False,"",""
131249,,"e3t1",593640,593639,0,36,1,0,0,False,"",""
131250,,"f1f2",593642,0,0,1,1,0,0,False,"","Travel to Amarissaix's Spire?"
131251,,"g3f1",593643,0,0,1,1,0,0,False,"","Travel to Castrum Oriens?"
131252,,"s1t2",0,0,593644,37,1,0,0,False,"Purchase passage to Limsa Lominsa","Travel to Limsa Lominsa for 300 gil?"
131253,,"e3t1",0,0,593645,37,1,0,0,False,"Purchase passage to Kugane","Travel to Kugane for 300 gil?"
131254,,"g3f1",593646,0,0,1,1,0,0,False,"","Approach Virdjala?"
131255,,"g3f1",593647,0,0,1,1,0,0,False,"","Approach Pike Falls?"
131256,,"g3f3",593648,0,0,1,1,0,0,False,"","Enter the Ala Mhigan Quarter?"
131257,,"g3f3",593649,0,0,1,1,0,0,False,"","Enter the tunnel?"
131258,,"g3f3",593650,0,0,1,1,0,0,False,"","Enter the Ala Mhigan Quarter?"
131259,,"g3f3",593651,0,0,1,1,0,0,False,"","Leave the Ala Mhigan Quarter?"
131260,,"e3t1",0,0,0,1,1,0,0,False,"","Exit the Ruby Bazaar offices?"
131261,,"e3e1",593652,0,0,1,1,0,0,False,"Enter the Ruby Bazaar offices","Enter the Ruby Bazaar offices?"
131262,,"e3t1",0,0,0,1,1,0,0,False,"","Proceed to the airship landing?"
131263,,"e3t1",0,0,0,1,1,0,0,False,"","Exit the airship landing?"
131264,,"e3e5",593655,0,0,1,1,0,0,False,"Enter the House of the Fierce","Enter the House of the Fierce?"
131265,,"e3f2",593656,0,0,1,1,0,0,False,"","Enter the House of the Fierce?"
131266,,"e3f2",593657,0,0,1,1,0,0,False,"","Exit the House of the Fierce?"
131267,,"e3ea",593661,0,0,1,1,0,0,False,"","Enter the Doman Enclave?"
131268,,"e3f2",593660,0,0,1,1,0,0,False,"","Travel to the Glittering Basin?"
131269,,"e3f3",593658,0,0,1,1,0,0,False,"","Descend from the Dawn Throne?"
131270,,"e3f3",593659,593665,0,38,1,0,0,False,"","Ascend to the Dawn Throne?"
131271,,"g3f2",593662,0,0,1,1,0,0,False,"","Travel to Specula Imperatoris?"
131272,,"g3f2",593663,0,0,1,1,0,0,False,"","Leave Specula Imperatoris?"
131273,,"g3f1",0,0,0,1,1,0,0,False,"","Leave the First Altar of Djanan Qhat?"
131274,,"s1t2",0,0,0,1,1,0,0,False,"","Travel to Limsa Lominsa?"
131275,,"g3f1",0,593703,0,39,1,0,0,False,"","Treat with the battle-scarred veteran?"
131276,,"g3f3",0,0,0,1,1,0,0,False,"","Leave the Royal Menagerie?"
131277,,"g3f2",0,0,0,1,1,0,0,False,"","Proceed through the gate?"
131278,,"g3f2",0,0,0,1,1,0,0,False,"","Proceed through the gate?"
131279,,"g3f1",0,0,0,1,1,0,0,False,"","Leave the Interdimensional Rift?"
131280,,"w1f1",0,0,0,1,1,0,0,False,"","Escape the Mordion Gaol?"
131281,,"z3e2",594538,0,0,1,1,0,0,False,"","Enter the tiring room?"
131282,,"e3t1",0,0,0,1,1,0,0,False,"","Return to Kugane?"
131283,,"z3e3",0,0,0,1,1,0,0,False,"","Report to the bridge?"
131284,,"z3e2",0,0,0,1,1,0,0,False,"","Enter the tiring room?"
131285,,"g3f3",0,0,0,1,1,0,0,False,"","Leave the Royal Palace?"
131286,,"g3f3",0,0,0,1,1,0,0,False,"","Leave the Resonatorium?"
131287,,"g3e4_2",594578,0,0,1,1,0,0,False,"","Move to the Royal Menagerie?"
131288,,"g3f3",0,0,0,1,1,0,0,False,"","Leave the Royal Menagerie?"
131289,,"g3f3",594628,0,0,1,1,0,0,False,"","Leave the Royal Palace?"
131290,,"e3f1",594638,0,594639,40,1,0,0,False,"","Travel to Sakazuki for 30 gil?"
131291,,"e3f1",594640,0,594641,40,1,0,0,False,"","Travel to Onokoro for 30 gil?"
131292,,"e3eb"{{{STRING}}},593661,0,0,1,1,0,0,False,"","Travel to the Doman Enclave?"
