﻿key,0,1,2
#,Icon,Name,Description
int32,Image,str,str
0,"ui/icon/000000/000000.tex","",""
1,"ui/icon/060000/060201.tex","Clear Skies","clear"
2,"ui/icon/060000/060202.tex","Fair Skies","fair"
3,"ui/icon/060000/060203.tex","Clouds","overcast"
4,"ui/icon/060000/060204.tex","Fog","foggy"
5,"ui/icon/060000/060205.tex","Wind","windy"
6,"ui/icon/060000/060206.tex","Gales","gusty"
7,"ui/icon/060000/060207.tex","Rain","rainy"
8,"ui/icon/060000/060208.tex","Showers","showery"
9,"ui/icon/060000/060209.tex","Thunder","thundery"
10,"ui/icon/060000/060210.tex","Thunderstorms","experiencing thunderstorms"
11,"ui/icon/060000/060211.tex","Dust Storms","dusty"
12,"ui/icon/060000/060212.tex","Sandstorms","sandy"
13,"ui/icon/060000/060213.tex","Hot Spells","hot"
14,"ui/icon/060000/060214.tex","Heat Waves","blistering"
15,"ui/icon/060000/060215.tex","Snow","snowy"
16,"ui/icon/060000/060216.tex","Blizzards","blizzardy"
17,"ui/icon/060000/060218.tex","Gloom","gloomy"
18,"ui/icon/060000/060217.tex","Auroras","experiencing auroral activity"
19,"ui/icon/060000/060251.tex","Darkness","dark"
20,"ui/icon/060000/060255.tex","Tension","crackling with tension"
21,"ui/icon/060000/060203.tex","Clouds","overcast"
22,"ui/icon/060000/060259.tex","Storm Clouds","threatened by rain"
23,"ui/icon/060000/060258.tex","Rough Seas","experiencing rough seas"
24,"ui/icon/060000/060258.tex","Rough Seas","experiencing rough seas"
25,"ui/icon/060000/060257.tex","Louring","loury"
26,"ui/icon/060000/060252.tex","Heat Waves","blistering"
27,"ui/icon/060000/060256.tex","Gloom","gloomy"
28,"ui/icon/060000/060253.tex","Gales","gusty"
29,"ui/icon/060000/060254.tex","Eruptions","erupting"
30,"ui/icon/060000/060202.tex","Fair Skies","fair"
31,"ui/icon/060000/060202.tex","Fair Skies","fair"
32,"ui/icon/060000/060202.tex","Fair Skies","fair"
33,"ui/icon/060000/060202.tex","Fair Skies","fair"
34,"ui/icon/060000/060202.tex","Fair Skies","fair"
35,"ui/icon/060000/060260.tex","Irradiance","irradiant"
36,"ui/icon/060000/060261.tex","Core Radiation","radioactive"
37,"ui/icon/060000/060261.tex","Core Radiation","radioactive"
38,"ui/icon/060000/060261.tex","Core Radiation","radioactive"
39,"ui/icon/060000/060261.tex","Core Radiation","radioactive"
40,"ui/icon/060000/060262.tex","Shelf Clouds","unnaturally cloudy"
41,"ui/icon/060000/060262.tex","Shelf Clouds","unnaturally cloudy"
42,"ui/icon/060000/060262.tex","Shelf Clouds","unnaturally cloudy"
43,"ui/icon/060000/060262.tex","Shelf Clouds","unnaturally cloudy"
44,"ui/icon/060000/060264.tex","Oppression","oppressive"
45,"ui/icon/060000/060264.tex","Oppression","oppressive"
46,"ui/icon/060000/060264.tex","Oppression","oppressive"
47,"ui/icon/060000/060264.tex","Oppression","oppressive"
48,"ui/icon/060000/060264.tex","Oppression","oppressive"
49,"ui/icon/060000/060219.tex","Umbral Wind","experiencing umbral wind"
50,"ui/icon/060000/060220.tex","Umbral Static","experiencing umbral static"
51,"ui/icon/060000/060263.tex","Smoke","smoky"
52,"ui/icon/060000/060202.tex","Fair Skies","fair"
53,"ui/icon/060000/060226.tex","Royal Levin","experiencing royal levin"
54,"ui/icon/060000/060227.tex","Hyperelectricity","hyperelectric"
55,"ui/icon/060000/060226.tex","Royal Levin","experiencing royal levin"
56,"ui/icon/060000/060264.tex","Oppression","oppressive"
57,"ui/icon/060000/060209.tex","Thunder","thundery"
58,"ui/icon/060000/060209.tex","Thunder","thundery"
59,"ui/icon/000000/000000.tex","CutScene","CutScenery"
60,"ui/icon/060000/060265.tex","Multiplicity","experiencing multiplicity"
61,"ui/icon/060000/060265.tex","Multiplicity","experiencing multiplicity"
62,"ui/icon/060000/060207.tex","Rain","rainy"
63,"ui/icon/060000/060202.tex","Fair Skies","fair"
64,"ui/icon/060000/060207.tex","Rain","rainy"
65,"ui/icon/060000/060202.tex","Fair Skies","fair"
66,"ui/icon/060000/060266.tex","Dragonstorm","unnaturally stormy"
67,"ui/icon/060000/060266.tex","Dragonstorm","unnaturally stormy"
68,"ui/icon/060000/060202.tex","Subterrain","subterranean"
69,"ui/icon/060000/060267.tex","Concordance","concordant"
70,"ui/icon/060000/060267.tex","Concordance","concordant"
71,"ui/icon/060000/060268.tex","Beyond Time","temporal"
72,"ui/icon/060000/060268.tex","Beyond Time","temporal"
73,"ui/icon/060000/060268.tex","Beyond Time","temporal"
74,"ui/icon/060000/060269.tex","Demonic Infinity","demonically infinite"
75,"ui/icon/060000/060269.tex","Demonic Infinity","demonically infinite"
76,"ui/icon/060000/060269.tex","Demonic Infinity","demonically infinite"
77,"ui/icon/060000/060274.tex","Dimensional Disruption","extradimensional"
78,"ui/icon/060000/060274.tex","Dimensional Disruption","extradimensional"
79,"ui/icon/060000/060274.tex","Dimensional Disruption","extradimensional"
80,"ui/icon/060000/060271.tex","Revelstorm","revelry"
81,"ui/icon/060000/060271.tex","Revelstorm","revelry"
82,"ui/icon/060000/060270.tex","Eternal Bliss","blissful"
83,"ui/icon/060000/060270.tex","Eternal Bliss","blissful"
84,"ui/icon/060000/060272.tex","Wyrmstorm","unnaturally stormy"
85,"ui/icon/060000/060272.tex","Wyrmstorm","unnaturally stormy"
86,"ui/icon/060000/060271.tex","Revelstorm","revelry"
87,"ui/icon/060000/060273.tex","Quicklevin","hypervoltaic"
88,"ui/icon/060000/060209.tex","Thunder","thundery"
89,"ui/icon/060000/060274.tex","Dimensional Disruption","extradimensional"
90,"ui/icon/060000/060202.tex","Fair Skies","fair"
