﻿key,0,1,2,3,4,5,6,7,8,9,10,11,12
#,Reward{Type}[0],Reward{Item}[0],Reward{HQ}[0],Reward{Quantity}[0],Reward{Option}[0],Reward{Type}[1],Reward{Item}[1],Reward{HQ}[1],Reward{Quantity}[1],Reward{Option}[1],Reward{Item}[2],Reward{HQ}[2],Reward{Quantity}[2]
int32,byte,Row,bit&01,uint16,WeeklyBingoRewardData,byte,Row,bool,uint16,WeeklyBingoRewardData,Item,bool,uint16
0,0,,False,0,"WeeklyBingoRewardData#0",0,,False,0,"WeeklyBingoRewardData#0","",False,0
1,1,"Allagan Platinum Piece",False,1,"WeeklyBingoRewardData#0",0,,False,0,"WeeklyBingoRewardData#0","",False,0
2,2,"Allagan Tomestone of Poetics",False,500,"WeeklyBingoRewardData#0",1,"Allagan Platinum Piece",False,1,"WeeklyBingoRewardData#1","Timeworn Dragonskin Map",False,1
3,2,"Allagan Tomestone of Poetics",False,500,"WeeklyBingoRewardData#0",1,"Allagan Platinum Piece",False,1,"WeeklyBingoRewardData#1","Timeworn Dragonskin Map",False,1
4,2,"Allagan Tomestone of Poetics",False,500,"WeeklyBingoRewardData#0",1,"Timeworn Dragonskin Map",False,1,"WeeklyBingoRewardData#1","Allagan Platinum Piece",False,1
5,2,"Allagan Tomestone of Poetics",False,500,"WeeklyBingoRewardData#0",1,"Allagan Platinum Piece",False,1,"WeeklyBingoRewardData#2","Allagan Tomestone of Verity",False,100
6,1,"Timeworn Dragonskin Map",False,1,"WeeklyBingoRewardData#0",1,"Allagan Platinum Piece",False,1,"WeeklyBingoRewardData#2","Allagan Tomestone of Verity",False,100
7,2,"Allagan Tomestone of Poetics",False,500,"WeeklyBingoRewardData#0",1,"Allagan Platinum Piece",False,1,"WeeklyBingoRewardData#1","Timeworn Gazelleskin Map",False,1
8,1,"Timeworn Dragonskin Map",False,1,"WeeklyBingoRewardData#0",1,"Allagan Platinum Piece",False,1,"WeeklyBingoRewardData#2","Allagan Tomestone of Verity",False,100
9,2,"Allagan Tomestone of Poetics",False,500,"WeeklyBingoRewardData#0",1,"Allagan Platinum Piece",False,1,"WeeklyBingoRewardData#1","Timeworn Gazelleskin Map",False,1
10,1,"Timeworn Dragonskin Map",False,1,"WeeklyBingoRewardData#0",1,"Allagan Platinum Piece",False,1,"WeeklyBingoRewardData#2","Allagan Tomestone of Verity",False,100
11,2,"Allagan Tomestone of Poetics",False,500,"WeeklyBingoRewardData#0",1,"Allagan Platinum Piece",False,1,"WeeklyBingoRewardData#1","Timeworn Gazelleskin Map",False,1
12,1,"Timeworn Dragonskin Map",False,1,"WeeklyBingoRewardData#0",1,"Allagan Platinum Piece",False,1,"WeeklyBingoRewardData#2","Allagan Tomestone of Verity",False,100
13,2,"Allagan Tomestone of Poetics",False,500,"WeeklyBingoRewardData#0",1,"Allagan Platinum Piece",False,1,"WeeklyBingoRewardData#1","Timeworn Gazelleskin Map",False,1
14,1,"Timeworn Dragonskin Map",False,1,"WeeklyBingoRewardData#0",1,"Allagan Platinum Piece",False,1,"WeeklyBingoRewardData#2","Allagan Tomestone of Verity",False,100
15,2,"Allagan Tomestone of Poetics",False,500,"WeeklyBingoRewardData#0",1,"Allagan Platinum Piece",False,1,"WeeklyBingoRewardData#1","Timeworn Gazelleskin Map",False,1
16,1,"Timeworn Dragonskin Map",False,1,"WeeklyBingoRewardData#0",1,"Allagan Platinum Piece",False,1,"WeeklyBingoRewardData#2","Allagan Tomestone of Verity",False,100
17,2,"Allagan Tomestone of Poetics",False,500,"WeeklyBingoRewardData#0",1,"Allagan Platinum Piece",False,1,"WeeklyBingoRewardData#1","Timeworn Gazelleskin Map",False,1
18,1,"Timeworn Dragonskin Map",False,1,"WeeklyBingoRewardData#0",1,"Allagan Platinum Piece",False,1,"WeeklyBingoRewardData#2","Allagan Tomestone of Verity",False,100
19,2,"Allagan Tomestone of Poetics",False,500,"WeeklyBingoRewardData#0",1,"Allagan Platinum Piece",False,1,"WeeklyBingoRewardData#1","Timeworn Gazelleskin Map",False,1
20,1,"Timeworn Dragonskin Map",False,1,"WeeklyBingoRewardData#0",1,"Allagan Platinum Piece",False,1,"WeeklyBingoRewardData#2","Allagan Tomestone of Verity",False,100
21,2,"Allagan Tomestone of Poetics",False,500,"WeeklyBingoRewardData#0",1,"Allagan Platinum Piece",False,1,"WeeklyBingoRewardData#1","Timeworn Gazelleskin Map",False,1
22,1,"Timeworn Dragonskin Map",False,1,"WeeklyBingoRewardData#0",1,"Allagan Platinum Piece",False,1,"WeeklyBingoRewardData#2","Allagan Tomestone of Verity",False,100
23,2,"Allagan Tomestone of Poetics",False,500,"WeeklyBingoRewardData#0",1,"Allagan Platinum Piece",False,1,"WeeklyBingoRewardData#1","Timeworn Gazelleskin Map",False,1
24,1,"Timeworn Dragonskin Map",False,1,"WeeklyBingoRewardData#0",1,"Allagan Platinum Piece",False,1,"WeeklyBingoRewardData#2","Allagan Tomestone of Verity",False,100
25,2,"Allagan Tomestone of Poetics",False,500,"WeeklyBingoRewardData#0",1,"Allagan Platinum Piece",False,1,"WeeklyBingoRewardData#1","Timeworn Gazelleskin Map",False,1
26,1,"MGP Gold Card",False,1,"WeeklyBingoRewardData#0",1,"Mhachi Demimatter",False,1,"WeeklyBingoRewardData#1","Allagan Platinum Piece",False,3
27,1,"Mhachi Demimatter",False,2,"WeeklyBingoRewardData#0",1,"Dress-up Thancred",False,1,"WeeklyBingoRewardData#1","Mhachi Matter",False,4
28,1,"MGP Gold Card",False,1,"WeeklyBingoRewardData#0",1,"Mhachi Matter",False,4,"WeeklyBingoRewardData#1","Mhachi Demimatter",False,2
29,1,"Mhachi Demimatter",False,2,"WeeklyBingoRewardData#0",1,"Dress-up Alisaie",False,1,"WeeklyBingoRewardData#1","Cracked Cluster",False,2
30,1,"MGP Gold Card",False,1,"WeeklyBingoRewardData#0",1,"Mhachi Matter",False,4,"WeeklyBingoRewardData#1","Mhachi Demimatter",False,2
31,1,"Mhachi Demimatter",False,2,"WeeklyBingoRewardData#0",1,"Dress-up Thancred",False,1,"WeeklyBingoRewardData#2","Allagan Tomestone of Creation",False,50
32,1,"MGP Gold Card",False,1,"WeeklyBingoRewardData#0",1,"Mhachi Matter",False,4,"WeeklyBingoRewardData#1","Cracked Cluster",False,2
33,1,"Mhachi Demimatter",False,2,"WeeklyBingoRewardData#0",1,"Dress-up Alisaie",False,1,"WeeklyBingoRewardData#1","Mhachi Matter",False,4
34,1,"MGP Gold Card",False,1,"WeeklyBingoRewardData#0",1,"Mhachi Matter",False,4,"WeeklyBingoRewardData#1","Cracked Cluster",False,2
35,1,"Mhachi Demimatter",False,2,"WeeklyBingoRewardData#0",1,"Dress-up Thancred",False,1,"WeeklyBingoRewardData#2","Allagan Tomestone of Creation",False,50
36,1,"MGP Gold Card",False,1,"WeeklyBingoRewardData#0",1,"Mhachi Matter",False,4,"WeeklyBingoRewardData#1","Mhachi Demimatter",False,2
37,1,"Mhachi Demimatter",False,2,"WeeklyBingoRewardData#0",1,"Dress-up Alisaie",False,1,"WeeklyBingoRewardData#1","Mhachi Matter",False,4
38,1,"MGP Gold Card",False,1,"WeeklyBingoRewardData#0",1,"Mhachi Matter",False,4,"WeeklyBingoRewardData#1","Cracked Cluster",False,2
39,1,"Mhachi Demimatter",False,2,"WeeklyBingoRewardData#0",1,"Dress-up Thancred",False,1,"WeeklyBingoRewardData#2","Allagan Tomestone of Creation",False,50
40,1,"MGP Gold Card",False,1,"WeeklyBingoRewardData#0",1,"Mhachi Matter",False,4,"WeeklyBingoRewardData#1","Cracked Cluster",False,2
41,1,"Mhachi Demimatter",False,2,"WeeklyBingoRewardData#0",1,"Dress-up Alisaie",False,1,"WeeklyBingoRewardData#1","Mhachi Matter",False,4
42,1,"MGP Gold Card",False,1,"WeeklyBingoRewardData#0",1,"Mhachi Matter",False,4,"WeeklyBingoRewardData#2","Allagan Tomestone of Creation",False,50
43,1,"Mhachi Demimatter",False,2,"WeeklyBingoRewardData#0",1,"Dress-up Thancred",False,1,"WeeklyBingoRewardData#1","Mhachi Matter",False,4
44,1,"MGP Gold Card",False,1,"WeeklyBingoRewardData#0",1,"Mhachi Matter",False,4,"WeeklyBingoRewardData#1","Cracked Cluster",False,2
45,1,"Mhachi Demimatter",False,2,"WeeklyBingoRewardData#0",1,"Dress-up Alisaie",False,1,"WeeklyBingoRewardData#2","Allagan Tomestone of Creation",False,50
46,1,"MGP Gold Card",False,1,"WeeklyBingoRewardData#0",1,"Mhachi Matter",False,4,"WeeklyBingoRewardData#1","Cracked Cluster",False,2
47,1,"Mhachi Demimatter",False,2,"WeeklyBingoRewardData#0",1,"Dress-up Thancred",False,1,"WeeklyBingoRewardData#1","Mhachi Matter",False,4
48,1,"MGP Gold Card",False,1,"WeeklyBingoRewardData#0",1,"Mhachi Matter",False,4,"WeeklyBingoRewardData#1","Mhachi Demimatter",False,2
49,1,"Mhachi Demimatter",False,2,"WeeklyBingoRewardData#0",1,"Dress-up Alisaie",False,1,"WeeklyBingoRewardData#2","Allagan Tomestone of Creation",False,50
50,1,"Mhachi Matter",False,5,"WeeklyBingoRewardData#0",1,"Wind-up Estinien",False,1,"WeeklyBingoRewardData#1","Allagan Platinum Piece",False,15
51,1,"Mhachi Demimatter",False,5,"WeeklyBingoRewardData#0",1,"MGP Platinum Card",False,2,"WeeklyBingoRewardData#1","Allagan Platinum Piece",False,15
52,1,"Mhachi Matter",False,9,"WeeklyBingoRewardData#0",1,"Wind-up Khloe",False,1,"WeeklyBingoRewardData#1","Allagan Platinum Piece",False,15
53,1,"Stuffed Khloe",False,1,"WeeklyBingoRewardData#0",1,"MGP Platinum Card",False,2,"WeeklyBingoRewardData#2","Allagan Tomestone of Verity",False,500
54,1,"Mhachi Demimatter",False,5,"WeeklyBingoRewardData#0",1,"Wind-up Estinien",False,1,"WeeklyBingoRewardData#1","Cracked Cluster",False,4
55,1,"Stuffed Khloe",False,1,"WeeklyBingoRewardData#0",1,"MGP Platinum Card",False,2,"WeeklyBingoRewardData#1","Cracked Crystal",False,2
56,1,"Mhachi Matter",False,9,"WeeklyBingoRewardData#0",1,"Wind-up Khloe",False,1,"WeeklyBingoRewardData#2","Allagan Tomestone of Verity",False,500
57,1,"Stuffed Khloe",False,1,"WeeklyBingoRewardData#0",1,"MGP Platinum Card",False,2,"WeeklyBingoRewardData#1","Cracked Cluster",False,4
58,1,"Mhachi Demimatter",False,5,"WeeklyBingoRewardData#0",1,"Wind-up Estinien",False,1,"WeeklyBingoRewardData#2","Allagan Tomestone of Verity",False,500
59,1,"Stuffed Khloe",False,1,"WeeklyBingoRewardData#0",1,"MGP Platinum Card",False,2,"WeeklyBingoRewardData#1","Cracked Crystal",False,2
60,1,"Mhachi Matter",False,9,"WeeklyBingoRewardData#0",1,"Wind-up Khloe",False,1,"WeeklyBingoRewardData#1","Cracked Cluster",False,4
61,1,"Stuffed Khloe",False,1,"WeeklyBingoRewardData#0",1,"MGP Platinum Card",False,2,"WeeklyBingoRewardData#1","Cracked Crystal",False,2
62,1,"Mhachi Demimatter",False,5,"WeeklyBingoRewardData#0",1,"Wind-up Estinien",False,1,"WeeklyBingoRewardData#2","Allagan Tomestone of Verity",False,500
63,1,"Stuffed Khloe",False,1,"WeeklyBingoRewardData#0",1,"MGP Platinum Card",False,2,"WeeklyBingoRewardData#1","Cracked Cluster",False,4
64,1,"Mhachi Matter",False,9,"WeeklyBingoRewardData#0",1,"Wind-up Khloe",False,1,"WeeklyBingoRewardData#2","Allagan Tomestone of Verity",False,500
65,1,"Stuffed Khloe",False,1,"WeeklyBingoRewardData#0",1,"MGP Platinum Card",False,2,"WeeklyBingoRewardData#1","Cracked Crystal",False,2
66,1,"Mhachi Demimatter",False,5,"WeeklyBingoRewardData#0",1,"Wind-up Estinien",False,1,"WeeklyBingoRewardData#1","Cracked Cluster",False,4
67,1,"Stuffed Khloe",False,1,"WeeklyBingoRewardData#0",1,"MGP Platinum Card",False,2,"WeeklyBingoRewardData#1","Cracked Crystal",False,2
68,1,"Mhachi Matter",False,9,"WeeklyBingoRewardData#0",1,"Wind-up Khloe",False,1,"WeeklyBingoRewardData#2","Allagan Tomestone of Verity",False,500
69,1,"Stuffed Khloe",False,1,"WeeklyBingoRewardData#0",1,"MGP Platinum Card",False,2,"WeeklyBingoRewardData#1","Cracked Cluster",False,4
70,1,"Mhachi Demimatter",False,5,"WeeklyBingoRewardData#0",1,"Wind-up Estinien",False,1,"WeeklyBingoRewardData#2","Allagan Tomestone of Verity",False,500
71,1,"Stuffed Khloe",False,1,"WeeklyBingoRewardData#0",1,"MGP Platinum Card",False,2,"WeeklyBingoRewardData#1","Cracked Crystal",False,2
72,1,"Mhachi Matter",False,9,"WeeklyBingoRewardData#0",1,"Wind-up Khloe",False,1,"WeeklyBingoRewardData#1","Cracked Cluster",False,4
73,1,"Stuffed Khloe",False,1,"WeeklyBingoRewardData#0",1,"MGP Platinum Card",False,2,"WeeklyBingoRewardData#1","Cracked Crystal",False,2
74,1,"Ornate Heavy Metal Cuirass of Fending",True,1,"WeeklyBingoRewardData#0",1,"MGP Platinum Card",False,20,"WeeklyBingoRewardData#1","Allagan Platinum Piece",False,30
75,1,"Ornate Ironworks Breeches of Crafting",True,1,"WeeklyBingoRewardData#0",1,"Ornate Heavy Metal Cuirass of Maiming",True,1,"WeeklyBingoRewardData#1","Mhachi Demimatter",False,15
76,1,"Ornate Star Velvet Tabard of Scouting",True,1,"WeeklyBingoRewardData#0",1,"Ornate Ironworks Slops of Gathering",True,1,"WeeklyBingoRewardData#1","Mhachi Matter",False,20
77,1,"Ornate Ironworks Boots of Crafting",True,1,"WeeklyBingoRewardData#0",1,"Ornate Star Velvet Tabard of Striking",True,1,"WeeklyBingoRewardData#1","Mhachi Demimatter",False,15
78,1,"Ornate Star Velvet Himation of Casting",True,1,"WeeklyBingoRewardData#0",1,"Ornate Ironworks Boots of Gathering",True,1,"WeeklyBingoRewardData#1","Mhachi Matter",False,20
79,1,"Ornate Ironworks Apron of Crafting",True,1,"WeeklyBingoRewardData#0",1,"Ornate Star Velvet Tabard of Aiming",True,1,"WeeklyBingoRewardData#1","Ornate Chromite Armor of Fending",True,1
80,1,"Ornate Star Velvet Himation of Healing",True,1,"WeeklyBingoRewardData#0",1,"MGP Platinum Card",False,20,"WeeklyBingoRewardData#1","Ornate Chromite Mail of Maiming",True,1
81,1,"Ornate Ironworks Vest of Gathering",True,1,"WeeklyBingoRewardData#0",1,"Ornate Heavy Metal Cuirass of Fending",True,1,"WeeklyBingoRewardData#1","Ornate True Griffin Chestpiece of Scouting",True,1
82,1,"Ornate Heavy Metal Cuirass of Maiming",True,1,"WeeklyBingoRewardData#0",1,"Ornate Ironworks Cap of Crafting",True,1,"WeeklyBingoRewardData#1","Ornate True Griffin Chestpiece of Striking",True,1
83,1,"Ornate Ironworks Cap of Gathering",True,1,"WeeklyBingoRewardData#0",1,"Ornate Star Velvet Tabard of Scouting",True,1,"WeeklyBingoRewardData#1","Ornate Indigo Ramie Robe of Casting",True,1
84,1,"Ornate Star Velvet Tabard of Striking",True,1,"WeeklyBingoRewardData#0",1,"Ornate Ironworks Sleeves of Crafting",True,1,"WeeklyBingoRewardData#1","Ornate Indigo Ramie Tabard of Aiming",True,1
85,1,"Ornate Ironworks Gloves of Gathering",True,1,"WeeklyBingoRewardData#0",1,"Ornate Star Velvet Himation of Casting",True,1,"WeeklyBingoRewardData#1","Ornate Indigo Ramie Robe of Healing",True,1
86,1,"Ornate Star Velvet Tabard of Aiming",True,1,"WeeklyBingoRewardData#0",1,"Ornate Ironworks Breeches of Crafting",True,1,"WeeklyBingoRewardData#1","Ornate Chromite Armor of Fending",True,1
87,1,"MGP Platinum Card",False,20,"WeeklyBingoRewardData#0",1,"Ornate Star Velvet Himation of Healing",True,1,"WeeklyBingoRewardData#1","Ornate Chromite Mail of Maiming",True,1
88,1,"Ornate Heavy Metal Cuirass of Fending",True,1,"WeeklyBingoRewardData#0",1,"Ornate Ironworks Slops of Gathering",True,1,"WeeklyBingoRewardData#1","Ornate True Griffin Chestpiece of Scouting",True,1
89,1,"Ornate Ironworks Boots of Crafting",True,1,"WeeklyBingoRewardData#0",1,"Ornate Heavy Metal Cuirass of Maiming",True,1,"WeeklyBingoRewardData#1","Ornate True Griffin Chestpiece of Striking",True,1
90,1,"Ornate Star Velvet Tabard of Scouting",True,1,"WeeklyBingoRewardData#0",1,"Ornate Ironworks Boots of Gathering",True,1,"WeeklyBingoRewardData#1","Ornate Indigo Ramie Robe of Casting",True,1
91,1,"Ornate Ironworks Apron of Crafting",True,1,"WeeklyBingoRewardData#0",1,"Ornate Star Velvet Tabard of Striking",True,1,"WeeklyBingoRewardData#1","Ornate Indigo Ramie Tabard of Aiming",True,1
92,1,"Ornate Star Velvet Himation of Casting",True,1,"WeeklyBingoRewardData#0",1,"Ornate Ironworks Vest of Gathering",True,1,"WeeklyBingoRewardData#1","Ornate Indigo Ramie Robe of Healing",True,1
93,1,"Ornate Ironworks Cap of Crafting",True,1,"WeeklyBingoRewardData#0",1,"Ornate Star Velvet Tabard of Aiming",True,1,"WeeklyBingoRewardData#1","Ornate Chromite Armor of Fending",True,1
94,1,"Ornate Star Velvet Himation of Healing",True,1,"WeeklyBingoRewardData#0",1,"MGP Platinum Card",False,20,"WeeklyBingoRewardData#1","Ornate Chromite Mail of Maiming",True,1
95,1,"Ornate Ironworks Cap of Gathering",True,1,"WeeklyBingoRewardData#0",1,"Ornate Heavy Metal Cuirass of Fending",True,1,"WeeklyBingoRewardData#1","Ornate True Griffin Chestpiece of Scouting",True,1
96,1,"Ornate Heavy Metal Cuirass of Maiming",True,1,"WeeklyBingoRewardData#0",1,"Ornate Ironworks Sleeves of Crafting",True,1,"WeeklyBingoRewardData#1","Ornate True Griffin Chestpiece of Striking",True,1
97,1,"Ornate Ironworks Gloves of Gathering",True,1,"WeeklyBingoRewardData#0",1,"Ornate Star Velvet Tabard of Scouting",True,1,"WeeklyBingoRewardData#1","Ornate Indigo Ramie Robe of Casting",True,1
98,2,"Allagan Tomestone of Poetics",False,500,"WeeklyBingoRewardData#0",1,"Allagan Platinum Piece",False,1,"WeeklyBingoRewardData#1","Timeworn Gazelleskin Map",False,1
99,1,"Timeworn Dragonskin Map",False,1,"WeeklyBingoRewardData#0",1,"Allagan Platinum Piece",False,1,"WeeklyBingoRewardData#2","Allagan Tomestone of Verity",False,100
100,2,"Allagan Tomestone of Poetics",False,500,"WeeklyBingoRewardData#0",1,"Allagan Platinum Piece",False,1,"WeeklyBingoRewardData#1","Timeworn Gazelleskin Map",False,1
101,1,"Timeworn Dragonskin Map",False,1,"WeeklyBingoRewardData#0",1,"Allagan Platinum Piece",False,1,"WeeklyBingoRewardData#2","Allagan Tomestone of Verity",False,100
102,2,"Allagan Tomestone of Poetics",False,500,"WeeklyBingoRewardData#0",1,"Allagan Platinum Piece",False,1,"WeeklyBingoRewardData#1","Timeworn Gazelleskin Map",False,1
103,1,"Timeworn Dragonskin Map",False,1,"WeeklyBingoRewardData#0",1,"Allagan Platinum Piece",False,1,"WeeklyBingoRewardData#2","Allagan Tomestone of Verity",False,100
104,2,"Allagan Tomestone of Poetics",False,500,"WeeklyBingoRewardData#0",1,"Allagan Platinum Piece",False,1,"WeeklyBingoRewardData#1","Timeworn Gazelleskin Map",False,1
105,1,"Timeworn Dragonskin Map",False,1,"WeeklyBingoRewardData#0",1,"Allagan Platinum Piece",False,1,"WeeklyBingoRewardData#2","Allagan Tomestone of Verity",False,100
106,2,"Allagan Tomestone of Poetics",False,500,"WeeklyBingoRewardData#0",1,"Allagan Platinum Piece",False,1,"WeeklyBingoRewardData#1","Timeworn Gazelleskin Map",False,1
107,1,"Timeworn Dragonskin Map",False,1,"WeeklyBingoRewardData#0",1,"Allagan Platinum Piece",False,1,"WeeklyBingoRewardData#2","Allagan Tomestone of Verity",False,100
108,2,"Allagan Tomestone of Poetics",False,500,"WeeklyBingoRewardData#0",1,"Allagan Platinum Piece",False,1,"WeeklyBingoRewardData#1","Timeworn Gazelleskin Map",False,1
109,1,"Timeworn Dragonskin Map",False,1,"WeeklyBingoRewardData#0",1,"Allagan Platinum Piece",False,1,"WeeklyBingoRewardData#2","Allagan Tomestone of Verity",False,100
110,2,"Allagan Tomestone of Poetics",False,500,"WeeklyBingoRewardData#0",1,"Allagan Platinum Piece",False,1,"WeeklyBingoRewardData#1","Timeworn Gazelleskin Map",False,1
111,1,"Timeworn Dragonskin Map",False,1,"WeeklyBingoRewardData#0",1,"Allagan Platinum Piece",False,1,"WeeklyBingoRewardData#2","Allagan Tomestone of Verity",False,100
112,2,"Allagan Tomestone of Poetics",False,500,"WeeklyBingoRewardData#0",1,"Allagan Platinum Piece",False,1,"WeeklyBingoRewardData#1","Timeworn Gazelleskin Map",False,1
113,1,"Timeworn Dragonskin Map",False,1,"WeeklyBingoRewardData#0",1,"Allagan Platinum Piece",False,1,"WeeklyBingoRewardData#2","Allagan Tomestone of Verity",False,100
114,2,"Allagan Tomestone of Poetics",False,500,"WeeklyBingoRewardData#0",1,"Allagan Platinum Piece",False,1,"WeeklyBingoRewardData#1","Timeworn Gazelleskin Map",False,1
115,1,"Timeworn Dragonskin Map",False,1,"WeeklyBingoRewardData#0",1,"Allagan Platinum Piece",False,1,"WeeklyBingoRewardData#2","Allagan Tomestone of Verity",False,100
116,2,"Allagan Tomestone of Poetics",False,500,"WeeklyBingoRewardData#0",1,"Allagan Platinum Piece",False,1,"WeeklyBingoRewardData#1","Timeworn Gazelleskin Map",False,1
117,1,"Timeworn Dragonskin Map",False,1,"WeeklyBingoRewardData#0",1,"Allagan Platinum Piece",False,1,"WeeklyBingoRewardData#2","Allagan Tomestone of Verity",False,100
118,2,"Allagan Tomestone of Poetics",False,500,"WeeklyBingoRewardData#0",1,"Allagan Platinum Piece",False,1,"WeeklyBingoRewardData#1","Timeworn Gazelleskin Map",False,1
119,1,"Mhachi Demimatter",False,2,"WeeklyBingoRewardData#0",1,"Wind-up Estinien",False,1,"WeeklyBingoRewardData#1","Cracked Crystal",False,1
120,1,"MGP Gold Card",False,1,"WeeklyBingoRewardData#0",1,"Mhachi Matter",False,4,"WeeklyBingoRewardData#1","Cracked Cluster",False,2
121,1,"Mhachi Demimatter",False,2,"WeeklyBingoRewardData#0",1,"Dress-up Alisaie",False,1,"WeeklyBingoRewardData#2","Allagan Tomestone of Creation",False,50
122,1,"MGP Gold Card",False,1,"WeeklyBingoRewardData#0",1,"Mhachi Matter",False,4,"WeeklyBingoRewardData#1","Cracked Crystal",False,1
123,1,"Mhachi Demimatter",False,2,"WeeklyBingoRewardData#0",1,"Dress-up Thancred",False,1,"WeeklyBingoRewardData#1","Cracked Cluster",False,2
124,1,"MGP Gold Card",False,1,"WeeklyBingoRewardData#0",1,"Mhachi Matter",False,4,"WeeklyBingoRewardData#2","Allagan Tomestone of Creation",False,50
125,1,"Mhachi Demimatter",False,2,"WeeklyBingoRewardData#0",1,"Wind-up Estinien",False,1,"WeeklyBingoRewardData#1","Cracked Crystal",False,1
126,1,"MGP Gold Card",False,1,"WeeklyBingoRewardData#0",1,"Mhachi Matter",False,4,"WeeklyBingoRewardData#1","Cracked Cluster",False,2
127,1,"Mhachi Demimatter",False,2,"WeeklyBingoRewardData#0",1,"Dress-up Alisaie",False,1,"WeeklyBingoRewardData#2","Allagan Tomestone of Creation",False,50
128,1,"MGP Gold Card",False,1,"WeeklyBingoRewardData#0",1,"Mhachi Matter",False,4,"WeeklyBingoRewardData#1","Cracked Crystal",False,1
129,1,"Mhachi Demimatter",False,2,"WeeklyBingoRewardData#0",1,"Dress-up Thancred",False,1,"WeeklyBingoRewardData#1","Cracked Cluster",False,2
130,1,"MGP Gold Card",False,1,"WeeklyBingoRewardData#0",1,"Mhachi Matter",False,4,"WeeklyBingoRewardData#2","Allagan Tomestone of Creation",False,50
131,1,"Mhachi Demimatter",False,2,"WeeklyBingoRewardData#0",1,"Wind-up Estinien",False,1,"WeeklyBingoRewardData#1","Cracked Crystal",False,1
132,1,"MGP Gold Card",False,1,"WeeklyBingoRewardData#0",1,"Mhachi Matter",False,4,"WeeklyBingoRewardData#1","Cracked Cluster",False,2
133,1,"Mhachi Demimatter",False,2,"WeeklyBingoRewardData#0",1,"Dress-up Alisaie",False,1,"WeeklyBingoRewardData#2","Allagan Tomestone of Creation",False,50
134,1,"MGP Gold Card",False,1,"WeeklyBingoRewardData#0",1,"Mhachi Matter",False,4,"WeeklyBingoRewardData#1","Cracked Crystal",False,1
135,1,"Mhachi Demimatter",False,2,"WeeklyBingoRewardData#0",1,"Dress-up Thancred",False,1,"WeeklyBingoRewardData#1","Cracked Cluster",False,2
136,1,"MGP Gold Card",False,1,"WeeklyBingoRewardData#0",1,"Mhachi Matter",False,4,"WeeklyBingoRewardData#2","Allagan Tomestone of Creation",False,50
137,1,"Mhachi Demimatter",False,2,"WeeklyBingoRewardData#0",1,"Wind-up Estinien",False,1,"WeeklyBingoRewardData#1","Cracked Crystal",False,1
138,1,"MGP Gold Card",False,1,"WeeklyBingoRewardData#0",1,"Mhachi Matter",False,4,"WeeklyBingoRewardData#1","Cracked Cluster",False,2
139,1,"Mhachi Demimatter",False,2,"WeeklyBingoRewardData#0",1,"Dress-up Alisaie",False,1,"WeeklyBingoRewardData#2","Allagan Tomestone of Creation",False,50
140,1,"Stuffed Khloe",False,1,"WeeklyBingoRewardData#0",1,"MGP Platinum Card",False,2,"WeeklyBingoRewardData#1","Cracked Cluster",False,4
141,1,"Mhachi Matter",False,9,"WeeklyBingoRewardData#0",1,"Wind-up Hien",False,1,"WeeklyBingoRewardData#2","Allagan Tomestone of Verity",False,500
142,1,"Stuffed Khloe",False,1,"WeeklyBingoRewardData#0",1,"MGP Platinum Card",False,2,"WeeklyBingoRewardData#1","Cracked Crystal",False,2
143,1,"Mhachi Demimatter",False,5,"WeeklyBingoRewardData#0",1,"Wind-up Khloe",False,1,"WeeklyBingoRewardData#1","Cracked Cluster",False,4
144,1,"Stuffed Khloe",False,1,"WeeklyBingoRewardData#0",1,"MGP Platinum Card",False,2,"WeeklyBingoRewardData#2","Allagan Tomestone of Verity",False,500
145,1,"Mhachi Matter",False,9,"WeeklyBingoRewardData#0",1,"Wind-up Hien",False,1,"WeeklyBingoRewardData#1","Cracked Crystal",False,2
146,1,"Stuffed Khloe",False,1,"WeeklyBingoRewardData#0",1,"MGP Platinum Card",False,2,"WeeklyBingoRewardData#1","Cracked Cluster",False,4
147,1,"Mhachi Demimatter",False,5,"WeeklyBingoRewardData#0",1,"Wind-up Khloe",False,1,"WeeklyBingoRewardData#2","Allagan Tomestone of Verity",False,500
148,1,"Stuffed Khloe",False,1,"WeeklyBingoRewardData#0",1,"MGP Platinum Card",False,2,"WeeklyBingoRewardData#1","Cracked Crystal",False,2
149,1,"Mhachi Matter",False,9,"WeeklyBingoRewardData#0",1,"Wind-up Hien",False,1,"WeeklyBingoRewardData#1","Cracked Cluster",False,4
150,1,"Stuffed Khloe",False,1,"WeeklyBingoRewardData#0",1,"MGP Platinum Card",False,2,"WeeklyBingoRewardData#2","Allagan Tomestone of Verity",False,500
151,1,"Mhachi Demimatter",False,5,"WeeklyBingoRewardData#0",1,"Wind-up Khloe",False,1,"WeeklyBingoRewardData#1","Cracked Crystal",False,2
152,1,"Stuffed Khloe",False,1,"WeeklyBingoRewardData#0",1,"MGP Platinum Card",False,2,"WeeklyBingoRewardData#1","Cracked Cluster",False,4
153,1,"Mhachi Matter",False,9,"WeeklyBingoRewardData#0",1,"Wind-up Hien",False,1,"WeeklyBingoRewardData#2","Allagan Tomestone of Verity",False,500
154,1,"Stuffed Khloe",False,1,"WeeklyBingoRewardData#0",1,"MGP Platinum Card",False,2,"WeeklyBingoRewardData#1","Cracked Crystal",False,2
155,1,"Mhachi Demimatter",False,5,"WeeklyBingoRewardData#0",1,"Wind-up Khloe",False,1,"WeeklyBingoRewardData#1","Cracked Cluster",False,4
156,1,"Stuffed Khloe",False,1,"WeeklyBingoRewardData#0",1,"MGP Platinum Card",False,2,"WeeklyBingoRewardData#2","Allagan Tomestone of Verity",False,500
157,1,"Mhachi Matter",False,9,"WeeklyBingoRewardData#0",1,"Wind-up Hien",False,1,"WeeklyBingoRewardData#1","Cracked Crystal",False,2
158,1,"Stuffed Khloe",False,1,"WeeklyBingoRewardData#0",1,"MGP Platinum Card",False,2,"WeeklyBingoRewardData#1","Cracked Cluster",False,4
159,1,"Mhachi Demimatter",False,5,"WeeklyBingoRewardData#0",1,"Wind-up Khloe",False,1,"WeeklyBingoRewardData#2","Allagan Tomestone of Verity",False,500
160,1,"Stuffed Khloe",False,1,"WeeklyBingoRewardData#0",1,"MGP Platinum Card",False,2,"WeeklyBingoRewardData#1","Cracked Crystal",False,2
161,1,"Ornate Star Velvet Tabard of Striking",True,1,"WeeklyBingoRewardData#0",1,"Augmented Ala Mhigan Shoes of Crafting",True,1,"WeeklyBingoRewardData#1","Ornate Indigo Ramie Tabard of Aiming",True,1
162,1,"Ornate Ironworks Apron of Crafting",True,1,"WeeklyBingoRewardData#0",1,"Augmented Ala Mhigan Shoes of Gathering",True,1,"WeeklyBingoRewardData#1","Ornate Indigo Ramie Robe of Healing",True,1
163,1,"Ornate Star Velvet Himation of Casting",True,1,"WeeklyBingoRewardData#0",1,"Augmented Ala Mhigan Bottoms of Crafting",True,1,"WeeklyBingoRewardData#1","Ornate Chromite Armor of Fending",True,1
164,1,"Ornate Ironworks Vest of Gathering",True,1,"WeeklyBingoRewardData#0",1,"Augmented Ala Mhigan Bottoms of Gathering",True,1,"WeeklyBingoRewardData#1","Ornate Chromite Mail of Maiming",True,1
165,1,"Ornate Star Velvet Tabard of Aiming",True,1,"WeeklyBingoRewardData#0",1,"Augmented Ala Mhigan Gloves of Crafting",True,1,"WeeklyBingoRewardData#1","Ornate True Griffin Chestpiece of Scouting",True,1
166,1,"Ornate Ironworks Cap of Crafting",True,1,"WeeklyBingoRewardData#0",1,"Augmented Ala Mhigan Gloves of Gathering",True,1,"WeeklyBingoRewardData#1","Ornate True Griffin Chestpiece of Striking",True,1
167,1,"Ornate Star Velvet Himation of Healing",True,1,"WeeklyBingoRewardData#0",1,"Augmented Ala Mhigan Turban of Crafting",True,1,"WeeklyBingoRewardData#1","Ornate Indigo Ramie Robe of Casting",True,1
168,1,"Ornate Ironworks Cap of Gathering",True,1,"WeeklyBingoRewardData#0",1,"Augmented Ala Mhigan Turban of Gathering",True,1,"WeeklyBingoRewardData#1","Ornate Indigo Ramie Tabard of Aiming",True,1
169,1,"Ornate Heavy Metal Cuirass of Fending",True,1,"WeeklyBingoRewardData#0",1,"Augmented Ala Mhigan Doublet of Crafting",True,1,"WeeklyBingoRewardData#1","Ornate Indigo Ramie Robe of Healing",True,1
170,1,"Ornate Ironworks Sleeves of Crafting",True,1,"WeeklyBingoRewardData#0",1,"Augmented Ala Mhigan Coat of Gathering",True,1,"WeeklyBingoRewardData#1","Ornate Chromite Armor of Fending",True,1
171,1,"Ornate Heavy Metal Cuirass of Maiming",True,1,"WeeklyBingoRewardData#0",1,"Augmented Ala Mhigan Shoes of Crafting",True,1,"WeeklyBingoRewardData#1","Ornate Chromite Mail of Maiming",True,1
172,1,"Ornate Ironworks Gloves of Gathering",True,1,"WeeklyBingoRewardData#0",1,"Augmented Ala Mhigan Shoes of Gathering",True,1,"WeeklyBingoRewardData#1","Ornate True Griffin Chestpiece of Scouting",True,1
173,1,"Ornate Star Velvet Tabard of Scouting",True,1,"WeeklyBingoRewardData#0",1,"Augmented Ala Mhigan Bottoms of Crafting",True,1,"WeeklyBingoRewardData#1","Ornate True Griffin Chestpiece of Striking",True,1
174,1,"Ornate Ironworks Breeches of Crafting",True,1,"WeeklyBingoRewardData#0",1,"Augmented Ala Mhigan Bottoms of Gathering",True,1,"WeeklyBingoRewardData#1","Ornate Indigo Ramie Robe of Casting",True,1
175,1,"Ornate Star Velvet Tabard of Striking",True,1,"WeeklyBingoRewardData#0",1,"Augmented Ala Mhigan Gloves of Crafting",True,1,"WeeklyBingoRewardData#1","Ornate Indigo Ramie Tabard of Aiming",True,1
176,1,"Ornate Ironworks Slops of Gathering",True,1,"WeeklyBingoRewardData#0",1,"Augmented Ala Mhigan Gloves of Gathering",True,1,"WeeklyBingoRewardData#1","Ornate Indigo Ramie Robe of Healing",True,1
177,1,"Ornate Star Velvet Himation of Casting",True,1,"WeeklyBingoRewardData#0",1,"Augmented Ala Mhigan Turban of Crafting",True,1,"WeeklyBingoRewardData#1","Ornate Chromite Armor of Fending",True,1
178,1,"Ornate Ironworks Boots of Crafting",True,1,"WeeklyBingoRewardData#0",1,"Augmented Ala Mhigan Turban of Gathering",True,1,"WeeklyBingoRewardData#1","Ornate Chromite Mail of Maiming",True,1
179,1,"Ornate Star Velvet Tabard of Aiming",True,1,"WeeklyBingoRewardData#0",1,"Augmented Ala Mhigan Doublet of Crafting",True,1,"WeeklyBingoRewardData#1","Ornate True Griffin Chestpiece of Scouting",True,1
180,1,"Ornate Ironworks Boots of Gathering",True,1,"WeeklyBingoRewardData#0",1,"Augmented Ala Mhigan Coat of Gathering",True,1,"WeeklyBingoRewardData#1","Ornate True Griffin Chestpiece of Striking",True,1
181,1,"Ornate Star Velvet Himation of Healing",True,1,"WeeklyBingoRewardData#0",1,"Augmented Ala Mhigan Shoes of Crafting",True,1,"WeeklyBingoRewardData#1","Ornate Indigo Ramie Robe of Casting",True,1
182,0,,False,0,"WeeklyBingoRewardData#0",0,,False,0,"WeeklyBingoRewardData#0","",False,0
183,0,,False,0,"WeeklyBingoRewardData#0",0,,False,0,"WeeklyBingoRewardData#0","",False,0
184,0,,False,0,"WeeklyBingoRewardData#0",0,,False,0,"WeeklyBingoRewardData#0","",False,0
185,0,,False,0,"WeeklyBingoRewardData#0",0,,False,0,"WeeklyBingoRewardData#0","",False,0
186,0,,False,0,"WeeklyBingoRewardData#0",0,,False,0,"WeeklyBingoRewardData#0","",False,0
187,0,,False,0,"WeeklyBingoRewardData#0",0,,False,0,"WeeklyBingoRewardData#0","",False,0
188,0,,False,0,"WeeklyBingoRewardData#0",0,,False,0,"WeeklyBingoRewardData#0","",False,0
189,0,,False,0,"WeeklyBingoRewardData#0",0,,False,0,"WeeklyBingoRewardData#0","",False,0
190,0,,False,0,"WeeklyBingoRewardData#0",0,,False,0,"WeeklyBingoRewardData#0","",False,0
191,0,,False,0,"WeeklyBingoRewardData#0",0,,False,0,"WeeklyBingoRewardData#0","",False,0
192,0,,False,0,"WeeklyBingoRewardData#0",0,,False,0,"WeeklyBingoRewardData#0","",False,0
193,0,,False,0,"WeeklyBingoRewardData#0",0,,False,0,"WeeklyBingoRewardData#0","",False,0
194,0,,False,0,"WeeklyBingoRewardData#0",0,,False,0,"WeeklyBingoRewardData#0","",False,0
195,0,,False,0,"WeeklyBingoRewardData#0",0,,False,0,"WeeklyBingoRewardData#0","",False,0
196,0,,False,0,"WeeklyBingoRewardData#0",0,,False,0,"WeeklyBingoRewardData#0","",False,0
197,0,,False,0,"WeeklyBingoRewardData#0",0,,False,0,"WeeklyBingoRewardData#0","",False,0
198,0,,False,0,"WeeklyBingoRewardData#0",0,,False,0,"WeeklyBingoRewardData#0","",False,0
199,0,,False,0,"WeeklyBingoRewardData#0",0,,False,0,"WeeklyBingoRewardData#0","",False,0
200,0,,False,0,"WeeklyBingoRewardData#0",0,,False,0,"WeeklyBingoRewardData#0","",False,0
201,0,,False,0,"WeeklyBingoRewardData#0",0,,False,0,"WeeklyBingoRewardData#0","",False,0
202,0,,False,0,"WeeklyBingoRewardData#0",0,,False,0,"WeeklyBingoRewardData#0","",False,0
203,0,,False,0,"WeeklyBingoRewardData#0",0,,False,0,"WeeklyBingoRewardData#0","",False,0
204,0,,False,0,"WeeklyBingoRewardData#0",0,,False,0,"WeeklyBingoRewardData#0","",False,0
205,0,,False,0,"WeeklyBingoRewardData#0",0,,False,0,"WeeklyBingoRewardData#0","",False,0
206,0,,False,0,"WeeklyBingoRewardData#0",0,,False,0,"WeeklyBingoRewardData#0","",False,0
207,0,,False,0,"WeeklyBingoRewardData#0",0,,False,0,"WeeklyBingoRewardData#0","",False,0
208,0,,False,0,"WeeklyBingoRewardData#0",0,,False,0,"WeeklyBingoRewardData#0","",False,0
209,0,,False,0,"WeeklyBingoRewardData#0",0,,False,0,"WeeklyBingoRewardData#0","",False,0
210,0,,False,0,"WeeklyBingoRewardData#0",0,,False,0,"WeeklyBingoRewardData#0","",False,0
211,0,,False,0,"WeeklyBingoRewardData#0",0,,False,0,"WeeklyBingoRewardData#0","",False,0
212,0,,False,0,"WeeklyBingoRewardData#0",0,,False,0,"WeeklyBingoRewardData#0","",False,0
213,0,,False,0,"WeeklyBingoRewardData#0",0,,False,0,"WeeklyBingoRewardData#0","",False,0
214,0,,False,0,"WeeklyBingoRewardData#0",0,,False,0,"WeeklyBingoRewardData#0","",False,0
215,0,,False,0,"WeeklyBingoRewardData#0",0,,False,0,"WeeklyBingoRewardData#0","",False,0
216,0,,False,0,"WeeklyBingoRewardData#0",0,,False,0,"WeeklyBingoRewardData#0","",False,0
217,0,,False,0,"WeeklyBingoRewardData#0",0,,False,0,"WeeklyBingoRewardData#0","",False,0
218,0,,False,0,"WeeklyBingoRewardData#0",0,,False,0,"WeeklyBingoRewardData#0","",False,0
219,0,,False,0,"WeeklyBingoRewardData#0",0,,False,0,"WeeklyBingoRewardData#0","",False,0
220,0,,False,0,"WeeklyBingoRewardData#0",0,,False,0,"WeeklyBingoRewardData#0","",False,0
221,0,,False,0,"WeeklyBingoRewardData#0",0,,False,0,"WeeklyBingoRewardData#0","",False,0
222,0,,False,0,"WeeklyBingoRewardData#0",0,,False,0,"WeeklyBingoRewardData#0","",False,0
223,0,,False,0,"WeeklyBingoRewardData#0",0,,False,0,"WeeklyBingoRewardData#0","",False,0
224,0,,False,0,"WeeklyBingoRewardData#0",0,,False,0,"WeeklyBingoRewardData#0","",False,0
225,0,,False,0,"WeeklyBingoRewardData#0",0,,False,0,"WeeklyBingoRewardData#0","",False,0
226,0,,False,0,"WeeklyBingoRewardData#0",0,,False,0,"WeeklyBingoRewardData#0","",False,0
227,0,,False,0,"WeeklyBingoRewardData#0",0,,False,0,"WeeklyBingoRewardData#0","",False,0
228,0,,False,0,"WeeklyBingoRewardData#0",0,,False,0,"WeeklyBingoRewardData#0","",False,0
229,0,,False,0,"WeeklyBingoRewardData#0",0,,False,0,"WeeklyBingoRewardData#0","",False,0
230,0,,False,0,"WeeklyBingoRewardData#0",0,,False,0,"WeeklyBingoRewardData#0","",False,0
231,0,,False,0,"WeeklyBingoRewardData#0",0,,False,0,"WeeklyBingoRewardData#0","",False,0
232,0,,False,0,"WeeklyBingoRewardData#0",0,,False,0,"WeeklyBingoRewardData#0","",False,0
233,0,,False,0,"WeeklyBingoRewardData#0",0,,False,0,"WeeklyBingoRewardData#0","",False,0
234,0,,False,0,"WeeklyBingoRewardData#0",0,,False,0,"WeeklyBingoRewardData#0","",False,0
235,0,,False,0,"WeeklyBingoRewardData#0",0,,False,0,"WeeklyBingoRewardData#0","",False,0
236,0,,False,0,"WeeklyBingoRewardData#0",0,,False,0,"WeeklyBingoRewardData#0","",False,0
237,0,,False,0,"WeeklyBingoRewardData#0",0,,False,0,"WeeklyBingoRewardData#0","",False,0
238,0,,False,0,"WeeklyBingoRewardData#0",0,,False,0,"WeeklyBingoRewardData#0","",False,0
239,0,,False,0,"WeeklyBingoRewardData#0",0,,False,0,"WeeklyBingoRewardData#0","",False,0
240,0,,False,0,"WeeklyBingoRewardData#0",0,,False,0,"WeeklyBingoRewardData#0","",False,0
241,0,,False,0,"WeeklyBingoRewardData#0",0,,False,0,"WeeklyBingoRewardData#0","",False,0
242,0,,False,0,"WeeklyBingoRewardData#0",0,,False,0,"WeeklyBingoRewardData#0","",False,0
243,0,,False,0,"WeeklyBingoRewardData#0",0,,False,0,"WeeklyBingoRewardData#0","",False,0
244,0,,False,0,"WeeklyBingoRewardData#0",0,,False,0,"WeeklyBingoRewardData#0","",False,0
245,0,,False,0,"WeeklyBingoRewardData#0",0,,False,0,"WeeklyBingoRewardData#0","",False,0
246,0,,False,0,"WeeklyBingoRewardData#0",0,,False,0,"WeeklyBingoRewardData#0","",False,0
247,0,,False,0,"WeeklyBingoRewardData#0",0,,False,0,"WeeklyBingoRewardData#0","",False,0
248,0,,False,0,"WeeklyBingoRewardData#0",0,,False,0,"WeeklyBingoRewardData#0","",False,0
249,0,,False,0,"WeeklyBingoRewardData#0",0,,False,0,"WeeklyBingoRewardData#0","",False,0
250,0,,False,0,"WeeklyBingoRewardData#0",0,,False,0,"WeeklyBingoRewardData#0","",False,0
251,0,,False,0,"WeeklyBingoRewardData#0",0,,False,0,"WeeklyBingoRewardData#0","",False,0
252,0,,False,0,"WeeklyBingoRewardData#0",0,,False,0,"WeeklyBingoRewardData#0","",False,0
253,0,,False,0,"WeeklyBingoRewardData#0",0,,False,0,"WeeklyBingoRewardData#0","",False,0
254,0,,False,0,"WeeklyBingoRewardData#0",0,,False,0,"WeeklyBingoRewardData#0","",False,0
255,0,,False,0,"WeeklyBingoRewardData#0",0,,False,0,"WeeklyBingoRewardData#0","",False,0
