﻿key,0,1,2,3,4,5
#,,Data,,Text,Icon,
int32,uint32,uint32,byte,WeeklyBingoText,Image,byte
0,0,0,0,"Dammies","ui/icon/000000/000000.tex",0
1,2,50,0,"Dungeons (Lv. 1-49)","ui/icon/113000/113001.tex",3
2,1,50,0,"Dungeons (Lv. 50)","ui/icon/113000/113002.tex",3
3,2,60,0,"Dungeons (Lv. 51-59)","ui/icon/113000/113003.tex",3
4,1,60,0,"Dungeons (Lv. 60)","ui/icon/113000/113004.tex",3
5,0,30001,0,"Dammies","ui/icon/113000/113005.tex",0
6,0,30011,0,"Dammies","ui/icon/113000/113006.tex",0
7,0,30020,0,"Dammies","ui/icon/113000/113007.tex",0
8,0,30029,0,"Dammies","ui/icon/113000/113008.tex",0
9,0,30021,0,"Dammies","ui/icon/113000/113010.tex",0
10,0,30022,0,"Dammies","ui/icon/113000/113011.tex",0
11,0,30023,0,"Dammies","ui/icon/113000/113012.tex",0
12,0,30024,0,"Dammies","ui/icon/113000/113013.tex",0
13,0,20010,0,"Dammies","ui/icon/113000/113018.tex",0
14,0,20009,0,"Dammies","ui/icon/113000/113019.tex",0
15,0,20008,0,"Dammies","ui/icon/113000/113020.tex",0
16,0,20012,0,"Dammies","ui/icon/113000/113021.tex",0
17,0,20018,0,"Dammies","ui/icon/113000/113022.tex",0
18,0,20023,0,"Dammies","ui/icon/113000/113023.tex",0
19,0,20025,0,"Dammies","ui/icon/113000/113024.tex",0
20,0,20013,0,"Dammies","ui/icon/113000/113025.tex",0
21,0,20027,0,"Dammies","ui/icon/113000/113026.tex",0
22,0,20034,0,"Dammies","ui/icon/113000/113027.tex",0
23,0,20032,0,"Dammies","ui/icon/113000/113028.tex",0
24,0,30002,0,"Dammies","ui/icon/113000/113032.tex",0
25,0,30003,0,"Dammies","ui/icon/113000/113033.tex",0
26,0,30004,0,"Dammies","ui/icon/113000/113034.tex",0
27,0,30005,0,"Dammies","ui/icon/113000/113035.tex",0
28,0,30006,0,"Dammies","ui/icon/113000/113036.tex",0
29,0,30007,0,"Dammies","ui/icon/113000/113037.tex",0
30,0,30008,0,"Dammies","ui/icon/113000/113038.tex",0
31,0,30009,0,"Dammies","ui/icon/113000/113039.tex",0
32,0,30010,0,"Dammies","ui/icon/113000/113040.tex",0
33,0,30016,0,"Dammies","ui/icon/113000/113041.tex",0
34,0,30017,0,"Dammies","ui/icon/113000/113042.tex",0
35,0,30018,0,"Dammies","ui/icon/113000/113043.tex",0
36,0,30019,0,"Dammies","ui/icon/113000/113044.tex",0
37,0,50001,0,"Dammies","ui/icon/113000/113045.tex",2
38,0,50003,0,"Dammies","ui/icon/113000/113046.tex",2
39,0,50004,0,"Dammies","ui/icon/113000/113047.tex",2
40,0,50005,0,"Dammies","ui/icon/113000/113048.tex",2
41,0,30038,0,"Dammies","ui/icon/113000/113009.tex",0
42,0,30030,0,"Dammies","ui/icon/113000/113014.tex",0
43,0,30031,0,"Dammies","ui/icon/113000/113015.tex",0
44,0,30032,0,"Dammies","ui/icon/113000/113016.tex",0
45,0,30033,0,"Dammies","ui/icon/113000/113017.tex",0
46,3,10,0,"Aquapolis/Lost Canals","ui/icon/113000/113050.tex",1
47,0,60001,0,"Dammies","ui/icon/113000/113051.tex",0
48,0,60002,0,"Dammies","ui/icon/113000/113052.tex",0
49,0,60003,0,"Dammies","ui/icon/113000/113053.tex",0
50,0,60004,0,"Dammies","ui/icon/113000/113054.tex",0
51,0,60005,0,"Dammies","ui/icon/113000/113055.tex",0
52,3,5,0,"The Feast","ui/icon/113000/113049.tex",2
53,3,9,0,"Palace of the Dead","ui/icon/113000/113056.tex",3
54,3,6,0,"Frontline","ui/icon/113000/113057.tex",2
55,0,30039,0,"Dammies","ui/icon/113000/113058.tex",0
56,0,30040,0,"Dammies","ui/icon/113000/113059.tex",0
57,0,30041,0,"Dammies","ui/icon/113000/113060.tex",0
58,0,30042,0,"Dammies","ui/icon/113000/113061.tex",0
59,2,70,0,"Dungeons (Lv. 61-69)","ui/icon/113000/113062.tex",3
60,1,70,0,"Dungeons (Lv. 70)","ui/icon/113000/113063.tex",3
61,0,30047,0,"Dammies","ui/icon/113000/113064.tex",0
62,0,20036,0,"Dammies","ui/icon/113000/113029.tex",0
63,0,20038,0,"Dammies","ui/icon/113000/113030.tex",0
64,0,20040,0,"Dammies","ui/icon/113000/113031.tex",0
65,0,20042,0,"Dammies","ui/icon/113000/113065.tex",0
66,0,20044,0,"Dammies","ui/icon/113000/113066.tex",0
67,0,0,0,"Dammies","ui/icon/000000/000000.tex",0
68,0,0,0,"Dammies","ui/icon/000000/000000.tex",0
69,0,0,0,"Dammies","ui/icon/000000/000000.tex",0
70,0,0,0,"Dammies","ui/icon/000000/000000.tex",0
71,0,0,0,"Dammies","ui/icon/000000/000000.tex",0
72,0,0,0,"Dammies","ui/icon/000000/000000.tex",0
73,0,0,0,"Dammies","ui/icon/000000/000000.tex",0
74,0,0,0,"Dammies","ui/icon/000000/000000.tex",0
75,0,0,0,"Dammies","ui/icon/000000/000000.tex",0
76,0,0,0,"Dammies","ui/icon/000000/000000.tex",0
77,0,0,0,"Dammies","ui/icon/000000/000000.tex",0
78,0,0,0,"Dammies","ui/icon/000000/000000.tex",0
79,0,0,0,"Dammies","ui/icon/000000/000000.tex",0
80,0,0,0,"Dammies","ui/icon/000000/000000.tex",0
81,0,0,0,"Dammies","ui/icon/000000/000000.tex",0
82,0,0,0,"Dammies","ui/icon/000000/000000.tex",0
83,0,0,0,"Dammies","ui/icon/000000/000000.tex",0
84,0,0,0,"Dammies","ui/icon/000000/000000.tex",0
85,0,0,0,"Dammies","ui/icon/000000/000000.tex",0
86,0,0,0,"Dammies","ui/icon/000000/000000.tex",0
87,0,0,0,"Dammies","ui/icon/000000/000000.tex",0
88,0,0,0,"Dammies","ui/icon/000000/000000.tex",0
89,0,0,0,"Dammies","ui/icon/000000/000000.tex",0
90,0,0,0,"Dammies","ui/icon/000000/000000.tex",0
91,0,0,0,"Dammies","ui/icon/000000/000000.tex",0
92,0,0,0,"Dammies","ui/icon/000000/000000.tex",0
93,0,0,0,"Dammies","ui/icon/000000/000000.tex",0
94,0,0,0,"Dammies","ui/icon/000000/000000.tex",0
95,0,0,0,"Dammies","ui/icon/000000/000000.tex",0
96,0,0,0,"Dammies","ui/icon/000000/000000.tex",0
97,0,0,0,"Dammies","ui/icon/000000/000000.tex",0
98,0,0,0,"Dammies","ui/icon/000000/000000.tex",0
99,0,0,0,"Dammies","ui/icon/000000/000000.tex",0
100,0,0,0,"Dammies","ui/icon/000000/000000.tex",0
101,0,0,0,"Dammies","ui/icon/000000/000000.tex",0
102,0,0,0,"Dammies","ui/icon/000000/000000.tex",0
103,0,0,0,"Dammies","ui/icon/000000/000000.tex",0
104,0,0,0,"Dammies","ui/icon/000000/000000.tex",0
105,0,0,0,"Dammies","ui/icon/000000/000000.tex",0
106,0,0,0,"Dammies","ui/icon/000000/000000.tex",0
107,0,0,0,"Dammies","ui/icon/000000/000000.tex",0
108,0,0,0,"Dammies","ui/icon/000000/000000.tex",0
109,0,0,0,"Dammies","ui/icon/000000/000000.tex",0
110,0,0,0,"Dammies","ui/icon/000000/000000.tex",0
111,0,0,0,"Dammies","ui/icon/000000/000000.tex",0
112,0,0,0,"Dammies","ui/icon/000000/000000.tex",0
113,0,0,0,"Dammies","ui/icon/000000/000000.tex",0
114,0,0,0,"Dammies","ui/icon/000000/000000.tex",0
115,0,0,0,"Dammies","ui/icon/000000/000000.tex",0
116,0,0,0,"Dammies","ui/icon/000000/000000.tex",0
117,0,0,0,"Dammies","ui/icon/000000/000000.tex",0
118,0,0,0,"Dammies","ui/icon/000000/000000.tex",0
119,0,0,0,"Dammies","ui/icon/000000/000000.tex",0
120,0,0,0,"Dammies","ui/icon/000000/000000.tex",0
121,0,0,0,"Dammies","ui/icon/000000/000000.tex",0
122,0,0,0,"Dammies","ui/icon/000000/000000.tex",0
123,0,0,0,"Dammies","ui/icon/000000/000000.tex",0
124,0,0,0,"Dammies","ui/icon/000000/000000.tex",0
125,0,0,0,"Dammies","ui/icon/000000/000000.tex",0
126,0,0,0,"Dammies","ui/icon/000000/000000.tex",0
127,0,0,0,"Dammies","ui/icon/000000/000000.tex",0
128,0,0,0,"Dammies","ui/icon/000000/000000.tex",0
129,0,0,0,"Dammies","ui/icon/000000/000000.tex",0
130,0,0,0,"Dammies","ui/icon/000000/000000.tex",0
131,0,0,0,"Dammies","ui/icon/000000/000000.tex",0
132,0,0,0,"Dammies","ui/icon/000000/000000.tex",0
133,0,0,0,"Dammies","ui/icon/000000/000000.tex",0
134,0,0,0,"Dammies","ui/icon/000000/000000.tex",0
135,0,0,0,"Dammies","ui/icon/000000/000000.tex",0
136,0,0,0,"Dammies","ui/icon/000000/000000.tex",0
137,0,0,0,"Dammies","ui/icon/000000/000000.tex",0
138,0,0,0,"Dammies","ui/icon/000000/000000.tex",0
139,0,0,0,"Dammies","ui/icon/000000/000000.tex",0
140,0,0,0,"Dammies","ui/icon/000000/000000.tex",0
141,0,0,0,"Dammies","ui/icon/000000/000000.tex",0
142,0,0,0,"Dammies","ui/icon/000000/000000.tex",0
143,0,0,0,"Dammies","ui/icon/000000/000000.tex",0
144,0,0,0,"Dammies","ui/icon/000000/000000.tex",0
145,0,0,0,"Dammies","ui/icon/000000/000000.tex",0
146,0,0,0,"Dammies","ui/icon/000000/000000.tex",0
147,0,0,0,"Dammies","ui/icon/000000/000000.tex",0
148,0,0,0,"Dammies","ui/icon/000000/000000.tex",0
149,0,0,0,"Dammies","ui/icon/000000/000000.tex",0
150,0,0,0,"Dammies","ui/icon/000000/000000.tex",0
151,0,0,0,"Dammies","ui/icon/000000/000000.tex",0
152,0,0,0,"Dammies","ui/icon/000000/000000.tex",0
153,0,0,0,"Dammies","ui/icon/000000/000000.tex",0
154,0,0,0,"Dammies","ui/icon/000000/000000.tex",0
155,0,0,0,"Dammies","ui/icon/000000/000000.tex",0
156,0,0,0,"Dammies","ui/icon/000000/000000.tex",0
157,0,0,0,"Dammies","ui/icon/000000/000000.tex",0
158,0,0,0,"Dammies","ui/icon/000000/000000.tex",0
159,0,0,0,"Dammies","ui/icon/000000/000000.tex",0
160,0,0,0,"Dammies","ui/icon/000000/000000.tex",0
161,0,0,0,"Dammies","ui/icon/000000/000000.tex",0
162,0,0,0,"Dammies","ui/icon/000000/000000.tex",0
163,0,0,0,"Dammies","ui/icon/000000/000000.tex",0
164,0,0,0,"Dammies","ui/icon/000000/000000.tex",0
165,0,0,0,"Dammies","ui/icon/000000/000000.tex",0
166,0,0,0,"Dammies","ui/icon/000000/000000.tex",0
167,0,0,0,"Dammies","ui/icon/000000/000000.tex",0
168,0,0,0,"Dammies","ui/icon/000000/000000.tex",0
169,0,0,0,"Dammies","ui/icon/000000/000000.tex",0
170,0,0,0,"Dammies","ui/icon/000000/000000.tex",0
171,0,0,0,"Dammies","ui/icon/000000/000000.tex",0
172,0,0,0,"Dammies","ui/icon/000000/000000.tex",0
173,0,0,0,"Dammies","ui/icon/000000/000000.tex",0
174,0,0,0,"Dammies","ui/icon/000000/000000.tex",0
175,0,0,0,"Dammies","ui/icon/000000/000000.tex",0
176,0,0,0,"Dammies","ui/icon/000000/000000.tex",0
177,0,0,0,"Dammies","ui/icon/000000/000000.tex",0
178,0,0,0,"Dammies","ui/icon/000000/000000.tex",0
179,0,0,0,"Dammies","ui/icon/000000/000000.tex",0
180,0,0,0,"Dammies","ui/icon/000000/000000.tex",0
181,0,0,0,"Dammies","ui/icon/000000/000000.tex",0
182,0,0,0,"Dammies","ui/icon/000000/000000.tex",0
183,0,0,0,"Dammies","ui/icon/000000/000000.tex",0
184,0,0,0,"Dammies","ui/icon/000000/000000.tex",0
185,0,0,0,"Dammies","ui/icon/000000/000000.tex",0
186,0,0,0,"Dammies","ui/icon/000000/000000.tex",0
187,0,0,0,"Dammies","ui/icon/000000/000000.tex",0
188,0,0,0,"Dammies","ui/icon/000000/000000.tex",0
189,0,0,0,"Dammies","ui/icon/000000/000000.tex",0
190,0,0,0,"Dammies","ui/icon/000000/000000.tex",0
191,0,0,0,"Dammies","ui/icon/000000/000000.tex",0
192,0,0,0,"Dammies","ui/icon/000000/000000.tex",0
193,0,0,0,"Dammies","ui/icon/000000/000000.tex",0
194,0,0,0,"Dammies","ui/icon/000000/000000.tex",0
195,0,0,0,"Dammies","ui/icon/000000/000000.tex",0
196,0,0,0,"Dammies","ui/icon/000000/000000.tex",0
197,0,0,0,"Dammies","ui/icon/000000/000000.tex",0
198,0,0,0,"Dammies","ui/icon/000000/000000.tex",0
199,0,0,0,"Dammies","ui/icon/000000/000000.tex",0
200,0,0,0,"Dammies","ui/icon/000000/000000.tex",0
201,0,0,0,"Dammies","ui/icon/000000/000000.tex",0
202,0,0,0,"Dammies","ui/icon/000000/000000.tex",0
203,0,0,0,"Dammies","ui/icon/000000/000000.tex",0
204,0,0,0,"Dammies","ui/icon/000000/000000.tex",0
205,0,0,0,"Dammies","ui/icon/000000/000000.tex",0
206,0,0,0,"Dammies","ui/icon/000000/000000.tex",0
207,0,0,0,"Dammies","ui/icon/000000/000000.tex",0
208,0,0,0,"Dammies","ui/icon/000000/000000.tex",0
209,0,0,0,"Dammies","ui/icon/000000/000000.tex",0
210,0,0,0,"Dammies","ui/icon/000000/000000.tex",0
211,0,0,0,"Dammies","ui/icon/000000/000000.tex",0
212,0,0,0,"Dammies","ui/icon/000000/000000.tex",0
213,0,0,0,"Dammies","ui/icon/000000/000000.tex",0
214,0,0,0,"Dammies","ui/icon/000000/000000.tex",0
215,0,0,0,"Dammies","ui/icon/000000/000000.tex",0
216,0,0,0,"Dammies","ui/icon/000000/000000.tex",0
217,0,0,0,"Dammies","ui/icon/000000/000000.tex",0
218,0,0,0,"Dammies","ui/icon/000000/000000.tex",0
219,0,0,0,"Dammies","ui/icon/000000/000000.tex",0
220,0,0,0,"Dammies","ui/icon/000000/000000.tex",0
221,0,0,0,"Dammies","ui/icon/000000/000000.tex",0
222,0,0,0,"Dammies","ui/icon/000000/000000.tex",0
223,0,0,0,"Dammies","ui/icon/000000/000000.tex",0
224,0,0,0,"Dammies","ui/icon/000000/000000.tex",0
225,0,0,0,"Dammies","ui/icon/000000/000000.tex",0
226,0,0,0,"Dammies","ui/icon/000000/000000.tex",0
227,0,0,0,"Dammies","ui/icon/000000/000000.tex",0
228,0,0,0,"Dammies","ui/icon/000000/000000.tex",0
229,0,0,0,"Dammies","ui/icon/000000/000000.tex",0
230,0,0,0,"Dammies","ui/icon/000000/000000.tex",0
231,0,0,0,"Dammies","ui/icon/000000/000000.tex",0
232,0,0,0,"Dammies","ui/icon/000000/000000.tex",0
233,0,0,0,"Dammies","ui/icon/000000/000000.tex",0
234,0,0,0,"Dammies","ui/icon/000000/000000.tex",0
235,0,0,0,"Dammies","ui/icon/000000/000000.tex",0
236,0,0,0,"Dammies","ui/icon/000000/000000.tex",0
237,0,0,0,"Dammies","ui/icon/000000/000000.tex",0
238,0,0,0,"Dammies","ui/icon/000000/000000.tex",0
239,0,0,0,"Dammies","ui/icon/000000/000000.tex",0
240,0,0,0,"Dammies","ui/icon/000000/000000.tex",0
241,0,0,0,"Dammies","ui/icon/000000/000000.tex",0
242,0,0,0,"Dammies","ui/icon/000000/000000.tex",0
243,0,0,0,"Dammies","ui/icon/000000/000000.tex",0
244,0,0,0,"Dammies","ui/icon/000000/000000.tex",0
245,0,0,0,"Dammies","ui/icon/000000/000000.tex",0
246,0,0,0,"Dammies","ui/icon/000000/000000.tex",0
247,0,0,0,"Dammies","ui/icon/000000/000000.tex",0
248,0,0,0,"Dammies","ui/icon/000000/000000.tex",0
249,0,0,0,"Dammies","ui/icon/000000/000000.tex",0
250,0,0,0,"Dammies","ui/icon/000000/000000.tex",0
251,0,0,0,"Dammies","ui/icon/000000/000000.tex",0
252,0,0,0,"Dammies","ui/icon/000000/000000.tex",0
253,0,0,0,"Dammies","ui/icon/000000/000000.tex",0
254,0,0,0,"Dammies","ui/icon/000000/000000.tex",0
255,0,0,0,"Dammies","ui/icon/000000/000000.tex",0
