﻿key,0,1,2,3
#,Name,AchievementKind,,
int32,str,AchievementKind,bit&01,bit&02
0,"","",True,False
1,"Battle","Battle",True,False
2,"Dungeons","Battle",True,False
3,"Trials","Battle",True,False
4,"Raids","Battle",True,False
5,"The Wolves' Den","Battle",True,False
6,"Frontline","Battle",True,False
7,"The Hunt","Battle",True,False
8,"Treasure Hunt","Battle",True,False
9,"Class","Character",True,False
10,"Disciples of War","Character",True,False
11,"Disciples of Magic","Character",True,False
12,"Disciples of the Hand","Character",True,False
13,"Disciples of the Land","Character",True,False
14,"PvP","Character",True,False
15,"Commendation","Character",True,False
16,"Gold Saucer","Character",True,False
17,"Items","Items",True,False
18,"Currency","Items",True,False
19,"Desynthesis","Items",True,False
20,"Collectables","Items",True,False
21,"Materia","Items",True,False
22,"Carpenter","Crafting",True,False
23,"Blacksmith","Crafting",True,False
24,"Armorer","Crafting",True,False
25,"Goldsmith","Crafting",True,False
26,"Leatherworker","Crafting",True,False
27,"Weaver","Crafting",True,False
28,"Alchemist","Crafting",True,False
29,"Culinarian","Crafting",True,False
30,"Miner","Gathering",True,False
31,"Botanist","Gathering",True,False
32,"Fisher","Gathering",True,False
33,"Quests","Quests",True,False
34,"Levequests","Quests",True,False
35,"Beast Tribe Quests","Quests",True,False
36,"Seasonal Events","Quests",True,True
37,"La Noscea","Exploration",True,False
38,"The Black Shroud","Exploration",True,False
39,"Thanalan","Exploration",True,False
40,"Coerthas","Exploration",True,False
41,"Mor Dhona","Exploration",True,False
42,"Abalathia's Spine","Exploration",True,False
43,"Dravania","Exploration",True,False
44,"Grand Company","Grand Company",True,False
45,"Maelstrom","Grand Company",True,False
46,"Order of the Twin Adder","Grand Company",True,False
47,"Immortal Flames","Grand Company",True,False
48,"Battle","Legacy",True,False
49,"Currency","Legacy",True,False
50,"Gathering","Legacy",True,False
51,"Quests","Legacy",True,False
52,"Seasonal Events","Legacy",True,False
53,"Dungeons","Legacy",True,False
54,"Exploration","Legacy",True,False
55,"Grand Company","Legacy",True,False
56,"","",True,False
57,"","",True,False
58,"","",True,False
59,"","",True,False
60,"","",True,False
61,"","",True,False
62,"","",True,False
63,"","",True,False
64,"","",True,False
65,"","",True,False
66,"","",True,False
