﻿key,0
#,Quest
int32,Quest
2818048,"Purple Flame, Purple Flame"
2818049,"Bridge Over Frozen Water"
2818050,"Protecting What's Important"
2818051,"Baby Steps"
2818052,"For All the Nights to Come"
2818053,
2818054,
2818055,
2818056,
2818057,
2818058,
2818059,
2818060,
2818061,
2818062,
2818063,"Mourn in Passing"
2818064,"Some Bad News"
2818065,"Natural Repellent"
2818066,"Chocobo's Last Stand"
2818067,"A Lesson in Humility"
2818068,
2818069,
2818070,
2818071,
2818072,
2818073,
2818074,
2818075,
2818076,
2818077,
2818078,"Forbidden Knowledge"
2818079,"Louder than Words"
2818080,"Ebb and Aetherflow"
2818081,"Taking Stock"
2818082,"Saro Roggo's Common Life"
2818083,
2818084,
2818085,
2818086,
2818087,
2818088,
2818089,
2818090,
2818091,
2818092,
2818093,"Into the Aery"
2818094,"The Bathing Bully"
2818095,"Road Kill"
2818096,"The Unceasing Gardener"
2818097,"Waiting to Inhale"
2818098,
2818099,
2818100,
2818101,
2818102,
2818103,
2818104,
2818105,
2818106,
2818107,
2818108,"Bolt, Chain, and Island"
2818109,"Clipped Wings"
2818110,"Search and Rescue"
2818111,"Sleepless in Ok' Zundu"
2818112,"Flying the Nest"
2818113,
2818114,
2818115,
2818116,
2818117,
2818118,
2818119,
2818120,
2818121,
2818122,
2818123,"Fetters of Lament"
2818124,"Systematic Exploration"
2818125,"In Node We Trust"
2818126,"Chimerical Maintenance"
2818127,"Close Encounters of the VIth Kind"
