﻿key,0,1,2,3,4,5,6,7,8,9,10
#,Icon{Reputation},Icon,Name,,,,,,,,Name{Relation}
int32,Image,Image,str,sbyte,str,sbyte,sbyte,sbyte,sbyte,sbyte,str
0,"ui/icon/000000/000000.tex","ui/icon/000000/000000.tex","",0,"",0,0,0,0,0,""
1,"ui/icon/061000/061901.tex","ui/icon/065000/065016.tex","Amalj'aa",0,"",0,0,0,0,0,"Amalj'aa Relations"
2,"ui/icon/061000/061902.tex","ui/icon/065000/065017.tex","sylphs",0,"",0,0,0,0,0,"Sylphic Relations"
3,"ui/icon/061000/061904.tex","ui/icon/065000/065019.tex","kobolds",0,"",0,0,0,0,0,"Kobold Relations"
4,"ui/icon/061000/061905.tex","ui/icon/065000/065020.tex","Sahagin",0,"",0,0,0,0,0,"Sahagin Relations"
5,"ui/icon/061000/061903.tex","ui/icon/065000/065018.tex","Ixal",0,"",0,0,0,0,0,"Ixali Relations"
