﻿key,0,1,2,3,4,5,6,7,8,9,10,11,12,13
#,,,,,,,,,,,,,,
int32,byte,sbyte,sbyte,uint16,str,bool,str,bool,str,bool,single,int32,bit&01,bit&02
0,0,0,0,0,"",False,"",False,"",False,0,0,False,False
1,0,1,0,0,"",False,"",False,"",False,0,0,False,False
2,0,0,-1,0,"",False,"",False,"",False,0,0,False,False
3,0,1,-1,0,"",False,"",False,"",False,0,0,False,False
4,0,0,-1,0,"",False,"",False,"",False,0,0,False,False
5,0,1,-1,0,"",False,"",False,"",False,0,0,False,False
6,0,-1,-1,936,"",False,"",False,"",False,0,0,False,False
7,0,-1,-1,983,"",False,"",False,"",False,0,0,False,False
8,0,0,-1,0,"",False,"",False,"",False,0,0,False,False
9,0,1,-1,0,"",False,"",False,"",False,0,0,False,False
10,0,0,-1,0,"",False,"",False,"",False,0,0,False,False
11,0,1,-1,0,"",False,"",False,"",False,0,0,False,False
12,0,0,-1,0,"",False,"",False,"",False,0,0,False,False
13,0,1,-1,0,"",False,"",False,"",False,0,0,False,False
14,0,1,0,0,"",False,"",False,"",False,0,0,False,False
15,0,0,1,0,"",False,"",False,"",False,0,0,False,False
16,0,0,0,0,"",False,"",False,"",False,0,0,False,False
17,0,1,1,0,"atr_parts_wing",True,"",False,"",False,0,0,False,False
18,0,1,1,0,"atr_parts_wing",False,"",False,"",False,0,0,False,False
19,0,1,0,0,"atr_parts_wing",False,"",False,"",False,0,0,False,False
20,0,0,0,0,"atr_parts_wing",False,"",False,"",False,0,0,False,False
21,0,0,-1,0,"",False,"",False,"",False,0,0,False,False
22,0,1,-1,0,"",False,"",False,"",False,0,0,False,False
23,0,2,-1,0,"",False,"",False,"",False,0,0,False,False
24,0,1,-1,210,"",False,"",False,"",False,0,0,False,False
25,0,1,-1,210,"",False,"",False,"",False,0,0,False,False
26,0,0,-1,0,"atr_parts_first",True,"atr_parts_second",True,"atr_parts_third",True,0,0,False,False
27,0,0,-1,0,"atr_parts_first",False,"atr_parts_second",True,"atr_parts_third",True,0,0,False,False
28,0,0,-1,0,"atr_parts_first",False,"atr_parts_second",False,"atr_parts_third",True,0,0,False,False
29,0,0,-1,0,"atr_parts_first",False,"atr_parts_second",False,"atr_parts_third",False,0,0,False,False
30,0,0,-1,0,"atr_parts_first",True,"atr_parts_second",True,"atr_parts_third",True,0,0,False,False
31,0,0,-1,0,"atr_parts_first",False,"atr_parts_second",True,"atr_parts_third",True,0,0,False,False
32,0,0,-1,0,"atr_parts_first",False,"atr_parts_second",False,"atr_parts_third",True,0,0,False,False
33,0,0,-1,0,"atr_parts_first",False,"atr_parts_second",False,"atr_parts_third",False,0,0,False,False
34,0,0,-1,0,"atr_parts_missile",True,"",False,"",False,0,0,False,False
35,0,0,-1,0,"atr_parts_missile",False,"",False,"",False,0,0,False,False
36,0,0,-1,0,"",False,"",False,"",False,0,0,False,False
37,0,1,-1,0,"",False,"",False,"",False,0,0,False,False
38,0,2,-1,0,"",False,"",False,"",False,0,0,False,False
39,0,0,-1,0,"",False,"",False,"",False,0,2549,False,False
40,0,-1,-1,0,"",False,"",False,"",False,0,2550,False,False
41,0,0,-1,0,"atr_parts_breast",True,"atr_parts_arm",True,"atr_parts_masekikun",True,0,0,False,False
42,0,0,-1,0,"atr_parts_breast",False,"atr_parts_arm",True,"atr_parts_masekikun",True,0,0,False,False
43,0,0,-1,0,"atr_parts_breast",False,"atr_parts_arm",False,"atr_parts_masekikun",True,0,0,False,False
44,0,0,-1,0,"atr_parts_breast",False,"atr_parts_arm",False,"atr_parts_masekikun",False,0,0,False,False
45,0,0,-1,210,"",False,"",False,"",False,0,0,False,False
46,0,0,-1,210,"",False,"",False,"",False,0,0,False,False
47,0,0,-1,211,"",False,"",False,"",False,0,0,False,False
48,2,-1,-1,0,"",False,"",False,"",False,0.73,0,False,False
49,0,-1,-1,0,"",False,"",False,"",False,0,0,False,False
50,0,-1,-1,0,"",False,"",False,"",False,2,0,False,False
51,0,-1,-1,0,"",False,"",False,"",False,3,0,False,False
52,0,-1,-1,0,"",False,"",False,"",False,4,0,False,False
53,0,1,-1,0,"",False,"",False,"",False,0,2550,False,False
54,0,2,-1,0,"",False,"",False,"",False,0,2550,False,False
55,0,0,-1,210,"",False,"",False,"",False,0,0,False,False
56,0,-1,-1,0,"atr_parts_heart",False,"",False,"",False,0,0,False,False
57,0,0,-1,0,"",False,"",False,"",False,0,0,False,False
58,0,1,-1,0,"",False,"",False,"",False,0,0,False,False
59,0,2,-1,0,"",False,"",False,"",False,0,0,False,False
60,0,-1,-1,0,"",False,"",False,"",False,1.5,0,False,False
61,0,-1,-1,0,"",False,"",False,"",False,2,0,False,False
62,0,-1,-1,0,"",False,"",False,"",False,2.5,0,False,False
63,0,-1,-1,0,"",False,"",False,"",False,3,0,False,False
64,0,1,0,0,"",False,"",False,"",False,0,0,False,False
65,0,2,0,0,"",False,"",False,"",False,0,0,False,False
66,0,3,0,0,"",False,"",False,"",False,0,0,False,False
67,0,-1,-1,0,"atr_parts_hara",True,"",False,"",False,0,0,False,False
68,0,-1,-1,210,"",False,"",False,"",False,0,0,False,False
69,0,-1,-1,211,"",False,"",False,"",False,0,0,False,False
70,0,1,0,0,"",False,"",False,"",False,1.5,0,False,False
71,0,1,0,0,"",False,"",False,"",False,2,0,False,False
72,0,1,0,0,"",False,"",False,"",False,2.5,0,False,False
73,0,1,0,0,"",False,"",False,"",False,3,0,False,False
74,0,0,-1,0,"atr_parts_breast",False,"atr_parts_a",False,"atr_parts_b"{{{STRING}}},False,0,0,False,False
75,0,1,-1,0,"atr_parts_breast",False,"atr_parts_a",True,"atr_parts_b"{{{STRING}}},False,0,0,False,False
76,0,2,-1,0,"atr_parts_breast",False,"atr_parts_a",False,"atr_parts_b"{{{STRING}}},True,0,0,False,False
77,0,-1,-1,0,"atr_parts_hara",False,"",False,"",False,0,0,False,False
78,1,-1,-1,0,"",False,"",False,"",False,1.25,0,False,False
79,1,-1,-1,0,"",False,"",False,"",False,1.5,0,False,False
80,1,-1,-1,0,"",False,"",False,"",False,1.75,0,False,False
81,1,-1,-1,0,"",False,"",False,"",False,2.7,0,False,False
82,0,1,0,3305,"",False,"",False,"",False,0,0,False,False
83,0,-1,-1,0,"",False,"",False,"",False,1,0,False,False
84,0,0,-1,210,"atr_parts_sword",True,"atr_parts_bow",False,"atr_parts_wand",False,0,0,False,False
85,0,0,-1,3604,"atr_parts_sword",False,"atr_parts_bow",True,"atr_parts_wand",False,0,0,False,False
86,0,0,-1,211,"atr_parts_sword",False,"atr_parts_bow",False,"atr_parts_wand",True,0,0,False,False
87,0,0,-1,0,"atr_parts_sword",False,"atr_parts_bow",False,"atr_parts_wand",False,0,0,False,False
88,0,0,1,0,"",False,"",False,"",False,0,0,False,False
89,0,1,0,210,"",False,"",False,"",False,0,0,False,False
90,0,-1,-1,34,"",False,"",False,"",False,0,0,False,False
91,0,0,-1,0,"atr_parts_a",False,"atr_parts_b"{{{STRING}}},False,"atr_parts_c",False,0,0,False,False
92,0,-1,-1,212,"",False,"",False,"",False,0,0,False,False
93,0,0,-1,0,"atr_parts_a",True,"atr_parts_b"{{{STRING}}},True,"atr_parts_c",True,0,0,False,False
94,0,0,-1,0,"atr_parts_a",True,"atr_parts_b"{{{STRING}}},False,"atr_parts_c",False,0,0,False,False
95,0,0,-1,0,"atr_parts_a",False,"atr_parts_b"{{{STRING}}},False,"atr_parts_c",True,0,0,False,False
96,0,0,-1,0,"atr_parts_a",False,"atr_parts_b"{{{STRING}}},True,"atr_parts_c",False,0,0,False,False
97,0,0,-1,0,"atr_parts_a",True,"atr_parts_b"{{{STRING}}},True,"atr_parts_c",False,0,0,False,False
98,0,0,-1,0,"atr_parts_a",True,"atr_parts_b"{{{STRING}}},False,"atr_parts_c",True,0,0,False,False
99,0,0,-1,0,"atr_parts_a",False,"atr_parts_b"{{{STRING}}},True,"atr_parts_c",True,0,0,False,False
100,0,0,-1,0,"",False,"",False,"",False,0,0,False,False
101,0,0,0,0,"atr_parts_a",True,"atr_parts_b"{{{STRING}}},False,"",False,0,0,False,False
102,0,1,0,0,"atr_parts_a",True,"atr_parts_b"{{{STRING}}},False,"",False,0,0,False,False
103,0,1,0,210,"atr_parts_a",True,"atr_parts_b"{{{STRING}}},False,"",False,0,0,False,False
104,0,1,1,34,"atr_parts_a",False,"atr_parts_b"{{{STRING}}},True,"",False,0,0,False,False
105,0,-1,-1,3305,"",False,"",False,"",False,0,0,False,False
106,1,-1,-1,210,"",False,"",False,"",False,0,0,False,False
107,1,0,0,0,"",False,"",False,"",False,0,0,False,False
108,0,-1,1,65535,"",False,"",False,"",False,0,0,False,False
109,0,-1,0,65535,"",False,"",False,"",False,0,0,False,False
110,1,1,-1,210,"",False,"",False,"",False,0,0,False,False
111,1,0,-1,0,"",False,"",False,"",False,0,0,False,False
112,0,-1,-1,4394,"",False,"",False,"",False,0,0,False,False
113,0,-1,-1,4420,"",False,"",False,"",False,0,0,False,False
114,0,-1,-1,0,"",False,"",False,"",False,0.25,0,False,False
115,0,-1,-1,4431,"",False,"",False,"",False,0,4431,False,False
116,0,-1,-1,4432,"",False,"",False,"",False,0,4432,False,False
117,1,1,-1,65535,"",False,"",False,"",False,0,0,False,False
118,0,-1,-1,979,"",False,"",False,"",False,0,0,False,False
119,0,-1,-1,820,"",False,"",False,"",False,0,0,False,False
120,0,-1,-1,0,"atr_parts_head_l",False,"atr_parts_head_r",False,"",False,0,0,False,False
121,0,-1,-1,0,"",False,"",False,"",False,0,0,True,True
122,0,-1,-1,210,"",False,"",False,"",False,0,0,True,True
123,0,-1,-1,985,"",False,"",False,"",False,0,0,False,False
124,2,-1,-1,0,"",False,"",False,"",False,1,0,False,False
125,0,-1,-1,0,"",False,"",False,"",False,0,0,False,False
126,0,-1,-1,3604,"",False,"",False,"",False,0,0,False,False
127,0,-1,-1,0,"atr_parts_head_l",True,"atr_parts_head_r",False,"",False,0,0,False,False
128,1,-1,-1,0,"atr_parts_head_l",True,"atr_parts_head_r",True,"",False,0,0,False,False
129,1,0,-1,65535,"",False,"",False,"",False,0,0,False,False
130,0,0,-1,210,"",False,"",False,"",False,0,0,False,False
131,0,-1,-1,0,"",False,"",False,"",False,0,0,False,False
