﻿key,0,1,2,3,4,5,6,7,8,9,10,11,12,13,14,15,16,17,18,19,20,21,22,23,24,25,26,27
#,,,,,,,,,,,,,,,,,,,,,,,,,,,,
int32,uint16,str,bool,bool,single,single,single,uint16,str,bool,bool,single,single,single,uint16,str,bool,bool,single,single,single,uint16,str,bool,bool,single,single,single
0,0,"",False,False,0,0,0,0,"",False,False,0,0,0,0,"",False,False,0,0,0,0,"",False,False,0,0,0
1,266,"atr_parts_tail",True,False,0,0,0,0,"",False,False,0,0,0,0,"",False,False,0,0,0,0,"",False,False,0,0,0
2,642,"",False,True,0,0,0,642,"",False,True,0,0,0,0,"",False,False,0,0,0,0,"",False,False,0,0,0
3,1507,"atr_parts_heart",False,False,0,1.5,0,0,"",False,False,0,0,0,0,"",False,False,0,0,0,0,"",False,False,0,0,0
4,1508,"atr_parts_heart",False,False,0,1.5,0,0,"",False,False,0,0,0,0,"",False,False,0,0,0,0,"",False,False,0,0,0
5,1509,"atr_parts_heart",False,False,0,1.5,0,0,"",False,False,0,0,0,0,"",False,False,0,0,0,0,"",False,False,0,0,0
6,2042,"atr_parts_breast",True,False,0,0.5,0,0,"",False,False,0,0,0,0,"",False,False,0,0,0,0,"",False,False,0,0,0
7,2689,"",False,False,0,0.5,0,0,"",False,False,0,0,0,0,"",False,False,0,0,0,0,"",False,False,0,0,0
8,2766,"",False,False,0,2.4,0,2767,"",False,False,0,2.4,0,0,"",False,False,0,0,0,0,"",False,False,0,0,0
9,3350,"atr_parts_a",True,False,1.5,0,0,3351,"atr_parts_b"{{{STRING}}},True,False,0,0.3,0,3352,"atr_parts_c",True,False,-0.9,-0.8,0,0,"",False,False,0,0,0
10,3604,"",False,True,0.8,2.7,3,3603,"",False,True,-0.7,2.7,3,3605,"",False,True,0.7,2,3,3606,"",False,True,-0.7,2,3
11,4106,"atr_parts_c",True,False,7,-7,3,4105,"atr_parts_d",True,False,-7,-7,3,4104,"atr_parts_a",True,False,7,7,3,4103,"atr_parts_b"{{{STRING}}},True,False,-7,7,3
12,4110,"atr_parts_c",True,False,7,-7,3,4109,"atr_parts_d",True,False,-7,-7,3,4108,"atr_parts_a",True,False,7,7,3,4107,"atr_parts_b"{{{STRING}}},True,False,-7,7,3
13,4229,"",False,True,0,0,0,4230,"",False,True,0,0,0,0,"",False,False,0,0,0,0,"",False,False,0,0,0
14,4421,"atr_parts_a",True,False,-1.3,0.6,3,4422,"",False,False,-1.3,0.6,3,0,"",False,False,0,0,0,0,"",False,False,0,0,0
15,4423,"atr_parts_a",True,False,-1.3,0.6,3,4424,"",False,False,-1.3,0.6,3,0,"",False,False,0,0,0,0,"",False,False,0,0,0
16,4657,"atr_parts_breast",True,False,0,0.5,0,0,"",False,False,0,0,0,0,"",False,False,0,0,0,0,"",False,False,0,0,0
17,4276,"",False,False,3.2,0,3,4277,"",False,False,-3.2,0.9,3,0,"",False,False,0,0,0,0,"",False,False,0,0,0
18,2667,"atr_parts_heart",False,False,0,1.5,0,0,"",False,False,0,0,0,0,"",False,False,0,0,0,0,"",False,False,0,0,0
