﻿key,0,1,2,3,4,5,6,7,8
#,Name,CompanyCraftDraftCategory,RequiredItem[0],RequiredItemCount[0],RequiredItem[1],RequiredItemCount[1],RequiredItem[2],RequiredItemCount[2],Order
int32,str,CompanyCraftDraftCategory,Item,byte,Item,byte,Item,byte,uint32
0,"airship prototype II","Airships","Bamboo Weave",6,"",0,"",0,1
1,"airship prototype III","Airships","Balsa Wood Scrap",10,"Bamboo Weave",4,"",0,2
2,"airship prototype IV","Airships","Balsa Wood Lumber",10,"Bamboo Weave",4,"",0,3
3,"airship prototype V","Airships","Synthetic Fiber",14,"Balsa Wood Scrap",4,"",0,4
4,"airship prototype VI","Airships","Aetherochemical Fiber",14,"Balsa Wood Lumber",4,"Bamboo Weave",4,5
5,"restaurant prototype","Housing","Red Clay",10,"",0,"",0,1
6,"armor shop prototype","Housing","Black Clay",10,"",0,"",0,2
7,"weapon shop prototype","Housing","Synthetic Resin",9,"Black Clay",8,"",0,3
8,"aetherial wheel prototype II","Aetherial Wheels","Empty Crystal",6,"",0,"",0,1
9,"aetherial wheel prototype III","Aetherial Wheels","Empty Crystal",6,"",0,"",0,2
10,"aetherial wheel prototype IV","Aetherial Wheels","Empty Crystal",6,"",0,"",0,3
11,"aetherial wheel prototype V","Aetherial Wheels","Empty Cluster",4,"Synthetic Resin",2,"",0,4
12,"aetherial wheel prototype VI","Aetherial Wheels","Empty Cluster",4,"Synthetic Resin",2,"",0,5
13,"aetherial wheel prototype VII","Aetherial Wheels","Empty Cluster",4,"Synthetic Resin",2,"",0,6
14,"wheel stand prototype II","Aetherial Wheels","Empty Cluster",6,"Synthetic Resin",3,"Red Clay",8,7
15,"","Aetherial Wheels","",0,"",0,"",0,0
16,"","Aetherial Wheels","",0,"",0,"",0,0
17,"","Aetherial Wheels","",0,"",0,"",0,0
18,"","Aetherial Wheels","",0,"",0,"",0,0
19,"","Aetherial Wheels","",0,"",0,"",0,0
20,"","Aetherial Wheels","",0,"",0,"",0,0
21,"","Aetherial Wheels","",0,"",0,"",0,0
22,"","Aetherial Wheels","",0,"",0,"",0,0
23,"","Aetherial Wheels","",0,"",0,"",0,0
24,"","Aetherial Wheels","",0,"",0,"",0,0
25,"","Aetherial Wheels","",0,"",0,"",0,0
26,"","Aetherial Wheels","",0,"",0,"",0,0
27,"","Aetherial Wheels","",0,"",0,"",0,0
28,"","Aetherial Wheels","",0,"",0,"",0,0
29,"","Aetherial Wheels","",0,"",0,"",0,0
30,"","Aetherial Wheels","",0,"",0,"",0,0
31,"","Aetherial Wheels","",0,"",0,"",0,0
