﻿key,0,1,2,3,4,5
#,,CompanyCraftType,CompanyCraftProcess[0],CompanyCraftProcess[1],CompanyCraftProcess[2],
int32,byte,CompanyCraftType,CompanyCraftProcess,CompanyCraftProcess,CompanyCraftProcess,uint16
0,0,"","CompanyCraftProcess#0","CompanyCraftProcess#0","CompanyCraftProcess#0",0
1,1,"Wheel Stand","CompanyCraftProcess#1","CompanyCraftProcess#2","CompanyCraftProcess#3",0
2,2,"Wheel Stand","CompanyCraftProcess#50","CompanyCraftProcess#51","CompanyCraftProcess#52",0
3,0,"","CompanyCraftProcess#0","CompanyCraftProcess#0","CompanyCraftProcess#0",0
4,0,"","CompanyCraftProcess#0","CompanyCraftProcess#0","CompanyCraftProcess#0",0
5,0,"","CompanyCraftProcess#0","CompanyCraftProcess#0","CompanyCraftProcess#0",0
6,0,"","CompanyCraftProcess#0","CompanyCraftProcess#0","CompanyCraftProcess#0",0
7,0,"","CompanyCraftProcess#0","CompanyCraftProcess#0","CompanyCraftProcess#0",0
8,0,"","CompanyCraftProcess#0","CompanyCraftProcess#0","CompanyCraftProcess#0",0
9,0,"","CompanyCraftProcess#0","CompanyCraftProcess#0","CompanyCraftProcess#0",0
10,0,"","CompanyCraftProcess#0","CompanyCraftProcess#0","CompanyCraftProcess#0",0
100,2,"Aetherial Wheel","CompanyCraftProcess#4","CompanyCraftProcess#0","CompanyCraftProcess#0",0
101,2,"Aetherial Wheel","CompanyCraftProcess#4","CompanyCraftProcess#0","CompanyCraftProcess#0",0
102,2,"Aetherial Wheel","CompanyCraftProcess#4","CompanyCraftProcess#0","CompanyCraftProcess#0",0
103,2,"Aetherial Wheel","CompanyCraftProcess#4","CompanyCraftProcess#0","CompanyCraftProcess#0",0
104,2,"Aetherial Wheel","CompanyCraftProcess#4","CompanyCraftProcess#0","CompanyCraftProcess#0",0
105,2,"Aetherial Wheel","CompanyCraftProcess#4","CompanyCraftProcess#0","CompanyCraftProcess#0",0
106,2,"Aetherial Wheel","CompanyCraftProcess#6","CompanyCraftProcess#0","CompanyCraftProcess#0",0
107,2,"Aetherial Wheel","CompanyCraftProcess#6","CompanyCraftProcess#0","CompanyCraftProcess#0",0
108,2,"Aetherial Wheel","CompanyCraftProcess#6","CompanyCraftProcess#0","CompanyCraftProcess#0",0
109,2,"Aetherial Wheel","CompanyCraftProcess#6","CompanyCraftProcess#0","CompanyCraftProcess#0",0
110,2,"Aetherial Wheel","CompanyCraftProcess#6","CompanyCraftProcess#0","CompanyCraftProcess#0",0
111,2,"Aetherial Wheel","CompanyCraftProcess#6","CompanyCraftProcess#0","CompanyCraftProcess#0",0
112,2,"Aetherial Wheel","CompanyCraftProcess#5","CompanyCraftProcess#0","CompanyCraftProcess#0",0
113,2,"Aetherial Wheel","CompanyCraftProcess#5","CompanyCraftProcess#0","CompanyCraftProcess#0",0
114,2,"Aetherial Wheel","CompanyCraftProcess#5","CompanyCraftProcess#0","CompanyCraftProcess#0",0
115,2,"Aetherial Wheel","CompanyCraftProcess#5","CompanyCraftProcess#0","CompanyCraftProcess#0",0
116,2,"Aetherial Wheel","CompanyCraftProcess#4","CompanyCraftProcess#0","CompanyCraftProcess#0",0
117,0,"","CompanyCraftProcess#0","CompanyCraftProcess#0","CompanyCraftProcess#0",0
118,0,"","CompanyCraftProcess#0","CompanyCraftProcess#0","CompanyCraftProcess#0",0
119,0,"","CompanyCraftProcess#0","CompanyCraftProcess#0","CompanyCraftProcess#0",0
120,0,"","CompanyCraftProcess#0","CompanyCraftProcess#0","CompanyCraftProcess#0",0
200,3,"Aetherial Wheel","CompanyCraftProcess#53","CompanyCraftProcess#0","CompanyCraftProcess#0",0
201,3,"Aetherial Wheel","CompanyCraftProcess#53","CompanyCraftProcess#0","CompanyCraftProcess#0",0
202,3,"Aetherial Wheel","CompanyCraftProcess#53","CompanyCraftProcess#0","CompanyCraftProcess#0",0
203,3,"Aetherial Wheel","CompanyCraftProcess#53","CompanyCraftProcess#0","CompanyCraftProcess#0",0
204,3,"Aetherial Wheel","CompanyCraftProcess#53","CompanyCraftProcess#0","CompanyCraftProcess#0",0
205,3,"Aetherial Wheel","CompanyCraftProcess#53","CompanyCraftProcess#0","CompanyCraftProcess#0",0
206,3,"Aetherial Wheel","CompanyCraftProcess#55","CompanyCraftProcess#0","CompanyCraftProcess#0",0
207,3,"Aetherial Wheel","CompanyCraftProcess#55","CompanyCraftProcess#0","CompanyCraftProcess#0",0
208,3,"Aetherial Wheel","CompanyCraftProcess#55","CompanyCraftProcess#0","CompanyCraftProcess#0",0
209,3,"Aetherial Wheel","CompanyCraftProcess#55","CompanyCraftProcess#0","CompanyCraftProcess#0",0
210,3,"Aetherial Wheel","CompanyCraftProcess#55","CompanyCraftProcess#0","CompanyCraftProcess#0",0
211,3,"Aetherial Wheel","CompanyCraftProcess#55","CompanyCraftProcess#0","CompanyCraftProcess#0",0
212,3,"Aetherial Wheel","CompanyCraftProcess#54","CompanyCraftProcess#0","CompanyCraftProcess#0",0
213,3,"Aetherial Wheel","CompanyCraftProcess#54","CompanyCraftProcess#0","CompanyCraftProcess#0",0
214,3,"Aetherial Wheel","CompanyCraftProcess#54","CompanyCraftProcess#0","CompanyCraftProcess#0",0
215,3,"Aetherial Wheel","CompanyCraftProcess#54","CompanyCraftProcess#0","CompanyCraftProcess#0",0
216,3,"Aetherial Wheel","CompanyCraftProcess#53","CompanyCraftProcess#0","CompanyCraftProcess#0",0
217,0,"","CompanyCraftProcess#0","CompanyCraftProcess#0","CompanyCraftProcess#0",0
218,0,"","CompanyCraftProcess#0","CompanyCraftProcess#0","CompanyCraftProcess#0",0
219,0,"","CompanyCraftProcess#0","CompanyCraftProcess#0","CompanyCraftProcess#0",0
220,0,"","CompanyCraftProcess#0","CompanyCraftProcess#0","CompanyCraftProcess#0",0
300,1,"Hull","CompanyCraftProcess#500","CompanyCraftProcess#501","CompanyCraftProcess#502",0
301,4,"Hull","CompanyCraftProcess#503","CompanyCraftProcess#504","CompanyCraftProcess#505",0
302,2,"Hull","CompanyCraftProcess#506","CompanyCraftProcess#507","CompanyCraftProcess#508",0
303,5,"Hull","CompanyCraftProcess#509","CompanyCraftProcess#510","CompanyCraftProcess#511",0
304,3,"Hull","CompanyCraftProcess#512","CompanyCraftProcess#513","CompanyCraftProcess#514",0
305,6,"Hull","CompanyCraftProcess#515","CompanyCraftProcess#516","CompanyCraftProcess#517",0
306,0,"","CompanyCraftProcess#0","CompanyCraftProcess#0","CompanyCraftProcess#0",0
307,0,"","CompanyCraftProcess#0","CompanyCraftProcess#0","CompanyCraftProcess#0",0
308,0,"","CompanyCraftProcess#0","CompanyCraftProcess#0","CompanyCraftProcess#0",0
309,0,"","CompanyCraftProcess#0","CompanyCraftProcess#0","CompanyCraftProcess#0",0
310,0,"","CompanyCraftProcess#0","CompanyCraftProcess#0","CompanyCraftProcess#0",0
400,1,"Rigging","CompanyCraftProcess#550","CompanyCraftProcess#551","CompanyCraftProcess#552",0
401,4,"Rigging","CompanyCraftProcess#553","CompanyCraftProcess#554","CompanyCraftProcess#555",0
402,2,"Rigging","CompanyCraftProcess#556","CompanyCraftProcess#557","CompanyCraftProcess#558",0
403,5,"Rigging","CompanyCraftProcess#559","CompanyCraftProcess#560","CompanyCraftProcess#561",0
404,3,"Rigging","CompanyCraftProcess#562","CompanyCraftProcess#563","CompanyCraftProcess#564",0
405,6,"Rigging","CompanyCraftProcess#565","CompanyCraftProcess#566","CompanyCraftProcess#567",0
406,0,"","CompanyCraftProcess#0","CompanyCraftProcess#0","CompanyCraftProcess#0",0
407,0,"","CompanyCraftProcess#0","CompanyCraftProcess#0","CompanyCraftProcess#0",0
408,0,"","CompanyCraftProcess#0","CompanyCraftProcess#0","CompanyCraftProcess#0",0
409,0,"","CompanyCraftProcess#0","CompanyCraftProcess#0","CompanyCraftProcess#0",0
410,0,"","CompanyCraftProcess#0","CompanyCraftProcess#0","CompanyCraftProcess#0",0
500,1,"Forecastle","CompanyCraftProcess#600","CompanyCraftProcess#601","CompanyCraftProcess#602",0
501,4,"Forecastle","CompanyCraftProcess#603","CompanyCraftProcess#604","CompanyCraftProcess#605",0
502,2,"Forecastle","CompanyCraftProcess#606","CompanyCraftProcess#607","CompanyCraftProcess#608",0
503,5,"Forecastle","CompanyCraftProcess#609","CompanyCraftProcess#610","CompanyCraftProcess#611",0
504,3,"Forecastle","CompanyCraftProcess#612","CompanyCraftProcess#613","CompanyCraftProcess#614",0
505,6,"Forecastle","CompanyCraftProcess#615","CompanyCraftProcess#616","CompanyCraftProcess#617",0
506,0,"","CompanyCraftProcess#0","CompanyCraftProcess#0","CompanyCraftProcess#0",0
507,0,"","CompanyCraftProcess#0","CompanyCraftProcess#0","CompanyCraftProcess#0",0
508,0,"","CompanyCraftProcess#0","CompanyCraftProcess#0","CompanyCraftProcess#0",0
509,0,"","CompanyCraftProcess#0","CompanyCraftProcess#0","CompanyCraftProcess#0",0
510,0,"","CompanyCraftProcess#0","CompanyCraftProcess#0","CompanyCraftProcess#0",0
600,1,"Aftcastle","CompanyCraftProcess#650","CompanyCraftProcess#651","CompanyCraftProcess#652",0
601,4,"Aftcastle","CompanyCraftProcess#653","CompanyCraftProcess#654","CompanyCraftProcess#655",0
602,2,"Aftcastle","CompanyCraftProcess#656","CompanyCraftProcess#657","CompanyCraftProcess#658",0
603,5,"Aftcastle","CompanyCraftProcess#659","CompanyCraftProcess#660","CompanyCraftProcess#661",0
604,3,"Aftcastle","CompanyCraftProcess#662","CompanyCraftProcess#663","CompanyCraftProcess#664",0
605,6,"Aftcastle","CompanyCraftProcess#665","CompanyCraftProcess#666","CompanyCraftProcess#667",0
606,0,"","CompanyCraftProcess#0","CompanyCraftProcess#0","CompanyCraftProcess#0",0
607,0,"","CompanyCraftProcess#0","CompanyCraftProcess#0","CompanyCraftProcess#0",0
608,0,"","CompanyCraftProcess#0","CompanyCraftProcess#0","CompanyCraftProcess#0",0
609,0,"","CompanyCraftProcess#0","CompanyCraftProcess#0","CompanyCraftProcess#0",0
610,0,"","CompanyCraftProcess#0","CompanyCraftProcess#0","CompanyCraftProcess#0",0
700,1,"Exterior Wall (Single)","CompanyCraftProcess#1000","CompanyCraftProcess#1001","CompanyCraftProcess#1002",0
701,1,"Exterior Wall (Single)","CompanyCraftProcess#1003","CompanyCraftProcess#1004","CompanyCraftProcess#1005",0
702,1,"Exterior Wall (Single)","CompanyCraftProcess#1006","CompanyCraftProcess#1007","CompanyCraftProcess#1008",0
703,1,"Exterior Wall (Single)","CompanyCraftProcess#1009","CompanyCraftProcess#1010","CompanyCraftProcess#1011",0
704,1,"Exterior Wall (Single)","CompanyCraftProcess#1012","CompanyCraftProcess#1013","CompanyCraftProcess#1014",0
705,1,"Exterior Wall (Single)","CompanyCraftProcess#1015","CompanyCraftProcess#1016","CompanyCraftProcess#1017",0
706,1,"Exterior Wall (Single)","CompanyCraftProcess#1018","CompanyCraftProcess#1019","CompanyCraftProcess#1020",0
707,1,"Exterior Wall (Single)","CompanyCraftProcess#1021","CompanyCraftProcess#1022","CompanyCraftProcess#1023",0
708,1,"Exterior Wall (Single)","CompanyCraftProcess#1024","CompanyCraftProcess#1025","CompanyCraftProcess#1026",0
709,1,"Exterior Wall (Single)","CompanyCraftProcess#1027","CompanyCraftProcess#1028","CompanyCraftProcess#1029",0
710,1,"Exterior Wall (Single)","CompanyCraftProcess#1030","CompanyCraftProcess#1031","CompanyCraftProcess#1032",0
711,1,"Exterior Wall (Single)","CompanyCraftProcess#1033","CompanyCraftProcess#1034","CompanyCraftProcess#1035",0
712,0,"","CompanyCraftProcess#0","CompanyCraftProcess#0","CompanyCraftProcess#0",0
713,0,"","CompanyCraftProcess#0","CompanyCraftProcess#0","CompanyCraftProcess#0",0
714,0,"","CompanyCraftProcess#0","CompanyCraftProcess#0","CompanyCraftProcess#0",0
715,0,"","CompanyCraftProcess#0","CompanyCraftProcess#0","CompanyCraftProcess#0",0
716,0,"","CompanyCraftProcess#0","CompanyCraftProcess#0","CompanyCraftProcess#0",0
717,0,"","CompanyCraftProcess#0","CompanyCraftProcess#0","CompanyCraftProcess#0",0
718,0,"","CompanyCraftProcess#0","CompanyCraftProcess#0","CompanyCraftProcess#0",0
719,0,"","CompanyCraftProcess#0","CompanyCraftProcess#0","CompanyCraftProcess#0",0
720,0,"","CompanyCraftProcess#0","CompanyCraftProcess#0","CompanyCraftProcess#0",0
800,1,"Roof","CompanyCraftProcess#1050","CompanyCraftProcess#1051","CompanyCraftProcess#1052",0
801,1,"Roof","CompanyCraftProcess#1053","CompanyCraftProcess#1054","CompanyCraftProcess#1055",0
802,1,"Roof","CompanyCraftProcess#1056","CompanyCraftProcess#1057","CompanyCraftProcess#1058",0
803,2,"Roof","CompanyCraftProcess#1059","CompanyCraftProcess#1060","CompanyCraftProcess#1061",0
804,2,"Roof","CompanyCraftProcess#1062","CompanyCraftProcess#1063","CompanyCraftProcess#1064",0
805,2,"Roof","CompanyCraftProcess#1065","CompanyCraftProcess#1066","CompanyCraftProcess#1067",0
806,3,"Roof","CompanyCraftProcess#1068","CompanyCraftProcess#1069","CompanyCraftProcess#1070",0
807,3,"Roof","CompanyCraftProcess#1071","CompanyCraftProcess#1072","CompanyCraftProcess#1073",0
808,3,"Roof","CompanyCraftProcess#1074","CompanyCraftProcess#1075","CompanyCraftProcess#1076",0
809,4,"Roof","CompanyCraftProcess#1077","CompanyCraftProcess#1078","CompanyCraftProcess#1079",0
810,4,"Roof","CompanyCraftProcess#1080","CompanyCraftProcess#1081","CompanyCraftProcess#1082",0
811,4,"Roof","CompanyCraftProcess#1083","CompanyCraftProcess#1084","CompanyCraftProcess#1085",0
812,0,"","CompanyCraftProcess#0","CompanyCraftProcess#0","CompanyCraftProcess#0",0
813,0,"","CompanyCraftProcess#0","CompanyCraftProcess#0","CompanyCraftProcess#0",0
814,0,"","CompanyCraftProcess#0","CompanyCraftProcess#0","CompanyCraftProcess#0",0
815,0,"","CompanyCraftProcess#0","CompanyCraftProcess#0","CompanyCraftProcess#0",0
816,0,"","CompanyCraftProcess#0","CompanyCraftProcess#0","CompanyCraftProcess#0",0
817,0,"","CompanyCraftProcess#0","CompanyCraftProcess#0","CompanyCraftProcess#0",0
818,0,"","CompanyCraftProcess#0","CompanyCraftProcess#0","CompanyCraftProcess#0",0
819,0,"","CompanyCraftProcess#0","CompanyCraftProcess#0","CompanyCraftProcess#0",0
820,0,"","CompanyCraftProcess#0","CompanyCraftProcess#0","CompanyCraftProcess#0",0
900,1,"Door","CompanyCraftProcess#1100","CompanyCraftProcess#0","CompanyCraftProcess#0",0
901,2,"Door","CompanyCraftProcess#1101","CompanyCraftProcess#0","CompanyCraftProcess#0",0
902,3,"Door","CompanyCraftProcess#1102","CompanyCraftProcess#0","CompanyCraftProcess#0",0
903,4,"Door","CompanyCraftProcess#1103","CompanyCraftProcess#0","CompanyCraftProcess#0",0
904,0,"","CompanyCraftProcess#0","CompanyCraftProcess#0","CompanyCraftProcess#0",0
905,0,"","CompanyCraftProcess#0","CompanyCraftProcess#0","CompanyCraftProcess#0",0
906,0,"","CompanyCraftProcess#0","CompanyCraftProcess#0","CompanyCraftProcess#0",0
907,0,"","CompanyCraftProcess#0","CompanyCraftProcess#0","CompanyCraftProcess#0",0
908,0,"","CompanyCraftProcess#0","CompanyCraftProcess#0","CompanyCraftProcess#0",0
909,0,"","CompanyCraftProcess#0","CompanyCraftProcess#0","CompanyCraftProcess#0",0
910,0,"","CompanyCraftProcess#0","CompanyCraftProcess#0","CompanyCraftProcess#0",0
1000,1,"Window","CompanyCraftProcess#1150","CompanyCraftProcess#0","CompanyCraftProcess#0",0
1001,2,"Window","CompanyCraftProcess#1151","CompanyCraftProcess#0","CompanyCraftProcess#0",0
1002,3,"Window","CompanyCraftProcess#1152","CompanyCraftProcess#0","CompanyCraftProcess#0",0
1003,4,"Window","CompanyCraftProcess#1153","CompanyCraftProcess#0","CompanyCraftProcess#0",0
1004,0,"","CompanyCraftProcess#0","CompanyCraftProcess#0","CompanyCraftProcess#0",0
1005,0,"","CompanyCraftProcess#0","CompanyCraftProcess#0","CompanyCraftProcess#0",0
1006,0,"","CompanyCraftProcess#0","CompanyCraftProcess#0","CompanyCraftProcess#0",0
1007,0,"","CompanyCraftProcess#0","CompanyCraftProcess#0","CompanyCraftProcess#0",0
1008,0,"","CompanyCraftProcess#0","CompanyCraftProcess#0","CompanyCraftProcess#0",0
1009,0,"","CompanyCraftProcess#0","CompanyCraftProcess#0","CompanyCraftProcess#0",0
1010,0,"","CompanyCraftProcess#0","CompanyCraftProcess#0","CompanyCraftProcess#0",0
1100,1,"Fence","CompanyCraftProcess#1203","CompanyCraftProcess#0","CompanyCraftProcess#0",0
1101,2,"Fence","CompanyCraftProcess#1202","CompanyCraftProcess#0","CompanyCraftProcess#0",0
1102,3,"Fence","CompanyCraftProcess#1201","CompanyCraftProcess#0","CompanyCraftProcess#0",0
1103,4,"Fence","CompanyCraftProcess#1200","CompanyCraftProcess#0","CompanyCraftProcess#0",0
1104,0,"","CompanyCraftProcess#0","CompanyCraftProcess#0","CompanyCraftProcess#0",0
1105,0,"","CompanyCraftProcess#0","CompanyCraftProcess#0","CompanyCraftProcess#0",0
1106,0,"","CompanyCraftProcess#0","CompanyCraftProcess#0","CompanyCraftProcess#0",0
1107,0,"","CompanyCraftProcess#0","CompanyCraftProcess#0","CompanyCraftProcess#0",0
1108,0,"","CompanyCraftProcess#0","CompanyCraftProcess#0","CompanyCraftProcess#0",0
1109,0,"","CompanyCraftProcess#0","CompanyCraftProcess#0","CompanyCraftProcess#0",0
1110,0,"","CompanyCraftProcess#0","CompanyCraftProcess#0","CompanyCraftProcess#0",0
1200,1,"Signboard","CompanyCraftProcess#1253","CompanyCraftProcess#0","CompanyCraftProcess#0",0
1201,2,"Signboard","CompanyCraftProcess#1252","CompanyCraftProcess#0","CompanyCraftProcess#0",0
1202,3,"Signboard","CompanyCraftProcess#1250","CompanyCraftProcess#0","CompanyCraftProcess#0",0
1203,4,"Signboard","CompanyCraftProcess#1251","CompanyCraftProcess#0","CompanyCraftProcess#0",0
1204,0,"","CompanyCraftProcess#0","CompanyCraftProcess#0","CompanyCraftProcess#0",0
1205,0,"","CompanyCraftProcess#0","CompanyCraftProcess#0","CompanyCraftProcess#0",0
1206,0,"","CompanyCraftProcess#0","CompanyCraftProcess#0","CompanyCraftProcess#0",0
1207,0,"","CompanyCraftProcess#0","CompanyCraftProcess#0","CompanyCraftProcess#0",0
1208,0,"","CompanyCraftProcess#0","CompanyCraftProcess#0","CompanyCraftProcess#0",0
1209,0,"","CompanyCraftProcess#0","CompanyCraftProcess#0","CompanyCraftProcess#0",0
1210,0,"","CompanyCraftProcess#0","CompanyCraftProcess#0","CompanyCraftProcess#0",0
1300,1,"Roof Decoration","CompanyCraftProcess#1303","CompanyCraftProcess#0","CompanyCraftProcess#0",0
1301,2,"Roof Decoration","CompanyCraftProcess#1302","CompanyCraftProcess#0","CompanyCraftProcess#0",0
1302,3,"Roof Decoration","CompanyCraftProcess#1300","CompanyCraftProcess#0","CompanyCraftProcess#0",0
1303,4,"Roof Decoration","CompanyCraftProcess#1301","CompanyCraftProcess#0","CompanyCraftProcess#0",0
1304,0,"","CompanyCraftProcess#0","CompanyCraftProcess#0","CompanyCraftProcess#0",0
1305,0,"","CompanyCraftProcess#0","CompanyCraftProcess#0","CompanyCraftProcess#0",0
1306,0,"","CompanyCraftProcess#0","CompanyCraftProcess#0","CompanyCraftProcess#0",0
1307,0,"","CompanyCraftProcess#0","CompanyCraftProcess#0","CompanyCraftProcess#0",0
1308,0,"","CompanyCraftProcess#0","CompanyCraftProcess#0","CompanyCraftProcess#0",0
1309,0,"","CompanyCraftProcess#0","CompanyCraftProcess#0","CompanyCraftProcess#0",0
1310,0,"","CompanyCraftProcess#0","CompanyCraftProcess#0","CompanyCraftProcess#0",0
1400,1,"Wall Decoration","CompanyCraftProcess#1350","CompanyCraftProcess#0","CompanyCraftProcess#0",0
1401,2,"Wall Decoration","CompanyCraftProcess#1351","CompanyCraftProcess#0","CompanyCraftProcess#0",0
1402,3,"Wall Decoration","CompanyCraftProcess#1352","CompanyCraftProcess#0","CompanyCraftProcess#0",0
1403,4,"Wall Decoration","CompanyCraftProcess#1353","CompanyCraftProcess#0","CompanyCraftProcess#0",0
1404,0,"","CompanyCraftProcess#0","CompanyCraftProcess#0","CompanyCraftProcess#0",0
1405,0,"","CompanyCraftProcess#0","CompanyCraftProcess#0","CompanyCraftProcess#0",0
1406,0,"","CompanyCraftProcess#0","CompanyCraftProcess#0","CompanyCraftProcess#0",0
1407,0,"","CompanyCraftProcess#0","CompanyCraftProcess#0","CompanyCraftProcess#0",0
1408,0,"","CompanyCraftProcess#0","CompanyCraftProcess#0","CompanyCraftProcess#0",0
1409,0,"","CompanyCraftProcess#0","CompanyCraftProcess#0","CompanyCraftProcess#0",0
1410,0,"","CompanyCraftProcess#0","CompanyCraftProcess#0","CompanyCraftProcess#0",0
