﻿key,0,1,2,3,4,5,6,7,8,9,10,11,12,13,14,15,16,17,18,19
#,Name,Description,DutyType,ItemLevel{Required},IsInDutyFinder,RequireAllDuties,,,PlayersPerParty,TanksPerParty,HealersPerParty,MeleesPerParty,RangedPerParty,Icon,Reward{TomeA},Reward{TomeB},,,,SortKey
int32,str,str,str,byte,bit&01,bit&02,bit&04,byte,byte,byte,byte,byte,byte,Image,uint16,uint16,uint16,uint32,uint16,byte
0,"","","",0,False,False,False,0,1,0,0,0,0,"ui/icon/000000/000000.tex",0,0,0,0,0,0
1,"Duty Roulette: Low Level","A low-level dungeon or trial will be selected at random from among those you have unlocked. Successful completion will earn you far greater rewards.

※Bonus EXP and gil will be awarded to compensate for the discrepancy between character and duty levels. A further percentage will then be added based on character level.
※The amount of bonus company seals awarded is determined by class/job level.
※Allagan tomestones are only awarded to level 50 characters.
※The standard reward for this duty roulette category and all related bonuses are available once per day. The ""adventurer in need"" reward is always available.","Duty Type: Light Party Dungeons & Trials",0,True,False,False,0,1,0,0,0,0,"ui/icon/112000/112034.tex",0,100,0,0,0,3
2,"Duty Roulette: High Level","A high-level dungeon will be selected at random from among those you have unlocked. Successful completion will earn you far greater rewards.

※Bonus gil will be awarded to compensate for the discrepancy between character and duty levels. A further percentage will then be added based on character level.
※The standard reward for this duty roulette category and all related bonuses are available once per day. The ""adventurer in need"" reward is always available.
※Joining this duty as a party will nullify any ""adventurer in need"" bonus.","Duty Type: High-level Light Party Dungeons",0,True,True,False,90,4,1,1,1,1,"ui/icon/112000/112035.tex",100,100,0,0,0,2
3,"Duty Roulette: Main Scenario","A main scenario duty for full parties (8 players) will be selected at random from among those you have unlocked. Successful completion will earn you far greater rewards.

※Bonus gil will be awarded to compensate for the discrepancy between character and duty levels. A further percentage will then be added based on character level.
※The standard reward for this duty roulette category and all related bonuses are available once per day. The ""adventurer in need"" reward is always available.","Duty Type: Full Party Dungeons",0,True,False,False,42,1,0,0,0,0,"ui/icon/112000/112036.tex",120,0,0,0,0,5
4,"Duty Roulette: Guildhests","A guildhest will be selected at random from among those you have unlocked. Successful completion will earn you far greater rewards.

※Bonus EXP and gil will be awarded to compensate for the discrepancy between character and duty levels. A further percentage will then be added based on character level.
※The amount of bonus company seals awarded is determined by class/job level.
※The standard reward for this duty roulette category and all related bonuses are available once per day. The ""adventurer in need"" reward is always available.","Duty Type: Guildhests",0,True,False,False,0,1,0,0,0,0,"ui/icon/112000/112037.tex",0,0,0,0,0,6
5,"Duty Roulette: Expert","An expert dungeon will be selected at random from among those you have unlocked. Successful completion will earn you far greater rewards.

※Bonus gil will be awarded to compensate for the discrepancy between character and duty levels. A further percentage will then be added based on character level.
※The standard reward for this duty roulette category and all related bonuses are available once per day. The ""adventurer in need"" reward is always available.
※Joining this duty as a party will nullify any ""adventurer in need"" bonus.","Duty Type: Light Party Expert Dungeons",0,True,True,False,145,4,1,1,1,1,"ui/icon/112000/112057.tex",0,80,0,0,0,1
6,"Duty Roulette: Trials","A trial will be selected at random from among those you have completed. Successful completion will earn you far greater rewards.

※The standard reward for this duty roulette category and all related bonuses are available once per day. The ""adventurer in need"" reward is always available.","Duty Type: Trials",0,True,False,False,90,1,0,0,0,0,"ui/icon/112000/112056.tex",0,60,0,0,0,4
7,"Duty Roulette: Frontline","A Frontline battle will be selected at random from among those available. Successful completion will earn you far greater rewards.

※The standard reward for this duty roulette category and all related bonuses are available once per day. The ""adventurer in need"" reward is always available.","Duty Type: Frontline",0,True,False,True,0,1,0,0,0,0,"ui/icon/112000/112083.tex",50,0,0,400,600,7
8,"","","",0,False,False,False,0,0,0,0,0,0,"ui/icon/000000/000000.tex",0,0,0,0,0,0
