﻿key,0,1,2
#,Name,Icon,Icon{DutyFinder}
int32,str,Image,Image
0,"","ui/icon/000000/000000.tex","ui/icon/000000/000000.tex"
1,"Duty Roulette","ui/icon/061000/061807.tex","ui/icon/000000/000000.tex"
2,"Dungeons","ui/icon/061000/061801.tex","ui/icon/060000/060831.tex"
3,"Guildhests","ui/icon/061000/061803.tex","ui/icon/060000/060833.tex"
4,"Trials","ui/icon/061000/061804.tex","ui/icon/060000/060834.tex"
5,"Raids","ui/icon/061000/061802.tex","ui/icon/060000/060832.tex"
6,"PvP","ui/icon/061000/061806.tex","ui/icon/060000/060836.tex"
7,"Quest Battles","ui/icon/061000/061805.tex","ui/icon/000000/000000.tex"
8,"FATEs","ui/icon/061000/061809.tex","ui/icon/000000/000000.tex"
9,"Treasure Hunt","ui/icon/061000/061808.tex","ui/icon/000000/000000.tex"
10,"Levequests","ui/icon/061000/061811.tex","ui/icon/000000/000000.tex"
11,"Grand Company","ui/icon/061000/061812.tex","ui/icon/000000/000000.tex"
12,"Companions","ui/icon/061000/061813.tex","ui/icon/000000/000000.tex"
13,"Beast Tribe Quests","ui/icon/061000/061814.tex","ui/icon/000000/000000.tex"
14,"Overall Completion","ui/icon/061000/061810.tex","ui/icon/000000/000000.tex"
15,"Player Commendation","ui/icon/061000/061817.tex","ui/icon/000000/000000.tex"
16,"Disciples of the Land","ui/icon/061000/061815.tex","ui/icon/000000/000000.tex"
17,"Disciples of the Hand","ui/icon/061000/061816.tex","ui/icon/000000/000000.tex"
18,"Retainer Ventures","ui/icon/061000/061818.tex","ui/icon/000000/000000.tex"
