﻿key,0,1,2,3,4,5,6,7,8,9,10,11,12,13,14,15,16,17,18,19,20,21,22,23
#,Item[0],Quantity[0],RecipeLevel[0],Item[1],Quantity[1],RecipeLevel[1],Item[2],Quantity[2],RecipeLevel[2],Item[3],Quantity[3],RecipeLevel[3],Item[4],Quantity[4],RecipeLevel[4],Item[5],Quantity[5],RecipeLevel[5],Item[6],Quantity[6],RecipeLevel[6],Item[7],Quantity[7],RecipeLevel[7]
int32,Item,byte,byte,Item,byte,byte,Item,byte,byte,Item,byte,byte,Item,byte,byte,Item,byte,byte,Item,byte,byte,Item,byte,byte
0,"Round Shield",1,9,"Amateur's Spinning Wheel",1,5,"Maple Shortbow",1,2,"Ramhorn Harpoon",1,10,"Maple Cane",1,6,"Maple Fishing Rod",1,8,"Amateur's Grinding Wheel",1,4,"Bone Harpoon",1,3
1,"Initiate's Fishing Rod",1,20,"Ash Pattens",1,14,"Amateur's Fishing Rod",1,12,"Elm Longbow",1,19,"Ash Mask",1,14,"Brass Spear",1,14,"Initiate's Spinning Wheel",1,19,"Elm Fishing Rod",1,16
2,"Elm Spinning Wheel",1,23,"Pastoral Yew Cane",1,26,"Elm Pattens",1,24,"Staghorn Fishing Rod",1,29,"Ash Composite Bow",1,26,"Initiate's Grinding Wheel",1,25,"Yew Fishing Rod",1,25,"Iron Guisarme",1,22
3,"Pastoral Oak Cane",1,37,"Walnut Spinning Wheel",1,33,"Siltstone Grinding Wheel",1,34,"Walnut Pattens",1,33,"Mythril Lance",1,38,"Oak Radical",1,35,"Walnut Fishing Rod",1,32,"Mahogany Fishing Rod",1,40
4,"Sprouting Rosewood Radical",1,42,"Garnet Grinding Wheel",1,43,"Eagle-crested Round Shield",1,45,"Plumed Oak Macuahuitl",1,41,"Cobalt Halberd",1,44,"Rosewood Spinning Wheel",1,45,"Rosewood Fishing Rod",1,45,"Jade Crook",1,44
5,"Yew Longbow",1,46,"Pastoral Mahogany Cane",1,48,"Mahogany Pattens",1,48,"Gilded Rosewood Fishing Rod",1,48,"Hart Guisarme",1,49,"Basilisk Grinding Wheel",1,47,"Cobalt Trident",1,47,"Crab Bow",1,49
6,"",0,0,"",0,0,"",0,0,"",0,0,"",0,0,"",0,0,"",0,0,"",0,0
7,"",0,0,"",0,0,"",0,0,"",0,0,"",0,0,"",0,0,"",0,0,"",0,0
8,"",0,0,"",0,0,"",0,0,"",0,0,"",0,0,"",0,0,"",0,0,"",0,0
9,"",0,0,"",0,0,"",0,0,"",0,0,"",0,0,"",0,0,"",0,0,"",0,0
10,"Amateur's Culinary Knife",1,6,"Bronze Pickaxe",1,8,"Bronze Pliers",1,10,"Bronze Bastard Sword",1,2,"Bronze Rivets",3,3,"Bronze Saw",1,4,"Viking Sword",1,7,"Bronze Claw Hammer",1,9
11,"Iron Nails",3,16,"Brass Head Knife",1,14,"Iron Labrys",1,17,"Bronze Knuckles",1,13,"Bronze Scythe",1,11,"Iron Chaser Hammer",1,18,"Amateur's Saw",1,12,"Iron Pickaxe",1,20
12,"Initiate's Scythe",1,25,"Steel Nails",3,27,"Iron Culinary Knife",1,21,"Steel Pickaxe",1,30,"Steel Rivets",3,29,"Iron Sledgehammer",1,23,"Initiate's Pickaxe",1,22,"Steel Broadsword",1,28
13,"Mythril Broadsword",1,38,"Steel Hatchet",1,33,"Crosscut Saw",1,35,"Steel Ornamental Hammer",1,32,"Mythril Saw",1,39,"Wrapped Steel Claw Hammer",1,36,"Plumed Steel Hatchet",1,35,"Steel Cross-pein Hammer",1,32
14,"Cobalt Scythe",1,45,"Cobalt Rivets",3,43,"Mythril Pliers",1,42,"Mythril Scythe",1,41,"Cobalt Culinary Knife",1,44,"Cobalt Katzbalger",1,42,"Cobalt Nails",3,44,"Cobalt Shamshir",1,43
15,"Electrum Lapidary Hammer",1,47,"Cobalt Raising Hammer",1,47,"Egret Dolabra",1,48,"Spiked Cobalt Labrys",1,49,"Cobalt Claws",1,49,"Electrum Head Knife",1,46,"Horned Hatchet",1,49,"Bas-relief Cobalt Saw",1,46
16,"",0,0,"",0,0,"",0,0,"",0,0,"",0,0,"",0,0,"",0,0,"",0,0
17,"",0,0,"",0,0,"",0,0,"",0,0,"",0,0,"",0,0,"",0,0,"",0,0
18,"",0,0,"",0,0,"",0,0,"",0,0,"",0,0,"",0,0,"",0,0,"",0,0
19,"",0,0,"",0,0,"",0,0,"",0,0,"",0,0,"",0,0,"",0,0,"",0,0
20,"Bronze Skillet",1,4,"Bronze Alembic",1,3,"Bronze Hoplon",1,5,"Amateur's Alembic",1,9,"Bronze Sollerets",1,7,"Bronze Mitt Gauntlets",1,9,"Bronze Haubergeon",1,6,"Bronze Rings",3,2
21,"Bronze Gauntlets",1,14,"Initiate's Skillet",1,18,"Iron Cuirass",1,20,"Iron Hoplon",1,17,"Iron Plate Belt",1,19,"Bronze Buckler",1,15,"Bronze Celata",1,12,"Bronze Cuirass",1,12
22,"Iron-plated Jackboots",1,22,"Steel Rings",3,28,"Steel Joint Plate",1,27,"Steel Alembic",1,29,"Steel Hinge",3,26,"Iron Scale Fingers",1,23,"Reinforced Iron Plate Belt",1,24,"Bomb Frypan",1,27
23,"Steel Scale Greaves",1,32,"Mythril Rings",3,37,"Steel Mitt Gauntlets",1,35,"Horn Scale Greaves",1,37,"Horn Scale Mail",1,40,"Steel Plate Belt",1,31,"Mythril Celata",1,38,"Heavy Steel Armor",1,34
24,"Cobalt Elmo",1,45,"Cobalt Skillet",1,43,"Cobalt Vambraces",1,44,"Mythril Haubergeon",1,42,"Tortoiseshell Scale Greaves",1,45,"Cobalt Joint Plate",3,44,"Cobalt Rings",3,43,"Electrum Alembic",1,42
25,"Cobalt Barbut",1,46,"Cobalt Plate Belt",1,50,"Cobalt Sabatons",1,50,"Mosshorn Scale Mail",1,47,"Kite Shield",1,50,"Thermal Alembic",1,50,"Cobalt Cuirass",1,50,"Cobalt Mitt Gauntlets",1,48
26,"",0,0,"",0,0,"",0,0,"",0,0,"",0,0,"",0,0,"",0,0,"",0,0
27,"",0,0,"",0,0,"",0,0,"",0,0,"",0,0,"",0,0,"",0,0,"",0,0
28,"",0,0,"",0,0,"",0,0,"",0,0,"",0,0,"",0,0,"",0,0,"",0,0
29,"",0,0,"",0,0,"",0,0,"",0,0,"",0,0,"",0,0,"",0,0,"",0,0
30,"Ramhorn Staff",1,9,"Ragstone Whetstone",3,6,"Copper Scepter",1,10,"Copper Rings",3,4,"Bone Brand",1,3,"Bone Ring",1,7,"Bone Hora",1,2,"Copper Choker",1,9
31,"Bronze Scepter",1,12,"Brass Earrings",1,17,"Crow Fly",3,20,"Brass Cudgel",1,14,"Brass Wristlets",1,15,"Brass Rings",3,15,"Fang Necklace",1,17,"Mudstone Whetstone",3,20
32,"Floating Minnow",3,22,"Siltstone Whetstone",3,30,"Brass Spoon Lure",3,23,"Silver Rings",3,24,"Cut Stone",3,30,"Oval Spectacles",1,23,"Silver Needle",1,26,"Chocobo Fly",3,27
33,"Spinner",3,39,"Sinking Minnow",3,34,"Wildfowl Fly",3,36,"Silver Spoon Lure",3,32,"Heavy Steel Jig",3,40,"Mythril Needle",1,36,"Mythril Wristlets of Crafting",1,35,"Mythril Spectacles",1,34
34,"Cobalt Preserves",1,44,"Red Coral Earrings",1,43,"Electrum Monocle",1,45,"Mythril Spoon Lure",3,41,"Snurble Fly",3,43,"Electrum Rings",3,43,"Wolf Fang Needle",1,42,"Topwater Frog",3,44
35,"Electrum Ear Cuffs",1,49,"Ivory Staff",1,50,"Rainbow Spoon Lure",3,46,"Spinnerbait",3,47,"Tortoiseshell Armillae",1,49,"Yumizuno",3,48,"Streamer",3,48,"Electrum Choker",1,49
36,"",0,0,"",0,0,"",0,0,"",0,0,"",0,0,"",0,0,"",0,0,"",0,0
37,"",0,0,"",0,0,"",0,0,"",0,0,"",0,0,"",0,0,"",0,0,"",0,0
38,"",0,0,"",0,0,"",0,0,"",0,0,"",0,0,"",0,0,"",0,0,"",0,0
39,"",0,0,"",0,0,"",0,0,"",0,0,"",0,0,"",0,0,"",0,0,"",0,0
40,"Leather Sandals",1,8,"Amateur's Duckbills",1,9,"Hard Leather Merchant's Pouch",1,10,"Leather Ringbands",1,6,"Leather Culottes",1,5,"Leather Belt",1,4,"Leather Crakows",1,5,"Leather Shepherd's Belt",1,3
41,"Goatskin Mitts",1,18,"Hard Leather Eyepatch",1,14,"Hard Leather Lightpouch",1,14,"Hard Leather Himantes",1,14,"Goatskin Ring",1,20,"Amateur's Headgear",1,11,"Hard Leather Shepherd's Belt",1,16,"Hard Leather Sandals",1,12
42,"Toadskin Survival Belt",1,27,"Toadskin Brais",1,29,"Goatskin Duckbills",1,24,"Goatskin Lightmitts",1,23,"Goatskin Crakows of Gathering",1,27,"Goatskin Wristbands of Gathering",1,27,"Initiate's Thighboots",1,21,"Goatskin Eyepatch",1,23
43,"Boarskin Duckbills",1,40,"Toadskin Workboots",1,31,"Fingerless Peisteskin Gloves of Gathering",1,39,"Fingerless Boarskin Gloves of Gathering",1,34,"Boarskin Tool Belt",1,40,"Boarskin Wristbands",1,36,"Toadskin Ring",1,32,"Peisteskin Crakows of Gathering",1,38
44,"Raptorskin Merchant's Purse",1,45,"Raptorskin Wristbands of Gathering",1,45,"Raptorskin Subligar",1,44,"Raptorskin Armguards",1,45,"Raptorskin Satchel Belt",1,43,"Raptorskin Harness",1,44,"Peisteskin Belt",1,44,"Boarskin Belt",1,41
45,"Hunting Moccasins",1,47,"Raptorskin Jerkin",1,47,"Raptorskin Ring",1,48,"Oxblood Targe",1,48,"Raptorskin Jacket",1,49,"Raptorskin Voyager's Belt",1,49,"Raptorskin Leg Guards",1,49,"Raptorskin Brais",1,46
46,"",0,0,"",0,0,"",0,0,"",0,0,"",0,0,"",0,0,"",0,0,"",0,0
47,"",0,0,"",0,0,"",0,0,"",0,0,"",0,0,"",0,0,"",0,0,"",0,0
48,"",0,0,"",0,0,"",0,0,"",0,0,"",0,0,"",0,0,"",0,0,"",0,0
49,"",0,0,"",0,0,"",0,0,"",0,0,"",0,0,"",0,0,"",0,0,"",0,0
50,"Hempen Trousers",1,10,"Hempen Dalmatica",1,4,"Hempen Hat",1,6,"Hempen Coif of Gathering",1,4,"Hempen Tights",1,5,"Amateur's Doublet Vest",1,9,"Hempen Pantalettes",1,2,"Hempen Sarouel",1,5
51,"Cotton Breeches",1,19,"Cotton Canvas",1,18,"Undyed Cotton Cloth",3,13,"Cotton Tabard",1,16,"Cotton Tights",1,14,"Cotton Chausses",1,14,"Hempen Doublet Vest of Crafting",1,12,"Rope Belt",1,16
52,"Velveteen Wedge Cap of Crafting",1,27,"Cotton Bracers",1,23,"Cotton Trapper's Tunic",1,23,"Striped Velveteen Slops",1,25,"Cotton Robe",1,24,"Velveteen Trousers",1,28,"Initiate's Gown",1,24,"Padded Velveteen Trousers",1,30
53,"Linen Coatee of Gathering",1,38,"Linen Sarouel of Gathering",1,34,"Woolen Sarouel of Gathering",1,40,"Angler's Hat",1,36,"Linen Canvas",1,36,"Woolen Sash",1,39,"Linen Half Apron",1,37,"Undyed Woolen Cloth",3,39
54,"Undyed Felt",3,43,"Felt Sash",1,45,"Woolen Robe",1,41,"Woolen Doublet",1,44,"Felt Lining",1,42,"Felt Coif of Gathering",1,44,"Woolen Dress Shoes",1,42,"Woolen Work Gloves",1,43
55,"Felt Gaskins",1,47,"Patrician's Gloves",1,50,"Felt Bliaud",1,48,"Patrician's Gaiters",1,50,"Felt Bracers",1,46,"Felt Cavalier's Hat",1,47,"Felt Dress Shoes",1,46,"Felt Beret",1,46
56,"",0,0,"",0,0,"",0,0,"",0,0,"",0,0,"",0,0,"",0,0,"",0,0
57,"",0,0,"",0,0,"",0,0,"",0,0,"",0,0,"",0,0,"",0,0,"",0,0
58,"",0,0,"",0,0,"",0,0,"",0,0,"",0,0,"",0,0,"",0,0,"",0,0
59,"",0,0,"",0,0,"",0,0,"",0,0,"",0,0,"",0,0,"",0,0,"",0,0
60,"Eye Drops",6,6,"Enchanted Copper Ink",1,4,"Animal Glue",3,2,"Fish Glue",3,10,"Rubber",3,7,"Antidote",6,5,"Fish Oil",3,10,"Growth Formula Alpha",3,3
61,"Potion",6,12,"Growth Formula Beta",3,15,"Clove Oil",3,14,"Ether",6,15,"Mortar",1,20,"Roof Tile",1,11,"Jellyfish Humours",3,19,"Firebricks",3,18
62,"Clear Glass Lens",3,28,"Growth Formula Gamma",3,30,"Echo Drops",6,22,"Hi-Potion",6,25,"Crab Oil",3,26,"Horn Glue",3,30,"Natron",3,25,"Linseed Oil",3,29
63,"Ice Ward Potion",6,34,"Water Ward Potion",6,34,"Wind Ward Potion",6,34,"Lightning Ward Potion",6,34,"Earth Ward Potion",6,34,"Clinker Bricks",1,39,"Hi-Potion of Intelligence",6,32,"Fire Ward Potion",6,34
64,"Varnish",1,41,"Mega-Potion of Strength",6,45,"Book of Mythril",1,42,"Mega-Potion of Mind",6,44,"Shark Oil",3,41,"Mega-Potion",6,43,"Mega-Potion of Intelligence",6,45,"Book of Electrum",1,45
65,"Tane Mahuta",1,50,"Wind Ward Hi-Potion",6,50,"Earth Ward Hi-Potion",6,50,"Water Ward Hi-Potion",6,50,"Elixir",6,50,"Lightning Ward Hi-Potion",6,50,"Fire Ward Hi-Potion",6,50,"Ice Ward Hi-Potion",6,50
66,"",0,0,"",0,0,"",0,0,"",0,0,"",0,0,"",0,0,"",0,0,"",0,0
67,"",0,0,"",0,0,"",0,0,"",0,0,"",0,0,"",0,0,"",0,0,"",0,0
68,"",0,0,"",0,0,"",0,0,"",0,0,"",0,0,"",0,0,"",0,0,"",0,0
69,"",0,0,"",0,0,"",0,0,"",0,0,"",0,0,"",0,0,"",0,0,"",0,0
70,"Sunset Wheat Flour",3,7,"Rye Flour",6,4,"Maple Sugar",6,2,"Honey",6,4,"Smooth Butter",10,7,"Crayfish Ball",10,5,"Goby Ball",10,10,"Fishmeal",12,5
71,"Cider Vinegar",5,16,"Bubble Chocolate",1,12,"Pie Dough",6,14,"Cottage Cheese",3,17,"Pearl Chocolate",1,12,"Gelatin",5,14,"Crab Ball",10,20,"Grilled Warmwater Trout",1,20
72,"Mustard Eggs",1,22,"Dark Pretzel",1,23,"Boiled Bream",1,27,"Orobon Stew",1,28,"Spinach Saute",1,22,"Cheese Risotto",1,27,"Mashed Popotoes",1,21,"Antelope Steak",1,21
73,"Alligator Salad",1,31,"Raptor Stew",1,39,"Stuffed Artichoke",1,39,"Cream Cheese",6,36,"Grilled Raincaller",1,40,"Cawl Cennin",1,35,"Scrambled Eggs",1,34,"Forest Miq'abob"{{{STRING}}},1,32
74,"La Noscean Toast",1,45,"Salt Cod Puffs",1,42,"Jerked Beef",1,41,"Rolanberry Cheese",6,43,"Rolanberry Lassi",1,45,"Fish Soup",1,43,"Dzemael Gratin",1,44,"Button Mushroom Saute",1,44
75,"Dagger Soup",1,50,"Beef Stew",1,50,"Mulled Tea",1,47,"Deviled Eggs",1,46,"Buttons in a Blanket",1,49,"Eft Steak",1,50,"Crowned Pie",1,48,"Trapper's Quiche",1,50
76,"",0,0,"",0,0,"",0,0,"",0,0,"",0,0,"",0,0,"",0,0,"",0,0
77,"",0,0,"",0,0,"",0,0,"",0,0,"",0,0,"",0,0,"",0,0,"",0,0
78,"",0,0,"",0,0,"",0,0,"",0,0,"",0,0,"",0,0,"",0,0,"",0,0
79,"",0,0,"",0,0,"",0,0,"",0,0,"",0,0,"",0,0,"",0,0,"",0,0
80,"",0,0,"",0,0,"",0,0,"",0,0,"",0,0,"",0,0,"",0,0,"",0,0
