﻿key,0
#,
int32,str
0,"なし"
1,"紅蓮祭"
2,"ハロウィン"
3,"ライトニング"
4,"クリスマス"
5,"正月"
6,"FFXI"
7,"DQX"
8,"バレンタイン"
9,"ひな祭り"
10,"イースター"
11,"紅蓮祭2014"
12,"春節"
13,"スペシャルショップ"
14,"ハロウィン2014"
15,"クリスマス2014"
16,"正月2015"
17,"結婚式絨毯"
18,"結婚式花"
19,"バレンタイン2015"
20,"ひな祭り2015"
21,"イースター2015"
22,"紅蓮祭2015"
23,"二周年記念"
24,"大型FATE発生"
25,"Sモブ発生"
