﻿key,0,1,2,3
#,Item,,Icon,
int32,Item,uint16,Image,bit&01
0,"",0,"ui/icon/000000/000000.tex",False
1,"Paprika",2,"ui/icon/066000/066501.tex",False
2,"Wild Onion",2,"ui/icon/066000/066502.tex",False
3,"Coerthan Carrot",2,"ui/icon/066000/066503.tex",False
4,"La Noscean Lettuce",2,"ui/icon/066000/066504.tex",False
5,"Cinderfoot Olive",2,"ui/icon/066000/066505.tex",False
6,"Popoto",2,"ui/icon/066000/066506.tex",False
7,"Millioncorn",2,"ui/icon/066000/066507.tex",False
8,"Wizard Eggplant",2,"ui/icon/066000/066508.tex",False
9,"Midland Cabbage",2,"ui/icon/066000/066509.tex",False
10,"Dzemael Tomato",2,"ui/icon/066000/066510.tex",False
11,"La Noscean Orange",3,"ui/icon/066000/066551.tex",False
12,"Lowland Grapes",3,"ui/icon/066000/066552.tex",False
13,"Faerie Apple",3,"ui/icon/066000/066553.tex",False
14,"Sun Lemon",3,"ui/icon/066000/066554.tex",False
15,"Pixie Plums",3,"ui/icon/066000/066555.tex",False
16,"Blood Currants",3,"ui/icon/066000/066556.tex",False
17,"Mirror Apple",3,"ui/icon/066000/066557.tex",False
18,"Rolanberry",3,"ui/icon/066000/066558.tex",False
19,"Honey Lemon",3,"ui/icon/066000/066559.tex",False
20,"Prickly Pineapple",3,"ui/icon/066000/066560.tex",False
21,"Garlean Garlic",1,"ui/icon/066000/066601.tex",False
22,"Lavender",1,"ui/icon/066000/066602.tex",False
23,"Black Pepper",1,"ui/icon/066000/066603.tex",False
24,"Ala Mhigan Mustard",1,"ui/icon/066000/066604.tex",False
25,"Pearl Ginger",1,"ui/icon/066000/066605.tex",False
26,"Chamomile",1,"ui/icon/066000/066606.tex",False
27,"Flax",1,"ui/icon/066000/066607.tex",False
28,"Midland Basil",1,"ui/icon/066000/066608.tex",False
29,"Mandrake",1,"ui/icon/066000/066609.tex",False
30,"Almonds",1,"ui/icon/066000/066610.tex",False
31,"Halone Gerbera",1,"ui/icon/066000/066651.tex",False
32,"Azeyma Rose",1,"ui/icon/066000/066652.tex",False
33,"Nymeia Lily",1,"ui/icon/066000/066653.tex",False
34,"Star Anise",1,"ui/icon/066000/066654.tex",False
35,"Dalamud Popoto",2,"ui/icon/066000/066655.tex",False
36,"Royal Kukuru Bean",3,"ui/icon/066000/066656.tex",False
37,"Apricot",3,"ui/icon/066000/066657.tex",False
38,"La Noscean Leek",2,"ui/icon/066000/066661.tex",False
39,"Shroud Tea Leaves",1,"ui/icon/066000/066660.tex",False
40,"Umbrella Fig",3,"ui/icon/066000/066701.tex",True
41,"Jute",1,"ui/icon/066000/066702.tex",True
42,"Glazenut",3,"ui/icon/066000/066703.tex",True
43,"Broombush",1,"ui/icon/066000/066704.tex",True
44,"Curiel Root",4,"ui/icon/066000/066511.tex",False
45,"Sylkis Bud",4,"ui/icon/066000/066512.tex",False
46,"Mimett Gourd",4,"ui/icon/066000/066513.tex",False
47,"Tantalplant",4,"ui/icon/066000/066508.tex",False
48,"Pahsana Fruit",4,"ui/icon/066000/066510.tex",False
49,"Krakka Root",4,"ui/icon/066000/066503.tex",False
50,"Thavnairian Onion",4,"ui/icon/066000/066502.tex",True
51,"Onion Prince",5,"ui/icon/066000/066662.tex",True
52,"Eggplant Knight",5,"ui/icon/066000/066663.tex",True
53,"Garlic Jester",5,"ui/icon/066000/066664.tex",True
54,"Tomato King",5,"ui/icon/066000/066665.tex",True
55,"Mandragora Queen",5,"ui/icon/066000/066666.tex",True
56,"Pearl Roselle",1,"ui/icon/066000/066667.tex",True
57,"Gysahl Greens",4,"ui/icon/066000/066514.tex",False
58,"Xelphatol Apple",4,"ui/icon/066000/066553.tex",False
59,"Doman Plum",4,"ui/icon/066000/066555.tex",False
60,"Mamook Pear",4,"ui/icon/066000/066515.tex",False
61,"Valfruit",4,"ui/icon/066000/066556.tex",False
62,"O'Ghomoro Berries",4,"ui/icon/066000/066552.tex",False
63,"Cieldalaes Pineapple",4,"ui/icon/066000/066560.tex",False
64,"Han Lemon",4,"ui/icon/066000/066554.tex",False
65,"",0,"ui/icon/000000/000000.tex",False
66,"",0,"ui/icon/000000/000000.tex",False
67,"",0,"ui/icon/000000/000000.tex",False
68,"",0,"ui/icon/000000/000000.tex",False
69,"",0,"ui/icon/000000/000000.tex",False
70,"",0,"ui/icon/000000/000000.tex",False
