﻿key,0,1,2,3,4,5,6,7,8,9,10,11,12,13,14,15,16,17,18,19,20,21,22,23,24,25,26,27,28,29,30,31,32,33,34,35,36,37,38,39,40,41,42,43,44,45,46,47,48,49,50,51,52,53,54,55,56,57,58,59,60,61,62,63,64,65
#,Item[0][0],ItemCount[0][0],Item[1][0],ItemCount[1][0],Item[2][0],ItemCount[2][0],Item[0][1],ItemCount[0][1],Item[1][1],ItemCount[1][1],Item[2][1],ItemCount[2][1],Item[0][2],ItemCount[0][2],Item[1][2],ItemCount[1][2],Item[2][2],ItemCount[2][2],Item[0][3],ItemCount[0][3],Item[1][3],ItemCount[1][3],Item[2][3],ItemCount[2][3],Item[0][4],ItemCount[0][4],Item[1][4],ItemCount[1][4],Item[2][4],ItemCount[2][4],Item[0][5],ItemCount[0][5],Item[1][5],ItemCount[1][5],Item[2][5],ItemCount[2][5],Item[0][6],ItemCount[0][6],Item[1][6],ItemCount[1][6],Item[2][6],ItemCount[2][6],Item[0][7],ItemCount[0][7],Item[1][7],ItemCount[1][7],Item[2][7],ItemCount[2][7],Item[0][8],ItemCount[0][8],Item[1][8],ItemCount[1][8],Item[2][8],ItemCount[2][8],Item[0][9],ItemCount[0][9],Item[1][9],ItemCount[1][9],Item[2][9],ItemCount[2][9],Item[0][10],ItemCount[0][10],Item[1][10],ItemCount[1][10],Item[2][10],ItemCount[2][10]
int32,Item,byte,Item,byte,Item,byte,Item,byte,Item,byte,Item,byte,Item,byte,Item,byte,Item,byte,Item,byte,Item,byte,Item,byte,Item,byte,Item,byte,Item,byte,Item,byte,Item,byte,Item,byte,Item,byte,Item,byte,Item,byte,Item,byte,Item,byte,Item,byte,Item,byte,Item,byte,Item,byte,Item,byte,Item,byte,Item,byte,Item,byte,Item,byte,Item,byte
0,"",1,"",1,"",1,"",1,"",1,"",1,"",1,"",1,"",1,"",1,"",1,"",1,"",1,"",1,"",1,"",1,"",1,"",1,"",1,"",1,"",1,"",1,"",1,"",1,"",1,"",1,"",1,"",1,"",1,"",1,"",1,"",1,"",1
1,"Maple Clogs",1,"",1,"",1,"Boiled Egg",1,"",1,"",1,"Maple Wand",1,"",1,"",1,"Bronze Alembic",1,"",1,"",1,"Leather Calot",1,"",1,"",1,"Bone Hora",1,"",1,"",1,"Hempen Underpants",1,"",1,"",1,"Bronze Hatchet",1,"",1,"",1,"Copper Ore",10,"",1,"",1,"Latex",10,"",1,"",1,"Crayfish",3,"",1,"",1
2,"Maple Shortbow",1,"",1,"",1,"",1,"",1,"",1,"",1,"",1,"",1,"",1,"",1,"",1,"Leather Duckbills",1,"Leather Wristguards",1,"",1,"",1,"",1,"",1,"Hempen Pantalettes",1,"Hempen Halfgloves",1,"",1,"Bronze Bastard Sword",1,"Amateur's File",1,"",1,"",1,"",1,"",1,"Allagan Snail",10,"",1,"",1,"Merlthor Goby",3,"",1,"",1
3,"Bone Harpoon",1,"",1,"",1,"",1,"",1,"",1,"",1,"",1,"",1,"",1,"",1,"",1,"Leather Duckbills of Gathering",1,"Merchant's Purse",1,"Leather Shepherd's Belt",1,"Bone Brand",1,"",1,"",1,"Hempen Undershirt",1,"Hempen Camise",1,"Hempen Breeches of Crafting",1,"Amateur's Pliers",1,"Bronze War Axe",1,"",1,"Muddy Water",10,"",1,"",1,"Maple Log",10,"",1,"",1,"Chub"{{{STRING}}},3,"",1,"",1
4,"Maple Pattens",1,"",1,"",1,"Frumenty",1,"",1,"",1,"",1,"",1,"",1,"Bronze Skillet",1,"",1,"",1,"Fingerless Leather Gloves",1,"Leather Eyepatch",1,"Leather Shoes",1,"",1,"",1,"",1,"Hempen Kurta",1,"Hempen Shepherd's Slops",1,"Hempen Breeches",1,"Amateur's Awl",1,"Bronze Saw",1,"",1,"",1,"",1,"",1,"Cinnamon",10,"",1,"",1,"Striped Goby",3,"Dwarf Catfish",3,"",1
5,"Amateur's Spinning Wheel",1,"",1,"",1,"Flatbread",1,"Marmot Steak",1,"Grilled Trout",1,"Leather Grimoire",1,"Antidote",3,"",1,"Bronze Hoplon",1,"",1,"",1,"Leather Culottes",1,"Leather Choker",1,"Leather Crakows",1,"Bone Staff",1,"Copper Wristlets",1,"Copper Gorget",1,"Hempen Dalmatica of Gathering",1,"Hempen Tunic",1,"Hempen Bandana",1,"Amateur's Claw Hammer",1,"Bronze Cross-pein Hammer",1,"Bronze Doming Hammer",1,"Bone Chip",10,"",1,"",1,"Maple Branch",10,"Beehive Chip",10,"",1,"Bone Crayfish",3,"Princess Trout",3,"",1
6,"Maple Cane",1,"Bronze Spear",1,"",1,"Orange Juice",1,"",1,"",1,"Eye Drops",3,"",1,"",1,"Bronze Haubergeon",1,"",1,"",1,"Leather Lightmitts",1,"Leather Boots",1,"Leather Mitts",1,"Copper Earrings",1,"",1,"",1,"Hempen Tabard",1,"Hempen Shortgloves",1,"Hempen Shepherd's Tunic",1,"Amateur's Mortar",1,"Amateur's Culinary Knife",1,"",1,"Tin Ore",10,"",1,"",1,"Cock Feather",10,"Tinolqa Mistletoe",10,"",1,"Dusk Goby",3,"",1,"",1
7,"Maple Longbow",1,"",1,"",1,"Tree Toad Legs",1,"",1,"",1,"",1,"",1,"",1,"Bronze Sollerets",1,"",1,"",1,"Leather Himantes",1,"Leather Wristbands",1,"",1,"Bone Ring",1,"Copper Ring",1,"",1,"Hempen Work Gloves",1,"Hempen Sash",1,"Hempen Halfrobe",1,"Viking Sword",1,"Bronze Chaser Hammer",1,"Bronze Labrys",1,"Raw Lapis Lazuli",10,"",1,"",1,"La Noscean Orange",10,"",1,"",1,"Pipira",3,"",1,"",1
8,"Maple Crook",1,"Maple Fishing Rod",1,"",1,"Chanterelle Saute",1,"Braised Pipira",1,"",1,"Whispering Maple Wand",1,"Maple Picatrix",1,"",1,"Bronze Sallet",1,"Bronze Chain Coif",1,"",1,"Leather Sandals",1,"Hard Leather Pot Helm",1,"Leather Leggings",1,"Copper Needle",1,"Bone Necklace",1,"",1,"Hempen Gaskins",1,"Hempen Acton",1,"Hempen Kecks",1,"Bronze Pickaxe",1,"Bronze Head Knife",1,"",1,"Soiled Femur",10,"",1,"",1,"Ash Log",10,"",1,"",1,"Crimson Crayfish",3,"Vongola Clam",3,"Gudgeon",3
9,"Round Shield",1,"",1,"",1,"Boiled Crayfish",1,"Mutton Stew",1,"",1,"",1,"",1,"",1,"Amateur's Alembic",1,"Bronze Mitt Gauntlets",1,"",1,"Amateur's Duckbills",1,"Amateur's Thighboots",1,"Amateur's Smithing Gloves",1,"Copper Choker",1,"Ramhorn Staff",1,"",1,"Hempen Bottoms",1,"Amateur's Slops",1,"Amateur's Kurta",1,"Cloud Axe",1,"Bronze Claw Hammer",1,"",1,"Zinc Ore",10,"",1,"",1,"Ash Branch",10,"Kukuru Bean",10,"",1,"",1,"",1,"",1
10,"Ash Macuahuitl",1,"Ramhorn Harpoon",1,"",1,"Mint Lassi",1,"Jack-o'-lantern",1,"",1,"Engraved Leather Grimoire",1,"",1,"",1,"Bronze Barbut",1,"Bronze Scutum",1,"",1,"Hard Leather Merchant's Pouch",1,"Leather Jacket",1,"Hard Leather Wristguards",1,"Bone Armillae",1,"Ramhorn Claws",1,"Copper Scepter",1,"Amateur's Hempen Coif",1,"Amateur's Breeches",1,"Amateur's Dalmatica",1,"Bronze Mortar",1,"Bronze File",1,"Amateur's Cross-pein Hammer",1,"Obsidian",10,"",1,"",1,"Cloves",10,"",1,"",1,"Maiden Carp",3,"",1,"",1
11,"Ragstone Grinding Wheel",1,"",1,"",1,"Grilled Dodo",1,"",1,"",1,"Budding Maple Wand",1,"",1,"",1,"Amateur's Skillet",1,"Bronze Plate Belt",1,"",1,"Leather Survival Belt",1,"Amateur's Headgear",1,"Hard Leather Shoes",1,"Copper Ear Cuffs",1,"",1,"",1,"Straw Hat",1,"Hempen Bracers",1,"Hempen Dress Gloves",1,"Amateur's Doming Hammer",1,"Bronze Awl",1,"Amateur's Head Knife",1,"Copper Sand",10,"",1,"",1,"Tree Toad",10,"Rye",10,"Sunset Wheat",10,"",1,"",1,"",1
12,"Ash Spinning Wheel",1,"Amateur's Fishing Rod",1,"",1,"Bubble Chocolate",1,"Pearl Chocolate",1,"",1,"Potion",3,"",1,"",1,"Bronze Celata",1,"Bronze Cuirass",1,"",1,"Leather Jackboots",1,"Hard Leather Satchel Belt",1,"Hard Leather Harness",1,"Bronze Scepter",1,"Amateur's Needle",1,"",1,"Stablemaid's Hat",1,"Hempen Robe",1,"Hempen Doublet Vest of Gathering",1,"Bronze Culinary Knife",1,"Bronze Sledgehammer",1,"Amateur's Hatchet",1,"Rock Salt",10,"",1,"",1,"Lavender",10,"Grass Viper",10,"Straw",10,"",1,"",1,"",1
13,"Feathered Harpoon",1,"Ash Radical",1,"",1,"Mole Loaf",1,"Parsnip Salad",1,"",1,"Ash Picatrix",1,"",1,"",1,"Bronze Sabatons",1,"",1,"",1,"Leather Targe",1,"Hard Leather Hunting Belt",1,"Hard Leather Armguards",1,"Decorated Bone Staff",1,"",1,"",1,"Cotton Turban",1,"Stablehand's Hat",1,"Striped Cotton Slops",1,"Bronze Knuckles",1,"Bronze Spatha",1,"",1,"Ragstone",10,"",1,"",1,"Carnation",10,"Coerthan Carrot",10,"La Noscean Lettuce",10,"Mudskipper",3,"",1,"",1
14,"Ash Pattens",1,"Ash Mask",1,"",1,"Rabbit Pie",1,"",1,"",1,"",1,"",1,"",1,"Bronze Gauntlets",1,"",1,"",1,"Hard Leather Subligar",1,"Hard Leather Caligae",1,"Hard Leather Lightmitts",1,"Brass Spectacles",1,"Brass Cudgel",1,"",1,"Cotton Shirt",1,"Cotton Sarouel",1,"Cotton Longsash",1,"Spiked Bronze Labrys",1,"Brass Head Knife",1,"",1,"Iron Ore",10,"Iron Sand",10,"",1,"Gridanian Chestnut",10,"Cieldalaes Spinach",10,"Black Pepper",10,"",1,"",1,"",1
15,"Ash Pattens",1,"Ash Shortbow",1,"Square Ash Shield",1,"Grilled Carp",1,"Salt Cod",1,"",1,"Ether",3,"",1,"",1,"Bronze Buckler",1,"Brass Alembic",1,"Iron Skillet",1,"Fingerless Hard Leather Gloves",1,"Hard Leather Choker",1,"Hard Leather Boots",1,"Fang Earrings",1,"Brass Wristlets",1,"Brass Gorget",1,"Cotton Halfgloves",1,"Cotton Scarf",1,"Cotton Shepherd's Slops",1,"Birdsbeak Hammer",1,"Bronze Raising Hammer",1,"",1,"Cinnabar",10,"",1,"",1,"Alpine Parsnip",10,"Highland Parsley",10,"Ruby Tomato",10,"Rainbow Trout",3,"River Crab"{{{STRING}}},3,"",1
16,"Elm Fishing Rod",1,"",1,"",1,"Meat Miq'abob"{{{STRING}}},1,"Dodo Omelette",1,"",1,"Hard Leather Grimoire",1,"Ash Wand",1,"Potion of Intelligence",3,"Decorated Bronze Mitt Gauntlets",1,"Decorated Bronze Barbut",1,"",1,"Hard Leather Ringbands",1,"Hard Leather Shepherd's Belt",1,"Hard Leather Belt",1,"Brass Wristlets of Crafting",1,"Bat Fang Needle",1,"",1,"Padded Hempen Trousers",1,"Cotton Shepherd's Tunic",1,"Rope Belt",1,"Plumed Bronze Pickaxe",1,"Brass Bastard Sword",1,"Brass Knuckles",1,"Raw Malachite",10,"",1,"",1,"Faerie Apple",10,"Galago Mint",10,"Paprika",10,"Ala Mhigan Fighting Fish",3,"",1,"",1
17,"Iron Spear",1,"",1,"",1,"Lentils and Chestnuts",1,"Roasted Nopales",1,"Stone Soup",1,"Potion of Dexterity",3,"",1,"",1,"Iron Hoplon",1,"",1,"",1,"Hard Leather Skullcap",1,"Hard Leather Espadrilles",1,"Hard Leather Wristbands of Gathering",1,"Toothed Ramhorn Staff",1,"Fang Necklace",1,"Brass Earrings",1,"Cotton Trousers",1,"Cotton Dalmatica",1,"Cotton Dalmatica of Gathering",1,"Iron War Axe",1,"Iron Hatchet",1,"Iron Labrys",1,"Raw Fluorite",10,"",1,"",1,"Sun Lemon",10,"Lalafellin Lentil",10,"",1,"Acorn Snail",3,"",1,"",1
18,"Elm Cane",1,"",1,"",1,"Walnut Bread",1,"Apple Tart",1,"",1,"Potion of Vitality",3,"",1,"",1,"Initiate's Skillet",1,"Initiate's Alembic",1,"",1,"Goatskin Wristguards",1,"Goatskin Mitts",1,"Hard Leather Cesti",1,"Brass Circlet (Sunstone)",1,"Brass Circlet (Danburite)",1,"Brass Circlet (Fluorite)",1,"Cotton Kurta",1,"Initiate's Doublet Vest",1,"",1,"Iron Doming Hammer",1,"Iron Chaser Hammer",1,"Iron Cross-pein Hammer",1,"Raw Danburite",10,"",1,"",1,"Nopales",10,"Belladonna",10,"Popoto",10,"La Noscean Perch",3,"Navigator's Dagger",3,"",1
19,"Elm Longbow",1,"Initiate's Spinning Wheel",1,"Elm Crook",1,"Raw Oyster",1,"",1,"",1,"Potion of Strength",3,"",1,"",1,"Iron Plate Belt",1,"Iron Sallet",1,"Iron Sabatons",1,"Goatskin Leggings",1,"Goatskin Tool Belt",1,"Goatskin Pot Helm",1,"Brass Circlet (Sphene)",1,"Brass Circlet (Malachite)",1,"Brass Circlet (Lapis Lazuli)",1,"Cotton Acton",1,"Cotton Coif",1,"Cotton Coif of Gathering",1,"Initiate's Hatchet",1,"Iron Awl",1,"Initiate's Sledgehammer",1,"Alumen",10,"Sunrise Tellin",10,"",1,"Yew Log",10,"Gil Bun",10,"",1,"Moat Carp",3,"Angelfish",3,"",1
20,"Ash Mask (Lapis Lazuli)",1,"Iron Lance",1,"Initiate's Fishing Rod",1,"Chicken and Mushrooms",1,"Antelope Stew",1,"",1,"Engraved Hard Leather Grimoire",1,"Potion of Mind",3,"",1,"Iron Gauntlets",1,"Iron Celata",1,"Iron Cuirass",1,"Goatskin Ring",1,"Initiate's Gloves",1,"",1,"Decorated Copper Scepter",1,"Brass Ring",1,"Brass Ring of Crafting",1,"Initiate's Slops",1,"Padded Cotton Trousers",1,"Cotton Work Gloves",1,"Brass Viking Sword",1,"Initiate's Saw",1,"Iron Pickaxe",1,"Mudstone",10,"",1,"",1,"Yew Branch",10,"White Scorpion",10,"",1,"Bluebell Salmon",3,"",1,"",1
21,"Elm Velocity Bow",1,"Yew Radical",1,"",1,"Mashed Popotoes",1,"Grape Juice",1,"Antelope Steak",1,"Budding Ash Wand",1,"Weak Poisoning Potion",3,"Weak Blinding Potion",3,"Iron Vambraces",1,"Iron Lantern Shield",1,"",1,"Padded Leather Duckbills",1,"Padded Leather Duckbills of Gathering",1,"Initiate's Thighboots",1,"Coral Ring",1,"Brass Choker",1,"Brass Ear Cuffs",1,"Cotton Dress Gloves",1,"Cotton Sash",1,"",1,"Inferno Axe",1,"Iron Mortar",1,"Iron Scythe",1,"Earth Rock",10,"",1,"",1,"Gridanian Walnut",10,"Pixie Plums",10,"",1,"Mudcrab"{{{STRING}}},3,"Tri-colored Carp",3,"",1
22,"Mudstone Grinding Wheel",1,"Iron Guisarme",1,"",1,"Dried Prunes",1,"Spinach Saute",1,"Mustard Eggs",1,"Yew Picatrix",1,"Echo Drops",3,"Weak Silencing Potion",3,"Iron-plated Jackboots",1,"Iron Elmo",1,"",1,"Goatskin Armguards",1,"Initiate's Headgear",1,"Goatskin Brais",1,"Brass Needle",1,"Staghorn Staff",1,"",1,"Cotton Halfrobe",1,"Cotton Gaskins",1,"Cotton Dress Shoes",1,"Iron File",1,"Iron Pliers",1,"Iron Shortsword",1,"Silver Sand",10,"",1,"",1,"Button Mushroom",10,"Noble Grapes",10,"",1,"Blowfish",2,"Jade Eel",2,"",1
23,"Elm Spinning Wheel",1,"",1,"",1,"Shepherd's Pie",1,"Dark Pretzel",1,"Salmon Meuniere",1,"",1,"",1,"",1,"Iron Frypan",1,"Iron Scale Mail",1,"Iron Alembic",1,"Goatskin Eyepatch",1,"Goatskin Leg Guards",1,"Voyager's Belt",1,"Wind Brand",1,"",1,"",1,"Cotton Doublet Vest of Gathering",1,"Cotton Doublet Vest of Crafting",1,"Cotton Sugarloaf Hat",1,"Iron Sledgehammer",1,"Initiate's Awl",1,"Spiked Knuckles",1,"Ice Rock",10,"Fire Rock",10,"",1,"Ala Mhigan Mustard",10,"Matron's Mistletoe",10,"",1,"Pond Mussel",3,"Warmwater Trout",3,"",1
24,"Wrapped Elm Longbow",1,"Elm Pattens",1,"Yew Crook",1,"Chamomile Tea",1,"",1,"",1,"Goatskin Grimoire",1,"",1,"",1,"Reinforced Iron Sallet",1,"Iron Scutum",1,"Reinforced Iron Plate Belt",1,"Goatskin Satchel Belt",1,"Goatskin Belt",1,"Goatskin Breeches",1,"Initiate's Needle",1,"Horn Earrings",1,"Silver Spectacles",1,"Cotton Kecks",1,"Velveteen Chausses",1,"Velveteen Halfgloves",1,"Brass Hatchet",1,"Iron Bill",1,"Bas-relief Iron Saw",1,"Lightning Rock",10,"Wind Rock",10,"",1,"Walnut Log",10,"Pearl Ginger",10,"",1,"Glass Perch",3,"Four-eyed Fish",3,"Saber Sardine",3
25,"Yew Fishing Rod",1,"Initiate's Grinding Wheel",1,"",1,"Eel Pie",1,"",1,"",1,"Hi-Potion",3,"",1,"",1,"Heavy Iron Flanchard",1,"Heavy Iron Gauntlets",1,"Heavy Iron Armor",1,"Goatskin Espadrilles",1,"Fingerless Goatskin Gloves",1,"Fingerless Goatskin Gloves of Gathering",1,"Silver Magnifiers",1,"Toothed Staghorn Staff",1,"Ice Brand",1,"Velveteen Bandana",1,"Velveteen Sarouel",1,"Velveteen Sarouel of Gathering",1,"Initiate's Scythe",1,"Initiate's Culinary Knife",1,"Iron Spatha",1,"Water Rock",10,"",1,"",1,"Sticky Rice",10,"Millioncorn",10,"",1,"Ogre Barracuda",1,"Blue Octopus",1,"",1
26,"Viper-crested Round Shield",1,"Ash Composite Bow",1,"",1,"Ginger Cookie",1,"Pea Soup",1,"Aldgoat Steak",1,"",1,"",1,"",1,"Conical Alembic",1,"",1,"",1,"Goatskin Choker",1,"Goatskin Crakows",1,"",1,"Horn Necklace",1,"Silver Ring",1,"Silver Ring of Crafting",1,"Velveteen Turban",1,"Velveteen Shirt",1,"Tarred Velveteen Longsash",1,"Iron Ornamental Hammer",1,"Iron Raising Hammer",1,"Crowsbeak Hammer",1,"Bomb Ash",10,"",1,"",1,"Jade Peas",10,"",1,"",1,"Aegis Shrimp",3,"Monkfish",3,"Sea Bo",3
27,"Silver Battle Fork",1,"",1,"",1,"Cheese Risotto",1,"Boiled Bream",1,"Fried Egg",1,"Whispering Ash Wand",1,"",1,"",1,"Iron Kite Shield",1,"Bomb Frypan",1,"",1,"Goatskin Crakows of Gathering",1,"Goatskin Ringbands",1,"Goatskin Boots",1,"Sunstone Choker",1,"Danburite Choker",1,"Sunstone Bracelet",1,"Velveteen Rope Belt",1,"Velveteen Tights",1,"Velveteen Cowl",1,"Initiate's File",1,"Iron Dolabra",1,"Initiate's Pliers",1,"Silex",10,"",1,"",1,"Wizard Eggplant",10,"",1,"",1,"Climbing Perch",3,"Shadow Catfish",1,"Bianaq Bream",3
28,"Elm Macuahuitl",1,"",1,"",1,"Crumpet",1,"Orobon Stew",1,"",1,"Yew Wand",1,"",1,"",1,"Steel Tassets",1,"Steel Chainmail",1,"",1,"Toadskin Cesti",1,"Toadskin Hunting Belt",1,"",1,"Fluorite Choker",1,"Lapis Lazuli Choker",1,"Fluorite Bracelet",1,"Velveteen Coatee of Gathering",1,"Velveteen Wedge Cap of Gathering",1,"Velveteen Half Apron",1,"Steel Broadsword",1,"Iron Chocobotail Saw",1,"Spiked Steel Labrys",1,"Wyvern Obsidian",10,"",1,"",1,"Midland Cabbage",10,"",1,"",1,"",1,"",1,"",1
29,"Staghorn Fishing Rod",1,"Steel Halberd",1,"Walnut Cane",1,"Cornmeal",1,"",1,"",1,"Engraved Goatskin Grimoire",1,"",1,"",1,"Steel Sallet",1,"Steel Alembic",1,"Steel Skillet",1,"Goatskin Wristbands",1,"Goatskin Targe",1,"Toadskin Brais",1,"Sphene Choker",1,"Sphene Bracelet",1,"Sphene Ring",1,"Velveteen Coatee of Crafting",1,"Velveteen Shortgloves",1,"Velveteen Beret",1,"Iron Head Knife",1,"Steel Claws",1,"Plumed Iron Hatchet",1,"Brimstone",10,"",1,"",1,"Chocobo Feather",10,"",1,"",1,"Lamprey",1,"Plaguefish",3,"",1
30,"Steel Spear",1,"Plumed Yew Crook",1,"",1,"Baked Sole",1,"",1,"",1,"Spine Drops",3,"",1,"",1,"Steel Gauntlets",1,"Steel Sabatons",1,"Steel Celata",1,"Toadskin Jerkin",1,"Toadskin Armguards",1,"Toadskin Jacket",1,"Malachite Choker",1,"Malachite Bracelet",1,"Malachite Ring",1,"Velveteen Bottom",1,"Velveteen Work Gloves",1,"Velveteen Gown",1,"Steel Chaser Hammer",1,"Steel Pickaxe",1,"Steel Sledgehammer",1,"Siltstone",10,"",1,"",1,"Moor Leech",10,"",1,"",1,"Spotted Pleco",3,"",1,"",1
31,"Ash Cavalry Bow",1,"",1,"",1,"Cornbread",1,"Alligator Salad",1,"",1,"Hi-Potion of Mind",3,"Hi-Potion of Dexterity",3,"",1,"Steel Vambraces",1,"Bull Hoplon",1,"Steel Elmo",1,"Toadskin Voyager's Belt",1,"Toadskin Leg Guards",1,"Toadskin Culottes",1,"Silver Choker",1,"Horn Armillae",1,"Horn Ring",1,"Velveteen Dress Gloves",1,"Velveteen Sash",1,"Velveteen Gaskins",1,"Steel Falchion",1,"Steel Awl",1,"Steel Claw Hammer",1,"Raw Garnet",10,"",1,"",1,"Oak Branch",10,"Flax",10,"",1,"",1,"",1,"",1
32,"Walnut Fishing Rod",1,"",1,"",1,"Forest Miq'abob"{{{STRING}}},1,"Smoked Raptor",1,"",1,"Hi-Potion of Vitality",3,"Hi-Potion of Intelligence",3,"",1,"Steel Scale Fingers",1,"Steel Scale Greaves",1,"Steel Scale Mail",1,"Toadskin Ring",1,"Toadskin Breeches",1,"Toadskin Belt",1,"Worm Fang Needle",1,"",1,"",1,"Velveteen Sugarloaf Hat",1,"Velveteen Doublet Vest of Crafting",1,"",1,"Steel Mortar",1,"Steel Culinary Knife",1,"Steel Bardiche",1,"Raw Heliodor",10,"",1,"",1,"Aloe",10,"Midland Basil",10,"",1,"Ropefish",3,"Grip Killifish",3,"",1
33,"Walnut Spinning Wheel",1,"Walnut Pattens",1,"",1,"Blood Currant Tart",1,"Tuna Miq'abob"{{{STRING}}},1,"",1,"Hi-Potion of Strength",3,"",1,"",1,"Decorated Buckler",1,"White Skillet",1,"",1,"Skull Eyepatch",1,"Boarskin Satchel Belt",1,"Fingerless Boarskin Gloves",1,"Silver Circlet (Aquamarine)",1,"Silver Circlet (Amethyst)",1,"Silver Circlet (Garnet)",1,"Velveteen Doublet Vest of Gathering",1,"Linen Chausses",1,"Linen Halfgloves",1,"Steel Scythe",1,"Wrapped Steel Sledgehammer",1,"Steel Dolabra",1,"Raw Goshenite",10,"Raw Peridot",10,"Mythril Sand",10,"White Truffle",10,"Mandrake",10,"",1,"Bone Cleaner",3,"Root Skipper",3,"Monke Onke",1
34,"Siltstone Grinding Wheel",1,"Walnut Macuahuitl",1,"",1,"Acorn Cookie",1,"Scrambled Eggs",1,"",1,"Budding Yew Wand",1,"Book of Silver",1,"",1,"Silver Alembic",1,"Heavy Steel Gauntlets",1,"Reinforced Steel Plate Belt",1,"Boarskin Choker",1,"Fingerless Boarskin Gloves of Gathering",1,"",1,"Earth Brand",1,"Steel Goggles",1,"Crabshell Hora",1,"Linen Turban",1,"Linen Shirt",1,"Linen Sarouel",1,"Steel File",1,"Steel Doming Hammer",1,"Steel Crowsbeak Hammer",1,"Mythril Ore",10,"",1,"",1,"Wildfowl Feather",10,"Salt Leek",10,"",1,"Bonytongue",3,"Mitten Crab"{{{STRING}}},3,"Haraldr Haddock",3
35,"Oak Radical",1,"Heavy Steel Lance",1,"",1,"Cawl Cennin",1,"",1,"",1,"Hi-Ether",3,"Poisoning Potion",3,"Paralyzing Potion",3,"Heavy Steel Flanchard",1,"Steel Mitt Gauntlets",1,"Steel Barbut",1,"Toadskin Duckbills",1,"Boarskin Crakows",1,"Boarskin Crakows of Gathering",1,"Toothed Goathorn Staff",1,"Wolf Earrings",1,"Fire Brand",1,"Linen Tights",1,"Linen Robe",1,"Linen Hat",1,"Steel Hatchet",1,"Steel Pliers",1,"Steel Bhuj",1,"Raw Aquamarine",10,"",1,"",1,"Tarantula",10,"Dragon Pepper",10,"Desert Saffron",10,"Sandfish",3,"",1,"",1
36,"Mythril Cavalry Bow",1,"Yarzonshell Harpoon",1,"",1,"Sauerkraut",1,"Cheese Souffle",1,"",1,"Blinding Potion",3,"Sleeping Potion",3,"Silencing Potion",3,"Steel Frypan",1,"",1,"",1,"Boarskin Ringbands",1,"Boarskin Wristbands",1,"Boarskin Wristbands of Gathering",1,"Wolf Necklace",1,"Mythril Ring",1,"Aquamarine Choker",1,"Angler's Hat",1,"Linen Cowl",1,"Linen Longsash",1,"Wrapped Steel Claw Hammer",1,"Wrapped Steel Awl",1,"",1,"Raw Tourmaline",10,"",1,"",1,"Iron Acorn",10,"Blood Currants",10,"",1,"Silverfish",3,"Clown Loach",3,"Sand Bream",3
37,"Pastoral Oak Cane",1,"Horn Fishing Rod",1,"",1,"Ratatouille",1,"",1,"",1,"Embossed Book of Silver",1,"",1,"",1,"Bladed Lantern Shield",1,"",1,"",1,"Boarskin Subligar",1,"Boarskin Pot Helm",1,"Boarskin Shepherd's Belt",1,"Aquamarine Choker",1,"Garnet Choker",1,"Peridot Choker",1,"Linen Wedge Cap of Crafting",1,"Linen Gaiters",1,"Linen Bottom",1,"Steel Longsword",1,"",1,"",1,"Raw Spinel",10,"",1,"",1,"Mugwort",10,"",1,"",1,"Armored Pleco",3,"Desert Catfish",3,"Balloonfish",3
38,"Mythril Lance",1,"",1,"",1,"Mugwort Carp",1,"Knight's Bread",1,"",1,"Budding Oak Wand",1,"",1,"",1,"Horn Scale Fingers",1,"Mythril Celata",1,"Mythril Plate Belt",1,"Peisteskin Crakows",1,"Fingerless Peisteskin Gloves",1,"Boarskin Breeches",1,"Aquamarine Bracelet",1,"Goshenite Bracelet",1,"Pearl Bracelet",1,"Linen Wedge Cap of Gathering",1,"Linen Coatee of Crafting",1,"Linen Shortgloves",1,"Plumed Mythril Pickaxe",1,"Mythril Broadsword",1,"Mythril Hatchet",1,"Raw Zircon",10,"",1,"",1,"Maiden Artichoke",10,"",1,"",1,"Velodyna Carp",3,"Spotted Puffer",3,"Dustfish",3
39,"Oak Pattens",1,"",1,"",1,"Stuffed Artichoke",1,"Raptor Stew",1,"",1,"Wand of Tremors",1,"Wand of Frost",1,"Wand of Tides",1,"Mythril Gauntlets",1,"Mythril Cuirass",1,"Mythril Sabatons",1,"Boarskin Thighboots",1,"Peisteskin Harness",1,"Boarskin Ring",1,"Aquamarine Earrings",1,"Amethyst Earrings",1,"Garnet Ring",1,"Woolen Coif",1,"Woolen Turban",1,"Padded Linen Trousers",1,"Spiked Mythril Labrys",1,"Mythril Claws",1,"Mythril Head Knife",1,"Jade",10,"",1,"",1,"Nutmeg",10,"Thyme",10,"",1,"Storm Rider",2,"Trader Eel",2,"",1
40,"Oak Composite Bow",1,"Mahogany Spinning Wheel",1,"Mahogany Fishing Rod",1,"Apple Juice",1,"Pastry Fish",1,"Grilled Raincaller",1,"Smelling Salts",3,"",1,"",1,"Horn Scale Mail",1,"Mythril Elmo",1,"Mythril Alembic",1,"Boarskin Smithy's Gloves",1,"Peisteskin Hunting Belt",1,"Boarskin Survival Belt",1,"Heliodor Earrings",1,"Peridot Ring",1,"Red Coral Armillae",1,"Woolen Coif of Gathering",1,"Woolen Sarouel",1,"Woolen Hat",1,"Mythril Ornamental Hammer",1,"Mythril Bhuj",1,"Mythril Awl",1,"Black Alumen",10,"Grenade Ash",10,"",1,"Almonds",10,"",1,"",1,"Discus",3,"Antlion Slug",3,"",1
41,"Plumed Oak Macuahuitl",1,"",1,"",1,"Jerked Beef",1,"",1,"",1,"",1,"",1,"",1,"Mythril-plated Jackboots",1,"Mythril Barbut",1,"Mythril Vambraces",1,"Peisteskin Subligar",1,"Boarskin Culottes",1,"Boarskin Skirt",1,"Horn Staff",1,"Pearl Ring",1,"Mythril Ear Cuffs",1,"Woolen Tights",1,"Linen Smock",1,"Woolen Dress Gloves",1,"Mythril Culinary Knife",1,"Mythril Mortar",1,"",1,"Raw Turquoise",10,"",1,"",1,"Sagolii Sage",10,"",1,"",1,"Dune Manta",1,"Silver Shark",1,"",1
42,"Sprouting Rosewood Radical",1,"",1,"",1,"Salt Cod Puffs",1,"",1,"",1,"Book of Mythril",1,"",1,"",1,"Mythril-plated Caligae",1,"Mythril Mesail",1,"Mythril Chain Coif",1,"Boarskin Workboots",1,"Raptorskin Targe",1,"",1,"Mythril Circlet (Spinel)",1,"Mythril Circlet (Rubellite)",1,"Tortoiseshell Hora",1,"Linen Slops",1,"Woolen Chausses",1,"Woolen Gown",1,"Mythril Pliers",1,"Cobalt Knuckles",1,"Mythril Round Knife",1,"Electrum Sand",10,"",1,"",1,"Mirror Apple",10,"Black Scorpion",10,"",1,"Loyal Pleco",3,"Thunderbolt Sculpin",2,"",1
43,"Garnet Grinding Wheel",1,"Rosewood Fishing Rod",1,"",1,"Fish Soup",1,"",1,"",1,"Mega-Potion",3,"",1,"",1,"Mythril Mitt Gauntlets",1,"High Mythril Plate Belt",1,"High Mythril Flanchard",1,"Boarskin Jerkin",1,"Raptorskin Choker",1,"Boarskin Ringbands of Gales",1,"Thousand Needle",1,"Water Brand",1,"Electrum Earrings",1,"Woolen Halfgloves",1,"Woolen Trousers",1,"Felt Coif",1,"Cobalt Shamshir",1,"Cobalt Hatchet",1,"Cobalt Dolabra",1,"Electrum Ore",10,"",1,"",1,"Rolanberry",10,"",1,"",1,"Fall Jumper",1,"Knifefish",3,"Wahoo",1
44,"Cobalt Halberd",1,"Jade Crook",1,"",1,"Button Mushroom Saute",1,"Dzemael Gratin",1,"",1,"Mega-Potion of Mind",3,"",1,"",1,"Reinforced Mythril Elmo",1,"Cobalt Scutum",1,"High Mythril Armor",1,"Fingerless Raptorskin Gloves of Gathering",1,"Raptorskin Artisan's Belt",1,"Raptorskin Smithy's Gloves",1,"Electrum Ring",1,"Cobalt Preserves",1,"Black Horn Staff",1,"Woolen Smock",1,"Felt Hat",1,"Woolen Slops",1,"Cobalt Awl",1,"Cobalt Sledgehammer",1,"Cobalt Claw Hammer",1,"Raw Amber",10,"",1,"",1,"Mistletoe",10,"",1,"",1,"Oakroot",2,"Common Sculpin",3,"",1
45,"Eagle-crested Round Shield",1,"Cobalt Cavalry Bow",1,"Rosewood Spinning Wheel",1,"Stuffed Cabbage",1,"La Noscean Toast",1,"",1,"Wand of Gales",1,"Mega-Potion of Strength",3,"Mega-Potion of Intelligence",3,"Cobalt-plated Jackboots",1,"Tortoiseshell Scale Mail",1,"Tortoiseshell Scale Fingers",1,"Raptorskin Pot Helm",1,"Raptorskin Culottes",1,"Raptorskin Workboots",1,"Red Coral Necklace",1,"Electrum Circlet (Spinel)",1,"Electrum Ring of Crafting",1,"Felt Chausses",1,"Rainmaker's Hat",1,"Felt Kecks",1,"Demilune Bhuj",1,"Cobalt File",1,"Cobalt Mortar",1,"Raw Rubellite",10,"",1,"",1,"Dart Frog",10,"",1,"",1,"Southern Pike",3,"Archerfish",2,"Cloud Jellyfish",3
46,"Yew Longbow",1,"",1,"",1,"Deviled Eggs",1,"",1,"",1,"Mega-Potion of Vitality",3,"Mega-Potion of Dexterity",3,"Gold Needle",3,"Cobalt Barbut",1,"Cobalt-plated Caligae",1,"",1,"Raptorskin Thighboots",1,"Raptorskin Brais",1,"",1,"Electrum Circlet (Rubellite)",1,"Zircon Choker",1,"",1,"Felt Beret",1,"Felt Work Gloves",1,"Felt Dress Shoes",1,"Bas-relief Cobalt Saw",1,"Electrum Head Knife",1,"Electrum Lapidary Hammer",1,"Basilisk Egg",10,"",1,"",1,"Rosewood Log",10,"",1,"",1,"Goblin Perch",1,"Agelyss Carp",3,"Pike Eel",3
47,"Cobalt Trident",1,"Basilisk Grinding Wheel",1,"",1,"Mulled Tea",1,"",1,"",1,"Potent Poisoning Potion",3,"Potent Paralyzing Potion",3,"",1,"Hells' Kitchen",1,"",1,"",1,"Hunting Moccasins",1,"Raptorskin Jerkin",1,"",1,"Amber Bracelet",1,"Spinel Bracelet",1,"Amber Ring",1,"Felt Gaskins",1,"Felt Cavalier's Hat",1,"Padded Woolen Trousers",1,"Cobalt Raising Hammer",1,"",1,"",1,"Cobalt Ore",10,"",1,"",1,"Rosewood Branch",10,"",1,"",1,"Assassin Betta",1,"Skyfish",3,"Mummer Wrasse",3
48,"Mahogany Pattens",1,"Gilded Rosewood Fishing Rod",1,"",1,"Crowned Pie",1,"",1,"",1,"Potent Sleeping Potion",3,"Embossed Book of Electrum",1,"Budding Rosewood Wand",1,"Cobalt Mitt Gauntlets",1,"",1,"",1,"Raptorskin Ring",1,"Oxblood Targe",1,"",1,"Tourmaline Choker",1,"Black Pearl Bracelet",1,"Rubellite Bracelet",1,"Felt Bliaud",1,"Felt Trousers",1,"Felt Dress Gloves",1,"Egret Dolabra",1,"Horned Hatchet",1,"",1,"",1,"",1,"",1,"Thanalan Tea Leaves",10,"",1,"",1,"Garpike",1,"Blind Manta",1,"Plaice",3
49,"Crab Bow",1,"",1,"",1,"Buttons in a Blanket",1,"",1,"",1,"Potent Blinding Potion",3,"",1,"",1,"Cobalt Mesail",1,"Cobalt Sallet",1,"Cobalt Bladed Lantern Shield",1,"Raptorskin Jacket",1,"Raptorskin Voyager's Belt",1,"",1,"Spinel Ring",1,"Electrum Ear Cuffs",1,"Jade Scepter",1,"Patrician's Wedge Cap",1,"Patrician's Gloves",1,"",1,"Cobalt Winglet",1,"Cobalt Claws",1,"",1,"Adamantoise Shell",10,"",1,"",1,"Lava Toad",10,"",1,"",1,"Paglth'an Discus",2,"Boxing Pleco",3,"Rift Sailor",3
50,"Hart Guisarme",1,"",1,"",1,"Eft Steak",1,"Beef Stew",1,"Bouillabaisse",1,"Tane Mahuta",1,"",1,"",1,"Cobalt Haubergeon",1,"",1,"",1,"Raptorskin Leg Guards",1,"",1,"",1,"Ivory Staff",1,"Spinel Earrings",1,"Tourmaline Earrings",1,"Patrician's Gaiters",1,"Patrician's Coatee",1,"Patrician's Bottoms",1,"Spiked Cobalt Labrys",1,"",1,"",1,"Ogre Horn",10,"Dragon Obsidian",10,"",1,"Cedar Branch",10,"Cedar Log",10,"",1,"Kissing Trout",1,"Sagolii Monkfish",1,"Saucerfish",1
51,"Mythrite Trident",1,"Cedar Longbow",1,"Cedar Crook",1,"Fig Bavarois",1,"",1,"",1,"Archaeoskin Grimoire",1,"Archaeoskin Codex",1,"",1,"Mythrite Gauntlets of Fending",1,"Mythrite Tassets of Fending",1,"Mythrite Hauberk of Maiming",1,"Archaeoskin Breeches of Maiming",1,"Archaeoskin Belt of Striking",1,"Archaeoskin Gloves of Crafting",1,"Yeti Staff",1,"Mythrite Bangle of Aiming",1,"Mythrite Goggles of Crafting",1,"Rainbow Culottes of Striking",1,"Rainbow Sash of Scouting",1,"Rainbow Robe of Casting",1,"Mythrite War Axe",1,"Mythrite Claymore",1,"Mythrite-barreled Arquebus",1,"Mythrite Sand",10,"Raw Agate",10,"",1,"Rainbow Cotton Boll",10,"",1,"",1,"Cloud Coral",3,"Ice Faerie",3,"Skyworm",3
52,"Mythrite Pugil Stick",1,"Holy Cedar Composite Bow",1,"Cedar Fishing Rod",1,"Baked Onion Soup",1,"Stuffed Cabbage Rolls",1,"",1,"Wyvernskin Grimoire",1,"Wyvernskin Codex",1,"Holy Cedar Wand",1,"Mythrite Alembic",1,"Frypan Caliente",1,"",1,"Archaeoskin Jackcoat of Gathering",1,"Wyvernskin Belt of Aiming",1,"Wyvernskin Gloves of Casting",1,"Mythrite Bracelet of Fending",1,"Mythrite Needle",1,"Yeti Fang Earrings",1,"Holy Rainbow Sarouel of Fending",1,"Holy Rainbow Hat of Aiming",1,"Holy Rainbow Sarouel of Healing",1,"Mythrite Lump Hammer",1,"Mythrite Round Knife",1,"Mythrite Pickaxe",1,"Raw Tiger's Eye",10,"",1,"",1,"Sprig of Mist Dill",10,"",1,"",1,"Fanged Clam",1,"Whilom Catfish",3,"Sorcerer Fish",2
53,"Astral Grinding Wheel",1,"Holy Cedar Spinning Wheel",1,"Holy Cedar Armillae",1,"Ishgardian Muffin",1,"Sauteed Porcini",1,"",1,"Grade 1 Strength Dissolvent",3,"Grade 1 Dexterity Dissolvent",3,"",1,"Mythrite Bladed Lantern Shield",1,"",1,"",1,"Wyvernskin Mane of Fending",1,"Archaeoskin Boots of Healing",1,"Wyvernskin Wristbands",1,"Obsidian Longpole",1,"Mythrite Necklace of Slaying",1,"Yeti Fang Ring of Healing",1,"Holy Rainbow Shirt of Maiming",1,"Holy Rainbow Shirt of Striking",1,"Rainbow Work Gloves",1,"Mythrite Flametongue",1,"Mythrite Jamadhars",1,"Mythrite Stilettos",1,"Raw Larimar",10,"",1,"",1,"Highland Wheat",10,"",1,"",1,"Maiboi",2,"Seema Patrician",2,"Sky Faerie",3
54,"Titanium Lance",1,"Dark Chestnut Longbow",1,"Holy Cedar Necklace",1,"Dhalmel Gratin",1,"",1,"",1,"Grade 1 Vitality Dissolvent",3,"Grade 1 Mind Dissolvent",3,"",1,"Titanium Plate Belt of Fending",1,"Titanium Sallet of Maiming",1,"Hardsilver Alembic",1,"Dhalmelskin Armguards of Scouting",1,"Dhalmelskin Belt of Casting",1,"Wyvernskin Jerkin",1,"Hardsilver Staff",1,"Mormorion Ring of Fending",1,"Hardsilver Needle",1,"Ramie Halfgloves of Casting",1,"Ramie Ribbon of Fending",1,"Rainbow Apron",1,"Titanium Axe",1,"Titanium Claymore",1,"Titanium-barreled Arquebus",1,"Dravanian Spring Water",10,"Raw Mormorion",10,"",1,"Stalk of Ramie",10,"Dark Chestnut Log",10,"",1,"Ammonite",2,"Bubble Eye",2,"Kissing Fish",2
55,"Dark Chestnut Fishing Rod",1,"",1,"",1,"Hollandaise Sauce",1,"",1,"",1,"Dhalmelskin Grimoire",1,"Dhalmelskin Codex",1,"",1,"Titanium Kite Shield",1,"Titanium Mail of Fending",1,"Titanium Sabatons of Maiming",1,"Dhalmelskin Jacket of Striking",1,"Dhalmelskin Leggings of Aiming",1,"Dhalmelskin Halfgloves of Crafting",1,"Hardsilver Star Globe",1,"Hardsilver Earrings of Slaying",1,"Hardsilver Bangle of Aiming",1,"Ramie Trousers of Scouting",1,"Ramie Robe of Healing",1,"Ramie Turban of Crafting",1,"Hardsilver Saw",1,"Hardsilver Texture Hammer",1,"Titanium Hatchet",1,"Raw Star Sapphire",10,"Raw Star Ruby",10,"",1,"Dark Chestnut Branch",10,"Magma Beet",10,"",1,"Marble Oscar",3,"Cloud Rider",3,"Mercy Staff",1
56,"Hallowed Chestnut Composite Bow",1,"Hallowed Chestnut Mask of Healing",1,"Dark Chestnut Spinning Wheel",1,"Emerald Soup",1,"",1,"",1,"Dragonskin Grimoire",1,"Dragonskin Codex",1,"",1,"Titanium Tassets of Fending",1,"Titanium Vambraces of Maiming",1,"Titanium Headgear of Scouting",1,"Dragonskin Belt of Maiming",1,"Dragonskin Gloves of Healing",1,"Dhalmelskin Fringe Boots",1,"Opal Ring of Healing",1,"Opal Bracelets of Casting",1,"Dragon Fang Earrings",1,"Hallowed Ramie Sash of Aiming",1,"Ramie Doublet of Crafting",1,"Ramie Trousers of Gathering",1,"Titanium Pliers",1,"Titanium Awl",1,"Titanium Sledgehammer",1,"Hardsilver Sand",10,"",1,"",1,"Coneflower",10,"",1,"",1,"Shadowhisker",1,"Gobbie Mask",1,"Blue Medusa",2
57,"Hallowed Chestnut Fishing Rod",1,"Hallowed Chestnut Ring",1,"",1,"Royal Eggs",1,"Dhalmel Fricassee",1,"",1,"Hallowed Chestnut Wand",1,"",1,"",1,"Titanium Sabatons of Fending",1,"Titanium Mail of Striking",1,"Mandragoras Frypan",1,"Dragonskin Breeches of Fending",1,"Dragonskin Breeches of Scouting",1,"Dragonskin Boots of Casting",1,"Hardsilver Planisphere",1,"Opal Choker of Fending",1,"Hardsilver Earrings of Gathering",1,"Hallowed Ramie Doublet of Aiming",1,"Hallowed Ramie Gaskins of Healing",1,"Hallowed Ramie Doublet of Casting",1,"Titanium Greatsword",1,"Titanium-barreled Snaphance",1,"Hardsilver Round Knife",1,"Raw Opal",10,"Abalathian Spring Water",10,"",1,"Sesame Seeds",10,"Cow Bitter",10,"",1,"Orn Butterfly",1,"Cometoise",1,"Philosopher's Stone",2
58,"Adamantite Spear",1,"Birch Longbow",1,"Birch Signum",1,"Frozen Spirits",1,"Baked Pipira Pira",1,"",1,"Book of Aurum Regis",1,"Noble's Picatrix",1,"Draconian Potion of Dexterity",1,"Adamantite Gauntlets of Fending",1,"Adamantite Helm of Maiming",1,"Adamantite Sabatons of Maiming",1,"Serpentskin Armguards of Striking",1,"Serpentskin Hat of Casting",1,"Dragonskin Belt of Crafting",1,"Aurum Regis Bracelet of Aiming",1,"Aurum Regis Earrings of Healing",1,"Goblin Jig",1,"Chimerical Felt Cap of Striking",1,"Chimerical Felt Gloves of Healing",1,"Chimerical Felt Corset of Casting",1,"Adamantite Broadsword",1,"Adamantite Bill",1,"Adamantite Knives",1,"Cloud Mica",10,"Raw Carnelian",10,"",1,"Birch Branch",10,"Rue",10,"",1,"Letter Puffer",1,"Rudderfish",2,"Rockclimber",3
59,"Dragonscale Grinding Wheel",1,"Birch Spinning Wheel",1,"Hallowed Chestnut Necklace",1,"Liver-Cheese Sandwich",1,"",1,"",1,"Draconian Potion of Vitality",3,"Draconian Potion of Intelligence",3,"Draconian Potion of Mind",3,"Adamantite Scutum",1,"Titanium Armor of Fending",1,"Adamantite Chain Hose of Maiming",1,"Serpentskin Thighboots of Healing",1,"Serpentskin Voyager's Belt of Maiming",1,"Serpentskin Gloves",1,"Aurum Regis Longpole",1,"Griffin Talon Ring of Casting",1,"Citrine Choker of Slaying",1,"Chimerical Felt Cyclas of Aiming",1,"Chimerical Felt Hose of Scouting",1,"Chimerical Felt Alb of Healing",1,"Adamantite Mortar",1,"Adamantite Culinary Knife",1,"Adamantite Scythe",1,"Raw Citrine",10,"Aurum Regis Sand",10,"",1,"Coriander",10,"Dandelion",10,"Birch Sap",10,"Cobrafish",1,"Battle Galley",1,"Winged Gurnard",1
60,"Birch Composite Bow",1,"Birch Rod",1,"Birch Fishing Rod",1,"Clam Chowder",1,"Stuffed Chysahl",1,"",1,"Noble's Codex",1,"",1,"",1,"Heavy Adamantite Gauntlets of Fending",1,"Adamantite Mail of Maiming",1,"Aurum Regis Sollerets of Healing",1,"Serpentskin Brais of Scouting",1,"Serpentskin Bootlets of Casting",1,"Serpentskin Vest",1,"Bladed Steel Jig",1,"Aurum Regis Circlet of Healing",1,"Chrysolite Bracelets of Healing",1,"Chimerical Felt Tabard of Striking",1,"Chimerical Felt Hat of Casting",1,"Chimerical Felt Skirt",1,"Adamantite Knuckles",1,"Adamantite Greatsword",1,"Adamantite Dolabra",1,"Raw Chrysolite",10,"Wyrm Obsidian",10,"",1,"Gaelicatnip",10,"",1,"",1,"Hinterlands Perch",1,"Black Magefish",1,"Vampiric Tapestry",1
