﻿key,0,1,2,3,4,5,6,7,8,9,10,11,12,13,14,15,16,17,18,19,20,21,22,23,24,25,26,27,28,29,30,31,32,33,34,35,36,37,38,39,40,41,42,43,44,45,46,47,48,49,50,51,52,53,54,55,56,57,58,59,60,61,62,63,64,65,66,67,68,69,70,71,72,73,74,75,76,77,78,79,80,81,82,83,84,85
#,,,,,,,,,,,,,,,,,,,,,,,,,,,,,,,,,,,,,,,,,,,,,,,,,,,,,,,,,,,,,,,,,,,,,,,,,,,,,,,,,,,,,,
int32,byte,byte,uint32,uint16,uint16,uint16,uint32,uint32,uint32,uint32,uint32,uint32,uint32,uint32,uint32,uint32,uint32,uint32,uint32,uint32,uint32,uint32,uint32,uint32,uint32,uint32,uint32,uint32,uint32,uint32,uint32,uint32,uint32,uint32,uint32,uint32,uint32,uint32,bit&01,bit&01,bit&01,bit&01,bit&01,bit&01,bit&01,bit&01,bit&01,bit&01,bit&01,bit&01,bit&01,bit&01,bit&01,bit&01,bit&02,bit&02,bit&02,bit&02,bit&02,bit&02,bit&02,bit&02,bit&02,bit&02,bit&02,bit&02,bit&02,bit&02,bit&02,bit&02,bit&04,bit&04,bit&04,bit&04,bit&04,bit&04,bit&04,bit&04,bit&04,bit&04,bit&04,bit&04,bit&04,bit&04,bit&04,bit&04
0,0,0,251,33,34,35,0,0,0,0,0,0,0,0,0,0,0,0,0,0,0,0,0,0,0,0,0,0,0,0,0,0,0,0,0,0,0,0,False,False,False,False,False,False,False,False,False,False,False,False,False,False,False,False,False,False,False,False,False,False,False,False,False,False,False,False,False,False,False,False,False,False,False,False,False,False,False,False,False,False,False,False,False,False,False,False
1,1,3,251,279,280,281,4982056,4982056,4982057,0,0,0,0,0,0,0,0,0,0,0,0,0,71311,71313,71312,0,0,0,0,0,0,0,0,0,0,0,0,0,True,False,False,False,False,False,False,False,False,False,False,False,False,False,False,False,False,True,True,False,False,False,False,False,False,False,False,False,False,False,False,False,False,False,False,False,False,False,False,False,False,False,False,False,False,False,False,False
2,1,3,251,279,280,281,4982056,4982056,4982057,0,0,0,0,0,0,0,0,0,0,0,0,0,71311,71313,71312,0,0,0,0,0,0,0,0,0,0,0,0,0,True,False,False,False,False,False,False,False,False,False,False,False,False,False,False,False,False,True,True,False,False,False,False,False,False,False,False,False,False,False,False,False,False,False,False,False,False,False,False,False,False,False,False,False,False,False,False,False
3,2,1,251,279,280,281,4982026,0,0,0,0,0,0,0,0,0,0,0,0,0,0,0,71311,0,0,0,0,0,0,0,0,0,0,0,0,0,0,0,True,False,False,False,False,False,False,False,False,False,False,False,False,False,False,False,False,False,False,False,False,False,False,False,False,False,False,False,False,False,False,False,False,False,False,False,False,False,False,False,False,False,False,False,False,False,False,False
4,3,1,251,279,280,281,4981827,4981996,4981997,4981998,4981999,4982000,4982001,4982002,0,0,0,0,0,0,0,0,71311,71312,71312,71312,71312,71312,71312,71312,0,0,0,0,0,0,0,0,True,False,False,False,False,False,False,False,False,False,False,False,False,False,False,False,False,True,True,True,True,True,True,True,False,False,False,False,False,False,False,False,False,False,False,False,False,False,False,False,False,False,False,False,False,False,False,False
5,5,2,251,279,280,281,5126495,0,0,0,0,0,0,0,0,0,0,0,0,0,0,0,71311,0,0,0,0,0,0,0,0,0,0,0,0,0,0,0,True,False,False,False,False,False,False,False,False,False,False,False,False,False,False,False,False,False,False,False,False,False,False,False,False,False,False,False,False,False,False,False,False,False,False,False,False,False,False,False,False,False,False,False,False,False,False,False
6,4,2,251,279,280,281,5127365,0,0,0,0,0,0,0,0,0,0,0,0,0,0,0,71311,0,0,0,0,0,0,0,0,0,0,0,0,0,0,0,True,False,False,False,False,False,False,False,False,False,False,False,False,False,False,False,False,False,False,False,False,False,False,False,False,False,False,False,False,False,False,False,False,False,False,False,False,False,False,False,False,False,False,False,False,False,False,False
7,1,3,251,279,280,281,4982056,4982056,4982057,0,0,0,0,0,0,0,0,0,0,0,0,0,71311,71313,71312,0,0,0,0,0,0,0,0,0,0,0,0,0,True,False,False,False,False,False,False,False,False,False,False,False,False,False,False,False,False,True,True,False,False,False,False,False,False,False,False,False,False,False,False,False,False,False,False,False,False,False,False,False,False,False,False,False,False,False,False,False
8,1,3,251,279,280,281,4982056,4982056,4982057,0,0,0,0,0,0,0,0,0,0,0,0,0,71311,71313,71312,0,0,0,0,0,0,0,0,0,0,0,0,0,True,False,False,False,False,False,False,False,False,False,False,False,False,False,False,False,False,True,True,False,False,False,False,False,False,False,False,False,False,False,False,False,False,False,False,False,False,False,False,False,False,False,False,False,False,False,False,False
9,1,3,251,279,280,281,4982056,4982056,4982057,0,0,0,0,0,0,0,0,0,0,0,0,0,71311,71313,71312,0,0,0,0,0,0,0,0,0,0,0,0,0,True,False,False,False,False,False,False,False,False,False,False,False,False,False,False,False,False,True,True,False,False,False,False,False,False,False,False,False,False,False,False,False,False,False,False,False,False,False,False,False,False,False,False,False,False,False,False,False
10,1,3,251,279,280,281,4982056,4982056,4982057,0,0,0,0,0,0,0,0,0,0,0,0,0,71311,71313,71312,0,0,0,0,0,0,0,0,0,0,0,0,0,True,False,False,False,False,False,False,False,False,False,False,False,False,False,False,False,False,True,True,False,False,False,False,False,False,False,False,False,False,False,False,False,False,False,False,False,False,False,False,False,False,False,False,False,False,False,False,False
11,1,3,251,279,280,281,4982056,4982056,4982057,0,0,0,0,0,0,0,0,0,0,0,0,0,71311,71313,71312,0,0,0,0,0,0,0,0,0,0,0,0,0,True,False,False,False,False,False,False,False,False,False,False,False,False,False,False,False,False,True,True,False,False,False,False,False,False,False,False,False,False,False,False,False,False,False,False,False,False,False,False,False,False,False,False,False,False,False,False,False
12,1,1,251,279,280,281,4982059,4982059,4982058,0,0,0,0,0,0,0,0,0,0,0,0,0,71311,71313,71312,0,0,0,0,0,0,0,0,0,0,0,0,0,True,False,False,False,False,False,False,False,False,False,False,False,False,False,False,False,False,True,True,False,False,False,False,False,False,False,False,False,False,False,False,False,False,False,False,False,False,False,False,False,False,False,False,False,False,False,False,False
13,1,1,251,279,280,281,4982059,4982059,4982058,0,0,0,0,0,0,0,0,0,0,0,0,0,71311,71313,71312,0,0,0,0,0,0,0,0,0,0,0,0,0,True,False,False,False,False,False,False,False,False,False,False,False,False,False,False,False,False,True,True,False,False,False,False,False,False,False,False,False,False,False,False,False,False,False,False,False,False,False,False,False,False,False,False,False,False,False,False,False
14,1,1,251,279,280,281,4982059,4982059,4982058,0,0,0,0,0,0,0,0,0,0,0,0,0,71311,71313,71312,0,0,0,0,0,0,0,0,0,0,0,0,0,True,False,False,False,False,False,False,False,False,False,False,False,False,False,False,False,False,True,True,False,False,False,False,False,False,False,False,False,False,False,False,False,False,False,False,False,False,False,False,False,False,False,False,False,False,False,False,False
15,1,1,251,279,280,281,4982059,4982059,4982058,0,0,0,0,0,0,0,0,0,0,0,0,0,71311,71313,71312,0,0,0,0,0,0,0,0,0,0,0,0,0,True,False,False,False,False,False,False,False,False,False,False,False,False,False,False,False,False,True,True,False,False,False,False,False,False,False,False,False,False,False,False,False,False,False,False,False,False,False,False,False,False,False,False,False,False,False,False,False
16,1,1,251,279,280,281,4982059,4982059,4982058,0,0,0,0,0,0,0,0,0,0,0,0,0,71311,71313,71312,0,0,0,0,0,0,0,0,0,0,0,0,0,True,False,False,False,False,False,False,False,False,False,False,False,False,False,False,False,False,True,True,False,False,False,False,False,False,False,False,False,False,False,False,False,False,False,False,False,False,False,False,False,False,False,False,False,False,False,False,False
17,1,1,251,279,280,281,4982059,4982059,4982058,0,0,0,0,0,0,0,0,0,0,0,0,0,71311,71313,71312,0,0,0,0,0,0,0,0,0,0,0,0,0,True,False,False,False,False,False,False,False,False,False,False,False,False,False,False,False,False,True,True,False,False,False,False,False,False,False,False,False,False,False,False,False,False,False,False,False,False,False,False,False,False,False,False,False,False,False,False,False
18,1,1,251,279,280,281,4982059,4982059,4982058,0,0,0,0,0,0,0,0,0,0,0,0,0,71311,71313,71312,0,0,0,0,0,0,0,0,0,0,0,0,0,True,False,False,False,False,False,False,False,False,False,False,False,False,False,False,False,False,True,True,False,False,False,False,False,False,False,False,False,False,False,False,False,False,False,False,False,False,False,False,False,False,False,False,False,False,False,False,False
19,5,2,251,279,280,281,5126495,5126495,0,0,0,0,0,0,0,0,0,0,0,0,0,0,71311,71313,0,0,0,0,0,0,0,0,0,0,0,0,0,0,True,False,False,False,False,False,False,False,False,False,False,False,False,False,False,False,False,True,False,False,False,False,False,False,False,False,False,False,False,False,False,False,False,False,False,False,False,False,False,False,False,False,False,False,False,False,False,False
20,2,3,251,279,280,281,4982026,4982026,5584138,5582186,5584063,0,0,0,0,0,0,0,0,0,0,0,71311,71313,71312,71312,71312,0,0,0,0,0,0,0,0,0,0,0,True,False,False,False,False,False,False,False,False,False,False,False,False,False,False,False,False,True,True,True,True,False,False,False,False,False,False,False,False,False,False,False,False,False,False,False,False,False,False,False,False,False,False,False,False,False,False,False
21,2,3,251,279,280,281,4982026,4982026,5584138,5582186,5584063,0,0,0,0,0,0,0,0,0,0,0,71311,71313,71312,71312,71312,0,0,0,0,0,0,0,0,0,0,0,True,False,False,False,False,False,False,False,False,False,False,False,False,False,False,False,False,True,True,True,True,False,False,False,False,False,False,False,False,False,False,False,False,False,False,False,False,False,False,False,False,False,False,False,False,False,False,False
22,2,3,251,279,280,281,4982026,4982026,5584138,5582186,5584063,0,0,0,0,0,0,0,0,0,0,0,71311,71313,71312,71312,71312,0,0,0,0,0,0,0,0,0,0,0,True,False,False,False,False,False,False,False,False,False,False,False,False,False,False,False,False,True,True,True,True,False,False,False,False,False,False,False,False,False,False,False,False,False,False,False,False,False,False,False,False,False,False,False,False,False,False,False
23,3,1,251,279,280,281,4981827,4981996,4981997,4981998,4981999,4982000,4982001,4982002,4982006,4982008,4981827,0,0,0,0,0,71311,71312,71312,71312,71312,71312,71312,71312,71312,71312,71313,0,0,0,0,0,True,False,False,False,False,False,False,False,False,False,False,False,False,False,False,False,False,True,True,True,True,True,True,True,True,True,True,False,False,False,False,False,False,False,False,False,False,False,False,False,False,False,False,False,False,False,False,False
24,3,1,251,279,280,281,4981827,4981996,4981997,4981998,4981999,4982000,4982001,4982002,4982006,4982008,4981827,0,0,0,0,0,71311,71312,71312,71312,71312,71312,71312,71312,71312,71312,71313,0,0,0,0,0,True,False,False,False,False,False,False,False,False,False,False,False,False,False,False,False,False,True,True,True,True,True,True,True,True,True,True,False,False,False,False,False,False,False,False,False,False,False,False,False,False,False,False,False,False,False,False,False
25,3,1,251,279,280,281,4981827,4981996,4981997,4981998,4981999,4982000,4982001,4982002,4982006,4982008,4981827,0,0,0,0,0,71311,71312,71312,71312,71312,71312,71312,71312,71312,71312,71313,0,0,0,0,0,True,False,False,False,False,False,False,False,False,False,False,False,False,False,False,False,False,True,True,True,True,True,True,True,True,True,True,False,False,False,False,False,False,False,False,False,False,False,False,False,False,False,False,False,False,False,False,False
26,3,1,251,279,280,281,4981827,4981996,4981997,4981998,4981999,4982000,4982001,4982002,4982006,4982008,4981827,0,0,0,0,0,71311,71312,71312,71312,71312,71312,71312,71312,71312,71312,71313,0,0,0,0,0,True,False,False,False,False,False,False,False,False,False,False,False,False,False,False,False,False,True,True,True,True,True,True,True,True,True,True,False,False,False,False,False,False,False,False,False,False,False,False,False,False,False,False,False,False,False,False,False
27,3,1,251,279,280,281,4981827,4981996,4981997,4981998,4981999,4982000,4982001,4982002,4982006,4982008,4981827,0,0,0,0,0,71311,71312,71312,71312,71312,71312,71312,71312,71312,71312,71313,0,0,0,0,0,True,False,False,False,False,False,False,False,False,False,False,False,False,False,False,False,False,True,True,True,True,True,True,True,True,True,True,False,False,False,False,False,False,False,False,False,False,False,False,False,False,False,False,False,False,False,False,False
28,3,1,251,279,280,281,4981827,4981996,4981997,4981998,4981999,4982000,4982001,4982002,4982006,4982008,4981827,0,0,0,0,0,71311,71312,71312,71312,71312,71312,71312,71312,71312,71312,71313,0,0,0,0,0,True,False,False,False,False,False,False,False,False,False,False,False,False,False,False,False,False,True,True,True,True,True,True,True,True,True,True,False,False,False,False,False,False,False,False,False,False,False,False,False,False,False,False,False,False,False,False,False
29,3,1,251,279,280,281,4981827,4981996,4981997,4981998,4981999,4982000,4982001,4982002,4982006,4982008,4981827,0,0,0,0,0,71311,71312,71312,71312,71312,71312,71312,71312,71312,71312,71313,0,0,0,0,0,True,False,False,False,False,False,False,False,False,False,False,False,False,False,False,False,False,True,True,True,True,True,True,True,True,True,True,False,False,False,False,False,False,False,False,False,False,False,False,False,False,False,False,False,False,False,False,False
30,3,1,251,279,280,281,4981827,4981996,4981997,4981998,4981999,4982000,4982001,4982002,4982006,4982008,4981827,0,0,0,0,0,71311,71312,71312,71312,71312,71312,71312,71312,71312,71312,71313,0,0,0,0,0,True,False,False,False,False,False,False,False,False,False,False,False,False,False,False,False,False,True,True,True,True,True,True,True,True,True,True,False,False,False,False,False,False,False,False,False,False,False,False,False,False,False,False,False,False,False,False,False
31,3,1,251,279,280,281,4981827,4981996,4981997,4981998,4981999,4982000,4982001,4982002,4982006,4982008,4981827,0,0,0,0,0,71311,71312,71312,71312,71312,71312,71312,71312,71312,71312,71313,0,0,0,0,0,True,False,False,False,False,False,False,False,False,False,False,False,False,False,False,False,False,True,True,True,True,True,True,True,True,True,True,False,False,False,False,False,False,False,False,False,False,False,False,False,False,False,False,False,False,False,False,False
32,3,1,251,279,280,281,4981827,4981996,4981997,4981998,4981999,4982000,4982001,4982002,4982006,4982008,4981827,0,0,0,0,0,71311,71312,71312,71312,71312,71312,71312,71312,71312,71312,71313,0,0,0,0,0,True,False,False,False,False,False,False,False,False,False,False,False,False,False,False,False,False,True,True,True,True,True,True,True,True,True,True,False,False,False,False,False,False,False,False,False,False,False,False,False,False,False,False,False,False,False,False,False
33,3,1,251,279,280,281,4981827,4981996,4981997,4981998,4981999,4982000,4982001,4982002,4982006,4982008,4981827,0,0,0,0,0,71311,71312,71312,71312,71312,71312,71312,71312,71312,71312,71313,0,0,0,0,0,True,False,False,False,False,False,False,False,False,False,False,False,False,False,False,False,False,True,True,True,True,True,True,True,True,True,True,False,False,False,False,False,False,False,False,False,False,False,False,False,False,False,False,False,False,False,False,False
34,3,1,251,279,280,281,4981827,4981996,4981997,4981998,4981999,4982000,4982001,4982002,4982006,4982008,4981827,0,0,0,0,0,71311,71312,71312,71312,71312,71312,71312,71312,71312,71312,71313,0,0,0,0,0,True,False,False,False,False,False,False,False,False,False,False,False,False,False,False,False,False,True,True,True,True,True,True,True,True,True,True,False,False,False,False,False,False,False,False,False,False,False,False,False,False,False,False,False,False,False,False,False
35,3,1,251,279,280,281,4981827,4981996,4981997,4981998,4981999,4982000,4982001,4982002,4982006,4982008,4981827,0,0,0,0,0,71311,71312,71312,71312,71312,71312,71312,71312,71312,71312,71313,0,0,0,0,0,True,False,False,False,False,False,False,False,False,False,False,False,False,False,False,False,False,True,True,True,True,True,True,True,True,True,True,False,False,False,False,False,False,False,False,False,False,False,False,False,False,False,False,False,False,False,False,False
36,3,1,251,279,280,281,4981827,4981996,4981997,4981998,4981999,4982000,4982001,4982002,4982006,4982008,4981827,0,0,0,0,0,71311,71312,71312,71312,71312,71312,71312,71312,71312,71312,71313,0,0,0,0,0,True,False,False,False,False,False,False,False,False,False,False,False,False,False,False,False,False,True,True,True,True,True,True,True,True,True,True,False,False,False,False,False,False,False,False,False,False,False,False,False,False,False,False,False,False,False,False,False
37,3,1,251,279,280,281,4981827,4981996,4981997,4981998,4981999,4982000,4982001,4982002,4982006,4982008,4981827,0,0,0,0,0,71311,71312,71312,71312,71312,71312,71312,71312,71312,71312,71313,0,0,0,0,0,True,False,False,False,False,False,False,False,False,False,False,False,False,False,False,False,False,True,True,True,True,True,True,True,True,True,True,False,False,False,False,False,False,False,False,False,False,False,False,False,False,False,False,False,False,False,False,False
38,3,1,251,279,280,281,4981827,4981996,4981997,4981998,4981999,4982000,4982001,4982002,4982006,4982008,4981827,0,0,0,0,0,71311,71312,71312,71312,71312,71312,71312,71312,71312,71312,71313,0,0,0,0,0,True,False,False,False,False,False,False,False,False,False,False,False,False,False,False,False,False,True,True,True,True,True,True,True,True,True,True,False,False,False,False,False,False,False,False,False,False,False,False,False,False,False,False,False,False,False,False,False
39,3,1,251,279,280,281,4981827,4981996,4981997,4981998,4981999,4982000,4982001,4982002,4982006,4982008,4981827,0,0,0,0,0,71311,71312,71312,71312,71312,71312,71312,71312,71312,71312,71313,0,0,0,0,0,True,False,False,False,False,False,False,False,False,False,False,False,False,False,False,False,False,True,True,True,True,True,True,True,True,True,True,False,False,False,False,False,False,False,False,False,False,False,False,False,False,False,False,False,False,False,False,False
40,3,1,251,279,280,281,4981827,4981996,4981997,4981998,4981999,4982000,4982001,4982002,4982006,4982008,4981827,0,0,0,0,0,71311,71312,71312,71312,71312,71312,71312,71312,71312,71312,71313,0,0,0,0,0,True,False,False,False,False,False,False,False,False,False,False,False,False,False,False,False,False,True,True,True,True,True,True,True,True,True,True,False,False,False,False,False,False,False,False,False,False,False,False,False,False,False,False,False,False,False,False,False
41,3,1,251,279,280,281,4981827,4981996,4981997,4981998,4981999,4982000,4982001,4982002,4982006,4982008,4981827,0,0,0,0,0,71311,71312,71312,71312,71312,71312,71312,71312,71312,71312,71313,0,0,0,0,0,True,False,False,False,False,False,False,False,False,False,False,False,False,False,False,False,False,True,True,True,True,True,True,True,True,True,True,False,False,False,False,False,False,False,False,False,False,False,False,False,False,False,False,False,False,False,False,False
42,3,1,251,279,280,281,4981827,4981996,4981997,4981998,4981999,4982000,4982001,4982002,4982006,4982008,4981827,0,0,0,0,0,71311,71312,71312,71312,71312,71312,71312,71312,71312,71312,71313,0,0,0,0,0,True,False,False,False,False,False,False,False,False,False,False,False,False,False,False,False,False,True,True,True,True,True,True,True,True,True,True,False,False,False,False,False,False,False,False,False,False,False,False,False,False,False,False,False,False,False,False,False
43,3,1,251,279,280,281,4981827,4981996,4981997,4981998,4981999,4982000,4982001,4982002,4982006,4982008,4981827,0,0,0,0,0,71311,71312,71312,71312,71312,71312,71312,71312,71312,71312,71313,0,0,0,0,0,True,False,False,False,False,False,False,False,False,False,False,False,False,False,False,False,False,True,True,True,True,True,True,True,True,True,True,False,False,False,False,False,False,False,False,False,False,False,False,False,False,False,False,False,False,False,False,False
44,3,1,251,279,280,281,4981827,4981996,4981997,4981998,4981999,4982000,4982001,4982002,4982006,4982008,4981827,0,0,0,0,0,71311,71312,71312,71312,71312,71312,71312,71312,71312,71312,71313,0,0,0,0,0,True,False,False,False,False,False,False,False,False,False,False,False,False,False,False,False,False,True,True,True,True,True,True,True,True,True,True,False,False,False,False,False,False,False,False,False,False,False,False,False,False,False,False,False,False,False,False,False
45,3,1,251,279,280,281,4981827,4981996,4981997,4981998,4981999,4982000,4982001,4982002,4982006,4982008,4981827,0,0,0,0,0,71311,71312,71312,71312,71312,71312,71312,71312,71312,71312,71313,0,0,0,0,0,True,False,False,False,False,False,False,False,False,False,False,False,False,False,False,False,False,True,True,True,True,True,True,True,True,True,True,False,False,False,False,False,False,False,False,False,False,False,False,False,False,False,False,False,False,False,False,False
46,3,1,251,279,280,281,4981827,4981996,4981997,4981998,4981999,4982000,4982001,4982002,4982006,4982008,4981827,0,0,0,0,0,71311,71312,71312,71312,71312,71312,71312,71312,71312,71312,71313,0,0,0,0,0,True,False,False,False,False,False,False,False,False,False,False,False,False,False,False,False,False,True,True,True,True,True,True,True,True,True,True,False,False,False,False,False,False,False,False,False,False,False,False,False,False,False,False,False,False,False,False,False
47,3,1,251,279,280,281,4981827,4981996,4981997,4981998,4981999,4982000,4982001,4982002,4982006,4982008,4981827,0,0,0,0,0,71311,71312,71312,71312,71312,71312,71312,71312,71312,71312,71313,0,0,0,0,0,True,False,False,False,False,False,False,False,False,False,False,False,False,False,False,False,False,True,True,True,True,True,True,True,True,True,True,False,False,False,False,False,False,False,False,False,False,False,False,False,False,False,False,False,False,False,False,False
48,3,1,251,279,280,281,4981827,4981996,4981997,4981998,4981999,4982000,4982001,4982002,4982006,4982008,4981827,0,0,0,0,0,71311,71312,71312,71312,71312,71312,71312,71312,71312,71312,71313,0,0,0,0,0,True,False,False,False,False,False,False,False,False,False,False,False,False,False,False,False,False,True,True,True,True,True,True,True,True,True,True,False,False,False,False,False,False,False,False,False,False,False,False,False,False,False,False,False,False,False,False,False
49,3,1,251,279,280,281,4981827,4981996,4981997,4981998,4981999,4982000,4982001,4982002,4982006,4982008,4981827,0,0,0,0,0,71311,71312,71312,71312,71312,71312,71312,71312,71312,71312,71313,0,0,0,0,0,True,False,False,False,False,False,False,False,False,False,False,False,False,False,False,False,False,True,True,True,True,True,True,True,True,True,True,False,False,False,False,False,False,False,False,False,False,False,False,False,False,False,False,False,False,False,False,False
50,3,1,251,279,280,281,4981827,4981996,4981997,4981998,4981999,4982000,4982001,4982002,4982006,4982008,4981827,0,0,0,0,0,71311,71312,71312,71312,71312,71312,71312,71312,71312,71312,71313,0,0,0,0,0,True,False,False,False,False,False,False,False,False,False,False,False,False,False,False,False,False,True,True,True,True,True,True,True,True,True,True,False,False,False,False,False,False,False,False,False,False,False,False,False,False,False,False,False,False,False,False,False
51,3,1,251,279,280,281,4981827,4981996,4981997,4981998,4981999,4982000,4982001,4982002,4982006,4982008,4981827,0,0,0,0,0,71311,71312,71312,71312,71312,71312,71312,71312,71312,71312,71313,0,0,0,0,0,True,False,False,False,False,False,False,False,False,False,False,False,False,False,False,False,False,True,True,True,True,True,True,True,True,True,True,False,False,False,False,False,False,False,False,False,False,False,False,False,False,False,False,False,False,False,False,False
52,3,1,251,279,280,281,4981827,4981996,4981997,4981998,4981999,4982000,4982001,4982002,4982006,4982008,4981827,0,0,0,0,0,71311,71312,71312,71312,71312,71312,71312,71312,71312,71312,71313,0,0,0,0,0,True,False,False,False,False,False,False,False,False,False,False,False,False,False,False,False,False,True,True,True,True,True,True,True,True,True,True,False,False,False,False,False,False,False,False,False,False,False,False,False,False,False,False,False,False,False,False,False
53,3,1,251,279,280,281,4981827,4981996,4981997,4981998,4981999,4982000,4982001,4982002,4982006,4982008,4981827,0,0,0,0,0,71311,71312,71312,71312,71312,71312,71312,71312,71312,71312,71313,0,0,0,0,0,True,False,False,False,False,False,False,False,False,False,False,False,False,False,False,False,False,True,True,True,True,True,True,True,True,True,True,False,False,False,False,False,False,False,False,False,False,False,False,False,False,False,False,False,False,False,False,False
54,3,1,251,279,280,281,4981827,4981996,4981997,4981998,4981999,4982000,4982001,4982002,4982006,4982008,4981827,0,0,0,0,0,71311,71312,71312,71312,71312,71312,71312,71312,71312,71312,71313,0,0,0,0,0,True,False,False,False,False,False,False,False,False,False,False,False,False,False,False,False,False,True,True,True,True,True,True,True,True,True,True,False,False,False,False,False,False,False,False,False,False,False,False,False,False,False,False,False,False,False,False,False
55,5,2,251,279,280,281,5126495,5126495,0,0,0,0,0,0,0,0,0,0,0,0,0,0,71311,71313,0,0,0,0,0,0,0,0,0,0,0,0,0,0,True,False,False,False,False,False,False,False,False,False,False,False,False,False,False,False,False,True,False,False,False,False,False,False,False,False,False,False,False,False,False,False,False,False,False,False,False,False,False,False,False,False,False,False,False,False,False,False
56,5,2,251,279,280,281,5126495,5126495,0,0,0,0,0,0,0,0,0,0,0,0,0,0,71311,71313,0,0,0,0,0,0,0,0,0,0,0,0,0,0,True,False,False,False,False,False,False,False,False,False,False,False,False,False,False,False,False,True,False,False,False,False,False,False,False,False,False,False,False,False,False,False,False,False,False,False,False,False,False,False,False,False,False,False,False,False,False,False
57,5,2,251,279,280,281,5126495,5126495,0,0,0,0,0,0,0,0,0,0,0,0,0,0,71311,71313,0,0,0,0,0,0,0,0,0,0,0,0,0,0,True,False,False,False,False,False,False,False,False,False,False,False,False,False,False,False,False,True,False,False,False,False,False,False,False,False,False,False,False,False,False,False,False,False,False,False,False,False,False,False,False,False,False,False,False,False,False,False
58,5,2,251,279,280,281,5126495,5126495,0,0,0,0,0,0,0,0,0,0,0,0,0,0,71311,71313,0,0,0,0,0,0,0,0,0,0,0,0,0,0,True,False,False,False,False,False,False,False,False,False,False,False,False,False,False,False,False,True,False,False,False,False,False,False,False,False,False,False,False,False,False,False,False,False,False,False,False,False,False,False,False,False,False,False,False,False,False,False
59,5,2,251,279,280,281,5126495,5126495,0,0,0,0,0,0,0,0,0,0,0,0,0,0,71311,71313,0,0,0,0,0,0,0,0,0,0,0,0,0,0,True,False,False,False,False,False,False,False,False,False,False,False,False,False,False,False,False,True,False,False,False,False,False,False,False,False,False,False,False,False,False,False,False,False,False,False,False,False,False,False,False,False,False,False,False,False,False,False
60,4,2,251,279,280,281,5127365,5127365,0,0,0,0,0,0,0,0,0,0,0,0,0,0,71311,71313,0,0,0,0,0,0,0,0,0,0,0,0,0,0,True,False,False,False,False,False,False,False,False,False,False,False,False,False,False,False,False,True,False,False,False,False,False,False,False,False,False,False,False,False,False,False,False,False,False,False,False,False,False,False,False,False,False,False,False,False,False,False
61,5,2,251,279,280,281,5126495,5126495,0,0,0,0,0,0,0,0,0,0,0,0,0,0,71311,71313,0,0,0,0,0,0,0,0,0,0,0,0,0,0,True,False,False,False,False,False,False,False,False,False,False,False,False,False,False,False,False,True,False,False,False,False,False,False,False,False,False,False,False,False,False,False,False,False,False,False,False,False,False,False,False,False,False,False,False,False,False,False
62,4,2,251,279,280,281,5127365,5127365,0,0,0,0,0,0,0,0,0,0,0,0,0,0,71311,71313,0,0,0,0,0,0,0,0,0,0,0,0,0,0,True,False,False,False,False,False,False,False,False,False,False,False,False,False,False,False,False,True,False,False,False,False,False,False,False,False,False,False,False,False,False,False,False,False,False,False,False,False,False,False,False,False,False,False,False,False,False,False
63,4,2,251,279,280,281,5127365,5127365,0,0,0,0,0,0,0,0,0,0,0,0,0,0,71311,71313,0,0,0,0,0,0,0,0,0,0,0,0,0,0,True,False,False,False,False,False,False,False,False,False,False,False,False,False,False,False,False,True,False,False,False,False,False,False,False,False,False,False,False,False,False,False,False,False,False,False,False,False,False,False,False,False,False,False,False,False,False,False
64,4,2,251,279,280,281,5127365,5127365,0,0,0,0,0,0,0,0,0,0,0,0,0,0,71311,71313,0,0,0,0,0,0,0,0,0,0,0,0,0,0,True,False,False,False,False,False,False,False,False,False,False,False,False,False,False,False,False,True,False,False,False,False,False,False,False,False,False,False,False,False,False,False,False,False,False,False,False,False,False,False,False,False,False,False,False,False,False,False
65,0,0,251,33,34,35,0,0,0,0,0,0,0,0,0,0,0,0,0,0,0,0,0,0,0,0,0,0,0,0,0,0,0,0,0,0,0,0,False,False,False,False,False,False,False,False,False,False,False,False,False,False,False,False,False,False,False,False,False,False,False,False,False,False,False,False,False,False,False,False,False,False,False,False,False,False,False,False,False,False,False,False,False,False,False,False
66,0,0,251,33,34,35,0,0,0,0,0,0,0,0,0,0,0,0,0,0,0,0,0,0,0,0,0,0,0,0,0,0,0,0,0,0,0,0,False,False,False,False,False,False,False,False,False,False,False,False,False,False,False,False,False,False,False,False,False,False,False,False,False,False,False,False,False,False,False,False,False,False,False,False,False,False,False,False,False,False,False,False,False,False,False,False
67,0,0,251,33,34,35,0,0,0,0,0,0,0,0,0,0,0,0,0,0,0,0,0,0,0,0,0,0,0,0,0,0,0,0,0,0,0,0,False,False,False,False,False,False,False,False,False,False,False,False,False,False,False,False,False,False,False,False,False,False,False,False,False,False,False,False,False,False,False,False,False,False,False,False,False,False,False,False,False,False,False,False,False,False,False,False
68,0,0,251,33,34,35,0,0,0,0,0,0,0,0,0,0,0,0,0,0,0,0,0,0,0,0,0,0,0,0,0,0,0,0,0,0,0,0,False,False,False,False,False,False,False,False,False,False,False,False,False,False,False,False,False,False,False,False,False,False,False,False,False,False,False,False,False,False,False,False,False,False,False,False,False,False,False,False,False,False,False,False,False,False,False,False
69,0,0,251,33,34,35,0,0,0,0,0,0,0,0,0,0,0,0,0,0,0,0,0,0,0,0,0,0,0,0,0,0,0,0,0,0,0,0,False,False,False,False,False,False,False,False,False,False,False,False,False,False,False,False,False,False,False,False,False,False,False,False,False,False,False,False,False,False,False,False,False,False,False,False,False,False,False,False,False,False,False,False,False,False,False,False
70,0,0,251,33,34,35,0,0,0,0,0,0,0,0,0,0,0,0,0,0,0,0,0,0,0,0,0,0,0,0,0,0,0,0,0,0,0,0,False,False,False,False,False,False,False,False,False,False,False,False,False,False,False,False,False,False,False,False,False,False,False,False,False,False,False,False,False,False,False,False,False,False,False,False,False,False,False,False,False,False,False,False,False,False,False,False
