﻿key,0,1,2,3,4,5,6,7,8,9,10,11,12,13,14,15,16,17,18,19,20,21,22,23,24,25,26,27,28,29,30,31,32,33,34,35,36,37,38,39,40
#,,,,,,,,,,,,,,,,,,,,,,,,,,,,,,,,,,,,,,,,,
int32,byte,byte,byte,uint16,byte,uint32,sbyte,sbyte,sbyte,uint32,byte,sbyte,sbyte,sbyte,byte,byte,byte,byte,byte,byte,byte,byte,byte,byte,byte,byte,uint32,uint32,uint32,uint32,byte,byte,byte,byte,uint32,uint32,uint32,uint32,str,str,str
2359296,0,0,0,0,0,0,0,0,0,0,10,0,0,0,0,0,0,0,0,0,0,0,0,0,0,0,0,0,0,0,0,0,0,0,0,0,0,0,"","",""
2359297,30,42,0,1,0,121541,0,3,30,4076,15,0,24,0,0,1,2,3,0,1,2,40,0,1,15,20,4077,4077,4077,4077,3,1,1,1,121502,121501,121501,121501,"Monster Toss","It's all in the wrist!

Payout:
1～2 points → 8 MGP
3～4 points → 12 MGP
5～  points → 20 MGP","Shots Made"
2359298,15,60,1,1,3,121541,0,1,32,4070,30,0,20,0,0,1,2,3,0,1,2,40,0,10,15,20,0,0,0,0,3,1,1,1,121522,121521,121521,121521,"The Moogle's Paw","Seize the day...and the loot!

Payout:
Large item → 4 MGP
Small item → 10 MGP",""
2359299,15,60,1,1,2,121541,0,1,17,4074,21,0,25,0,0,1,2,3,0,1,2,40,0,10,15,20,4075,4075,4075,4075,3,5,5,1,121514,121513,121512,121511,"Crystal Tower Striker","Swing with all your might!

Payout:
GLANCING! → 4 MGP
CRUSHING!! → 6 MGP
PULVERIZING!!! → 10 MGP",""
2359300,15,40,1,1,1,121541,0,1,30,4072,11,0,25,0,0,1,2,3,0,1,2,40,0,10,15,20,4073,4073,4073,4073,3,5,5,1,121534,121533,121532,121531,"Cuff-a-Cur","Aim for the sweet spot!

Payout:
BRUISING! → 4 MGP
PUNISHING!! → 6 MGP
BRUTAL!!! → 10 MGP",""
