﻿key,0,1,2,3,4,5,6,7,8
#,ModelKey,HousingItemCategory,UsageType,UsageParameter,HousingLayoutLimit,Event,Item,DestroyOnRemoval,
int32,uint16,HousingItemCategory,byte,uint32,HousingLayoutLimit,uint32,Item,bit&01,bit&02
196608,0,"",0,0,"HousingLayoutLimit#0",0,"",False,False
196609,1,"Table",0,0,"HousingLayoutLimit#0",0,"Riviera Round Table",False,False
196610,2,"Table",0,0,"HousingLayoutLimit#0",0,"Oasis Round Table",False,False
196611,3,"Table",0,0,"HousingLayoutLimit#0",0,"Glade Round Table",False,False
196612,4,"Indoor Furnishing",0,0,"HousingLayoutLimit#0",0,"Riviera Chair",False,False
196613,5,"Indoor Furnishing",0,0,"HousingLayoutLimit#0",0,"Oasis Chair",False,False
196614,6,"Indoor Furnishing",0,0,"HousingLayoutLimit#0",0,"Glade Chair",False,False
196615,7,"Table",0,0,"HousingLayoutLimit#0",0,"Ash Cabinet",False,False
196616,8,"Table",0,0,"HousingLayoutLimit#0",0,"Walnut Dining Table",False,False
196617,9,"Table",0,0,"HousingLayoutLimit#0",0,"Walnut Cartonnier",False,False
196618,10,"Indoor Furnishing",0,0,"HousingLayoutLimit#0",0,"",False,False
196619,11,"Table-top",0,0,"HousingLayoutLimit#0",0,"Brass Pricket",False,False
196620,12,"Wall-mounted",0,0,"HousingLayoutLimit#0",0,"Twin Adder Banner",False,False
196621,13,"Indoor Furnishing",0,0,"HousingLayoutLimit#0",0,"Glade Bench",False,False
196622,14,"Wall-mounted",0,0,"HousingLayoutLimit#0",0,"Lominsan Cityscape",False,False
196623,15,"Indoor Furnishing",0,0,"HousingLayoutLimit#0",0,"Oasis Bed",False,False
196624,16,"Indoor Furnishing",0,0,"HousingLayoutLimit#0",0,"Terracotta Pot",False,False
196625,17,"Indoor Furnishing",0,0,"HousingLayoutLimit#0",0,"Potted Maguey",False,False
196626,18,"Indoor Furnishing",0,0,"HousingLayoutLimit#0",0,"Riviera Bed",False,False
196627,19,"Indoor Furnishing",0,0,"HousingLayoutLimit#3",720995,"Company Chest",False,True
196628,20,"Wall-mounted",0,0,"HousingLayoutLimit#0",0,"Maelstrom Banner",False,False
196629,21,"Wall-mounted",0,0,"HousingLayoutLimit#0",0,"Immortal Flames Banner",False,False
196630,22,"Indoor Furnishing",0,0,"HousingLayoutLimit#25",720906,"Summoning Bell",False,False
196631,23,"Indoor Furnishing",5,8,"HousingLayoutLimit#22",721048,"Woodworking Bench",True,False
196632,24,"Indoor Furnishing",5,9,"HousingLayoutLimit#22",721048,"Smithing Bench",True,False
196633,25,"Rug",0,0,"HousingLayoutLimit#0",0,"Riviera Fringed Rug",False,False
196634,26,"Rug",0,0,"HousingLayoutLimit#0",0,"Riviera Oval Rug",False,False
196635,27,"Rug",0,0,"HousingLayoutLimit#0",0,"Sheep Rug",False,False
196636,28,"Indoor Furnishing",0,0,"HousingLayoutLimit#0",0,"Riviera Pillar",False,False
196637,29,"Indoor Furnishing",0,0,"HousingLayoutLimit#0",0,"Riviera Partition",False,False
196638,30,"Wall-mounted",0,0,"HousingLayoutLimit#0",0,"Eorzean Map",False,False
196639,31,"Table-top",0,0,"HousingLayoutLimit#0",0,"Ink & Quill",False,False
196640,32,"Wall-mounted",0,0,"HousingLayoutLimit#0",0,"Galleas Wheel",False,False
196641,33,"Table",0,0,"HousingLayoutLimit#0",0,"Glade Cartonnier",False,False
196642,34,"Table",0,0,"HousingLayoutLimit#0",0,"Glade Sideboard",False,False
196643,35,"Table",0,0,"HousingLayoutLimit#0",0,"Glade Drawer Table",False,False
196644,36,"Table",0,0,"HousingLayoutLimit#0",0,"Oasis Stall",False,False
196645,37,"Indoor Furnishing",5,10,"HousingLayoutLimit#22",721048,"Armorcraft Forge",True,False
196646,38,"Indoor Furnishing",5,11,"HousingLayoutLimit#22",721048,"Goldsmithing Bench",True,False
196647,39,"Indoor Furnishing",5,12,"HousingLayoutLimit#22",721048,"Leatherworking Bench",True,False
196648,40,"Rug",0,0,"HousingLayoutLimit#0",0,"Oasis Rug",False,False
196649,41,"Rug",0,0,"HousingLayoutLimit#0",0,"Oasis Argyle Rug",False,False
196650,42,"Rug",0,0,"HousingLayoutLimit#0",0,"Oasis Leaf Rug",False,False
196651,43,"Indoor Furnishing",5,13,"HousingLayoutLimit#22",721048,"Clothcraft Loom",True,False
196652,44,"Indoor Furnishing",5,14,"HousingLayoutLimit#22",721048,"Alchemy Furnace",True,False
196653,45,"Indoor Furnishing",5,15,"HousingLayoutLimit#22",721048,"Cooking Stove",True,False
196654,46,"Rug",0,0,"HousingLayoutLimit#0",0,"Glade Rug",False,False
196655,47,"Rug",0,0,"HousingLayoutLimit#0",0,"Glade Fringed Rug",False,False
196656,48,"Rug",0,0,"HousingLayoutLimit#0",0,"Glade Blossom Rug",False,False
196657,49,"Indoor Furnishing",0,0,"HousingLayoutLimit#4",0,"Riviera Bathtub"{{{STRING}}},False,False
196658,50,"Indoor Furnishing",0,0,"HousingLayoutLimit#5",0,"Oasis Bathtub"{{{STRING}}},False,False
196659,51,"Indoor Furnishing",0,0,"HousingLayoutLimit#6",0,"Glade Bathtub"{{{STRING}}},False,False
196660,52,"Wall-mounted",0,0,"HousingLayoutLimit#7",0,"Inferno Wall Lamp",True,False
196661,53,"Indoor Furnishing",0,0,"HousingLayoutLimit#9",0,"Vortex Couch",True,False
196662,54,"Indoor Furnishing",0,0,"HousingLayoutLimit#0",0,"Oasis Pillar",False,False
196663,55,"Indoor Furnishing",0,0,"HousingLayoutLimit#0",0,"Oasis Partition",False,False
196664,56,"Indoor Furnishing",0,0,"HousingLayoutLimit#0",0,"Glade Pillar",False,False
196665,57,"Indoor Furnishing",0,0,"HousingLayoutLimit#0",0,"Glade Partition",False,False
196666,58,"Rug",0,0,"HousingLayoutLimit#0",0,"Goobbue Rug",False,False
196667,59,"Rug",0,0,"HousingLayoutLimit#0",0,"Moogle Rug",False,False
196668,60,"Wall-mounted",0,0,"HousingLayoutLimit#8",0,"Blazing Inferno Wall Lamp",True,False
196669,61,"Indoor Furnishing",0,0,"HousingLayoutLimit#10",0,"Raging Vortex Couch",True,False
196670,62,"Indoor Furnishing",0,0,"HousingLayoutLimit#0",0,"Riviera Bench",False,False
196671,63,"Indoor Furnishing",0,0,"HousingLayoutLimit#0",0,"Glade Couch",False,False
196672,64,"Indoor Furnishing",0,0,"HousingLayoutLimit#0",0,"Mahogany Screen",False,False
196673,65,"Indoor Furnishing",0,0,"HousingLayoutLimit#0",0,"Astroscope",False,False
196674,66,"Table-top",0,0,"HousingLayoutLimit#0",0,"Weighing Scale",False,False
196675,67,"Table",0,0,"HousingLayoutLimit#0",0,"Riviera Dining Table",False,False
196676,68,"Indoor Furnishing",0,0,"HousingLayoutLimit#0",0,"Manor Stool",False,False
196677,69,"Table",0,0,"HousingLayoutLimit#0",0,"Manor Flower Stand",False,False
196678,70,"Wall-mounted",0,0,"HousingLayoutLimit#0",0,"Demon Wall Sculpture",False,False
196679,71,"Indoor Furnishing",0,0,"HousingLayoutLimit#0",0,"Vodoriga Sculpture",False,False
196680,72,"Indoor Furnishing",0,0,"HousingLayoutLimit#0",0,"Deluxe Manor Fireplace",False,False
196681,73,"Table",0,0,"HousingLayoutLimit#0",0,"Manor Fireplace",False,False
196682,74,"Indoor Furnishing",0,0,"HousingLayoutLimit#0",0,"Gargoyle Sculpture",False,False
196683,75,"Indoor Furnishing",0,0,"HousingLayoutLimit#0",0,"Manor Wardrobe",False,False
196684,76,"Table",0,0,"HousingLayoutLimit#0",0,"Manor Desk",False,False
196685,77,"Indoor Furnishing",0,0,"HousingLayoutLimit#0",0,"Manor Highback Chair",False,False
196686,78,"Table",0,0,"HousingLayoutLimit#0",0,"Manor Table",False,False
196687,79,"Indoor Furnishing",0,0,"HousingLayoutLimit#0",0,"Manor Couch",False,False
196688,80,"Indoor Furnishing",0,0,"HousingLayoutLimit#0",0,"Manor Bookshelf",False,False
196689,81,"Indoor Furnishing",0,0,"HousingLayoutLimit#0",0,"Manor Cupboard",False,False
196690,82,"Indoor Furnishing",0,0,"HousingLayoutLimit#0",0,"Manor Candelabra",False,False
196691,83,"Table-top",0,0,"HousingLayoutLimit#0",0,"Riviera Lantern",False,False
196692,84,"Table-top",0,0,"HousingLayoutLimit#0",0,"Glade Lantern",False,False
196693,85,"Table-top",0,0,"HousingLayoutLimit#0",0,"Oasis Lantern",False,False
196694,86,"Table",0,0,"HousingLayoutLimit#0",0,"Ahriman Round Table",False,False
196695,87,"Table",0,0,"HousingLayoutLimit#0",0,"Ahriman Sideboard",False,False
196696,88,"Indoor Furnishing",0,0,"HousingLayoutLimit#0",0,"Ahriman Chair",False,False
196697,89,"Indoor Furnishing",0,0,"HousingLayoutLimit#0",0,"Ahriman Bookshelf",False,False
196698,90,"Table",0,0,"HousingLayoutLimit#0",0,"Ahriman Cupboard",False,False
196699,91,"Indoor Furnishing",0,0,"HousingLayoutLimit#0",0,"Ahriman Screen",False,False
196700,92,"Table-top",0,0,"HousingLayoutLimit#0",0,"Ahriman Flower Vase",False,False
196701,93,"Table-top",0,0,"HousingLayoutLimit#0",0,"Ahriman Chronometer",False,False
196702,94,"Table",0,0,"HousingLayoutLimit#0",0,"Sylphic Table",False,False
196703,95,"Table",0,0,"HousingLayoutLimit#0",0,"Sylphic Dining Table",False,False
196704,96,"Table",0,0,"HousingLayoutLimit#0",0,"Sylphic Counter",False,False
196705,97,"Indoor Furnishing",0,0,"HousingLayoutLimit#0",0,"Sylphic Chair",False,False
196706,98,"Indoor Furnishing",0,0,"HousingLayoutLimit#0",0,"Sylphic Bookshelf",False,False
196707,99,"Indoor Furnishing",0,0,"HousingLayoutLimit#0",0,"Sylphic Cupboard",False,False
196708,100,"Indoor Furnishing",0,0,"HousingLayoutLimit#0",0,"Sylphic Screen",False,False
196709,101,"Table-top",0,0,"HousingLayoutLimit#0",0,"Sylphic Flower Vase",False,False
196710,102,"Wall-mounted",0,0,"HousingLayoutLimit#0",0,"Sylphic Wall Lantern",False,False
196711,103,"Table",0,0,"HousingLayoutLimit#0",0,"Knight Captain's Desk",False,False
196712,104,"Indoor Furnishing",0,0,"HousingLayoutLimit#0",0,"Knight Captain's Chair",False,False
196713,105,"Wall-mounted",0,0,"HousingLayoutLimit#0",0,"Nymian Wall Lantern",False,False
196714,106,"Wall-mounted",0,0,"HousingLayoutLimit#0",0,"Amdapori Wall Lantern",False,False
196715,107,"Table-top",0,0,"HousingLayoutLimit#0",0,"Miniature Magitek Reaper",False,False
196716,108,"Wall-mounted",0,0,"HousingLayoutLimit#0",0,"Belah'dian Crystal Lantern",False,False
196717,109,"Table-top",0,0,"HousingLayoutLimit#0",0,"Stuffed Moogle",False,False
196718,110,"Table-top",0,0,"HousingLayoutLimit#0",0,"Stuffed Chocobo",False,False
196719,111,"Table-top",0,0,"HousingLayoutLimit#0",0,"Drinking Apkallu",False,False
196720,112,"Indoor Furnishing",0,0,"HousingLayoutLimit#0",721037,"Tonberry Floor Lamp",False,False
196721,113,"Indoor Furnishing",0,0,"HousingLayoutLimit#0",721037,"Mandragora Floor Lamp",False,False
196722,114,"Indoor Furnishing",0,0,"HousingLayoutLimit#0",721037,"Amigo Cactus Floor Lamp",False,False
196723,115,"Indoor Furnishing",0,0,"HousingLayoutLimit#19",0,"Llymlaen's Embrace",False,False
196724,116,"Table-top",0,0,"HousingLayoutLimit#0",0,"Riviera Table Chronometer",False,False
196725,117,"Indoor Furnishing",0,0,"HousingLayoutLimit#0",0,"Storm Storage Bench",False,False
196726,118,"Indoor Furnishing",0,0,"HousingLayoutLimit#0",0,"Storm Armoire",False,False
196727,119,"Table",0,0,"HousingLayoutLimit#0",0,"Storm Desk",False,False
196728,120,"Table",0,0,"HousingLayoutLimit#0",0,"Storm Strongbox",False,False
196729,121,"Indoor Furnishing",0,0,"HousingLayoutLimit#0",0,"Storm Utility Cot",False,False
196730,122,"Wall-mounted",0,0,"HousingLayoutLimit#0",0,"Glade Wall Chronometer",False,False
196731,123,"Indoor Furnishing",0,0,"HousingLayoutLimit#0",0,"Flame Storage Bench",False,False
196732,124,"Indoor Furnishing",0,0,"HousingLayoutLimit#0",0,"Flame Armoire",False,False
196733,125,"Table",0,0,"HousingLayoutLimit#0",0,"Flame Desk",False,False
196734,126,"Table",0,0,"HousingLayoutLimit#0",0,"Flame Strongbox",False,False
196735,127,"Indoor Furnishing",0,0,"HousingLayoutLimit#0",0,"Flame Utility Cot",False,False
196736,128,"Table",0,0,"HousingLayoutLimit#0",0,"Tonberry Round Table",False,False
196737,129,"Indoor Furnishing",0,0,"HousingLayoutLimit#0",0,"Serpent Storage Bench",False,False
196738,130,"Indoor Furnishing",0,0,"HousingLayoutLimit#0",0,"Serpent Armoire",False,False
196739,131,"Table",0,0,"HousingLayoutLimit#0",0,"Serpent Desk",False,False
196740,132,"Table",0,0,"HousingLayoutLimit#0",0,"Serpent Strongbox",False,False
196741,133,"Indoor Furnishing",0,0,"HousingLayoutLimit#0",0,"Serpent Utility Cot",False,False
196742,134,"Table",0,0,"HousingLayoutLimit#0",0,"Tonberry Dining Table",False,False
196743,135,"Rug",0,0,"HousingLayoutLimit#0",0,"Morbol Rug",False,False
196744,136,"Indoor Furnishing",0,0,"HousingLayoutLimit#0",0,"Morbol Bookshelf",False,False
196745,137,"Indoor Furnishing",0,0,"HousingLayoutLimit#0",0,"Morbol Chair",False,False
196746,138,"Indoor Furnishing",0,0,"HousingLayoutLimit#0",0,"Morbol Screen",False,False
196747,139,"Rug",0,0,"HousingLayoutLimit#0",0,"Riviera Rug",False,False
196748,140,"Table",0,0,"HousingLayoutLimit#17",0,"Diagnostics Module",True,False
196749,141,"Indoor Furnishing",0,0,"HousingLayoutLimit#0",0,"Seating Module",True,False
196750,142,"Indoor Furnishing",0,0,"HousingLayoutLimit#0",0,"Tonberry Armchair",False,False
196751,143,"Table-top",0,0,"HousingLayoutLimit#0",0,"Riviera Flower Vase",False,False
196752,144,"Table-top",0,0,"HousingLayoutLimit#0",0,"Oasis Flower Vase",False,False
196753,145,"Table-top",0,0,"HousingLayoutLimit#0",0,"Glade Flower Vase",False,False
196754,146,"Indoor Furnishing",0,0,"HousingLayoutLimit#0",0,"Riviera Floor Lamp",False,False
196755,147,"Indoor Furnishing",0,0,"HousingLayoutLimit#0",0,"Oasis Floor Lamp",False,False
196756,148,"Indoor Furnishing",0,0,"HousingLayoutLimit#0",0,"Glade Floor Lamp",False,False
196757,149,"Table-top",0,0,"HousingLayoutLimit#0",0,"Potted Axilflower",False,False
196758,150,"Table-top",0,0,"HousingLayoutLimit#0",0,"Potted Spider Plant",False,False
196759,151,"Table-top",0,0,"HousingLayoutLimit#0",0,"Potted Azalea",False,False
196760,152,"Wall-mounted",0,0,"HousingLayoutLimit#0",0,"Ul'dahn Cityscape",False,False
196761,153,"Wall-mounted",0,0,"HousingLayoutLimit#0",0,"Gridanian Cityscape",False,False
196762,154,"Indoor Furnishing",0,0,"HousingLayoutLimit#0",0,"Glade Wardrobe",False,False
196763,155,"Indoor Furnishing",0,0,"HousingLayoutLimit#0",0,"Riviera Armchair",False,False
196764,156,"Indoor Furnishing",0,0,"HousingLayoutLimit#0",0,"Oasis Armchair",False,False
196765,157,"Indoor Furnishing",0,0,"HousingLayoutLimit#0",0,"Glade Armchair",False,False
196766,158,"Indoor Furnishing",0,0,"HousingLayoutLimit#0",0,"Riviera Couch",False,False
196767,159,"Indoor Furnishing",0,0,"HousingLayoutLimit#0",0,"Oasis Couch",False,False
196768,160,"Indoor Furnishing",0,0,"HousingLayoutLimit#0",0,"Glade Bed",False,False
196769,161,"Indoor Furnishing",0,0,"HousingLayoutLimit#0",0,"Oasis Bench",False,False
196770,162,"Indoor Furnishing",0,0,"HousingLayoutLimit#0",0,"Oasis Wardrobe",False,False
196771,163,"Indoor Furnishing",0,0,"HousingLayoutLimit#0",0,"Riviera Wardrobe",False,False
196772,164,"Table",0,0,"HousingLayoutLimit#0",0,"Riviera Stall",False,False
196773,165,"Table",0,0,"HousingLayoutLimit#0",0,"Glade Stall",False,False
196774,166,"Table",0,0,"HousingLayoutLimit#0",0,"Riviera Counter",False,False
196775,167,"Table",0,0,"HousingLayoutLimit#0",0,"Oasis Counter",False,False
196776,168,"Table",0,0,"HousingLayoutLimit#0",0,"Glade Counter",False,False
196777,169,"Table",0,0,"HousingLayoutLimit#0",0,"Riviera Table",False,False
196778,170,"Table",0,0,"HousingLayoutLimit#0",0,"Oasis Table",False,False
196779,171,"Table",0,0,"HousingLayoutLimit#0",0,"Glade Table",False,False
196780,172,"Table",0,0,"HousingLayoutLimit#0",0,"Oasis Dining Table",False,False
196781,173,"Table",0,0,"HousingLayoutLimit#0",0,"Glade Dining Table",False,False
196782,174,"Table",0,0,"HousingLayoutLimit#0",0,"Riviera Desk",False,False
196783,175,"Table",0,0,"HousingLayoutLimit#0",0,"Oasis Desk",False,False
196784,176,"Table",0,0,"HousingLayoutLimit#0",0,"Glade Desk",False,False
196785,177,"Indoor Furnishing",0,0,"HousingLayoutLimit#0",0,"Riviera Bookshelf",False,False
196786,178,"Indoor Furnishing",0,0,"HousingLayoutLimit#0",0,"Oasis Bookshelf",False,False
196787,179,"Indoor Furnishing",0,0,"HousingLayoutLimit#0",0,"Glade Bookshelf",False,False
196788,180,"Indoor Furnishing",0,0,"HousingLayoutLimit#0",0,"Riviera Cupboard",False,False
196789,181,"Indoor Furnishing",0,0,"HousingLayoutLimit#0",0,"Oasis Cupboard",False,False
196790,182,"Indoor Furnishing",0,0,"HousingLayoutLimit#0",0,"Glade Cupboard",False,False
196791,183,"Table-top",0,0,"HousingLayoutLimit#0",0,"Table Chronometer",False,False
196792,184,"Table-top",0,0,"HousingLayoutLimit#0",0,"Gemscope",False,False
196793,185,"Wall-mounted",0,0,"HousingLayoutLimit#0",0,"Wall Chronometer",False,False
196794,186,"Wall-mounted",0,0,"HousingLayoutLimit#16",0,"Behemoth Wall Trophy",True,False
196795,187,"Indoor Furnishing",0,0,"HousingLayoutLimit#0",0,"Tonberry Couch",False,False
196796,188,"Indoor Furnishing",0,0,"HousingLayoutLimit#0",0,"Tonberry Bookshelf",False,False
196797,189,"Indoor Furnishing",0,0,"HousingLayoutLimit#0",0,"Tonberry Bed",False,False
196798,190,"Indoor Furnishing",0,0,"HousingLayoutLimit#0",0,"Tonberry Screen",False,False
196799,191,"Wall-mounted",0,0,"HousingLayoutLimit#0",0,"Tonberry Wall Lantern",False,False
196800,192,"Rug",0,0,"HousingLayoutLimit#0",0,"Tonberry Oval Rug",False,False
196801,193,"Indoor Furnishing",0,0,"HousingLayoutLimit#0",0,"Lalafellin Step Stool",False,False
196802,194,"Table-top",0,0,"HousingLayoutLimit#0",0,"Stuffed Ahriman",False,False
196803,195,"Table-top",0,0,"HousingLayoutLimit#0",0,"Ahriman Vase",False,False
196804,196,"Table",0,0,"HousingLayoutLimit#0",0,"Carbuncle Round Table",False,False
196805,197,"Indoor Furnishing",0,0,"HousingLayoutLimit#0",0,"Carbuncle Armchair",False,False
196806,198,"Table",0,0,"HousingLayoutLimit#0",0,"Carbuncle Desk",False,False
196807,199,"Indoor Furnishing",0,0,"HousingLayoutLimit#0",0,"Carbuncle Chair",False,False
196808,200,"Indoor Furnishing",0,0,"HousingLayoutLimit#0",0,"Carbuncle Wardrobe",False,False
196809,201,"Rug",0,0,"HousingLayoutLimit#0",0,"Carbuncle Rug",False,False
196810,202,"Wall-mounted",0,0,"HousingLayoutLimit#0",0,"Carbuncle Chronometer",False,False
196811,203,"Table-top",0,0,"HousingLayoutLimit#0",0,"Carbuncle Lantern",False,False
196812,204,"Wall-mounted",0,0,"HousingLayoutLimit#0",0,"Admiral Portrait",False,False
196813,205,"Wall-mounted",0,0,"HousingLayoutLimit#0",0,"Sultana and Flame General Portrait",False,False
196814,206,"Wall-mounted",0,0,"HousingLayoutLimit#0",0,"Elder Seedseer Portrait",False,False
196815,207,"",0,0,"HousingLayoutLimit#0",0,"",False,False
196816,208,"Indoor Furnishing",0,0,"HousingLayoutLimit#0",0,"Looming Tonberry Screen",False,False
196817,209,"Rug",0,0,"HousingLayoutLimit#0",0,"Tonberry Square Rug",False,False
196818,210,"Indoor Furnishing",9,1,"HousingLayoutLimit#36",721112,"Level 1 Aetherial Wheel Stand",False,False
196819,211,"Rug",0,0,"HousingLayoutLimit#26",721037,"Projection Module",True,False
196820,212,"",0,0,"HousingLayoutLimit#0",0,"",False,False
196821,213,"",0,0,"HousingLayoutLimit#0",0,"",False,False
196822,214,"",0,0,"HousingLayoutLimit#0",0,"",False,False
196823,215,"",0,0,"HousingLayoutLimit#0",0,"",False,False
196824,216,"",0,0,"HousingLayoutLimit#0",0,"",False,False
196825,217,"",0,0,"HousingLayoutLimit#0",0,"",False,False
196826,218,"",0,0,"HousingLayoutLimit#0",0,"",False,False
196827,219,"",0,0,"HousingLayoutLimit#0",0,"",False,False
196828,220,"",0,0,"HousingLayoutLimit#0",0,"",False,False
196829,221,"",0,0,"HousingLayoutLimit#0",0,"",False,False
196830,222,"",0,0,"HousingLayoutLimit#0",0,"",False,False
196831,223,"",0,0,"HousingLayoutLimit#0",0,"",False,False
196832,224,"Rug",0,0,"HousingLayoutLimit#27",721037,"Purification Module",True,False
196833,225,"Indoor Furnishing",9,2,"HousingLayoutLimit#36",721112,"Level 2 Aetherial Wheel Stand",False,False
196834,226,"Indoor Furnishing",9,3,"HousingLayoutLimit#36",721112,"Level 3 Aetherial Wheel Stand",False,False
196835,227,"Indoor Furnishing",9,4,"HousingLayoutLimit#36",721112,"",False,False
196836,228,"Indoor Furnishing",9,5,"HousingLayoutLimit#36",721112,"",False,False
196837,229,"Indoor Furnishing",9,6,"HousingLayoutLimit#36",721112,"",False,False
196838,230,"Table",0,0,"HousingLayoutLimit#0",0,"Eorzean Map Table",False,False
196839,231,"Table-top",0,0,"HousingLayoutLimit#0",0,"Dragon Piece",False,False
196840,232,"Table-top",0,0,"HousingLayoutLimit#0",0,"Wyvern Piece",False,False
196841,233,"Table-top",0,0,"HousingLayoutLimit#0",0,"Vigil Piece",False,False
196842,234,"Table-top",0,0,"HousingLayoutLimit#0",0,"Temple Knight Piece",False,False
196843,235,"Table-top",0,0,"HousingLayoutLimit#0",0,"Dragoon Piece",False,False
196844,236,"Indoor Furnishing",0,0,"HousingLayoutLimit#0",721037,"Manor Harpsichord",False,False
196845,237,"Indoor Furnishing",0,0,"HousingLayoutLimit#0",0,"Manor Music Stool",False,False
196846,238,"Indoor Furnishing",0,0,"HousingLayoutLimit#0",721037,"Manor Timpani",False,False
196847,239,"Indoor Furnishing",0,0,"HousingLayoutLimit#0",721037,"Manor Marching Horn",False,False
196848,240,"Indoor Furnishing",0,0,"HousingLayoutLimit#0",721037,"Manor Cello",False,False
196849,241,"Indoor Furnishing",0,0,"HousingLayoutLimit#0",721037,"Manor Harp",False,False
196850,242,"Indoor Furnishing",0,0,"HousingLayoutLimit#0",0,"Manor Music Stand",False,False
196851,243,"Indoor Furnishing",3,1,"HousingLayoutLimit#21",0,"Material Supplier Permit",True,False
196852,244,"Wall-mounted",0,0,"HousingLayoutLimit#0",0,"Sultana Portrait",False,False
196853,245,"Indoor Furnishing",3,2,"HousingLayoutLimit#21",0,"Junkmonger Permit",True,False
196854,246,"Indoor Furnishing",3,3,"HousingLayoutLimit#21",0,"",True,False
196855,247,"Indoor Furnishing",3,4,"HousingLayoutLimit#21",0,"Mender Permit",True,False
196856,248,"Wall-mounted",0,0,"HousingLayoutLimit#0",0,"Riviera Wall Shelf",False,False
196857,249,"Table-top",8,1,"HousingLayoutLimit#0",721109,"Gourmet Lunch",True,False
196858,250,"Table-top",8,2,"HousingLayoutLimit#0",721109,"Gourmet Supper",True,False
196859,251,"Table-top",8,3,"HousingLayoutLimit#0",721109,"Afternoon Tea Set",True,False
196860,252,"Table-top",8,4,"HousingLayoutLimit#0",721109,"Assorted Fruit",True,False
196861,253,"Table-top",8,5,"HousingLayoutLimit#0",721109,"Chilled Red",True,False
196862,254,"Table-top",0,0,"HousingLayoutLimit#0",0,"The Five Ages",False,False
196863,255,"Table-top",0,0,"HousingLayoutLimit#0",0,"Classified Documents",False,False
196864,256,"Table-top",0,0,"HousingLayoutLimit#0",0,"Stuffed Goblin",False,False
196865,257,"Table-top",0,0,"HousingLayoutLimit#0",0,"Ultima Weapon Miniature",False,False
196866,258,"Wall-mounted",0,0,"HousingLayoutLimit#0",0,"Onus of an Engineer",False,False
196867,259,"Wall-mounted",0,0,"HousingLayoutLimit#0",0,"Enquire Within",False,False
196868,260,"Wall-mounted",0,0,"HousingLayoutLimit#0",0,"Wall Planter",False,False
196869,261,"Table-top",0,0,"HousingLayoutLimit#0",0,"Encyclopedia Eorzea",False,False
196870,262,"Indoor Furnishing",0,0,"HousingLayoutLimit#0",0,"Open Hearth",False,False
196871,263,"Table",0,0,"HousingLayoutLimit#0",0,"Riviera Half Partition",False,False
196872,264,"Indoor Furnishing",0,0,"HousingLayoutLimit#0",0,"Potted Umbrella Fig",False,False
196873,265,"Indoor Furnishing",0,0,"HousingLayoutLimit#0",0,"Potted Dragon Tree",False,False
196874,266,"Table-top",0,0,"HousingLayoutLimit#0",0,"Model Star Globe",False,False
196875,267,"Rug",0,0,"HousingLayoutLimit#0",0,"Tatami Mat",False,False
196876,268,"Table",0,0,"HousingLayoutLimit#0",0,"Corner Counter",False,False
196877,269,"Indoor Furnishing",0,0,"HousingLayoutLimit#0",0,"Planter Partition",False,False
196878,270,"Indoor Furnishing",0,0,"HousingLayoutLimit#29",721037,"Plasma Lamp",True,False
196879,271,"Indoor Furnishing",0,0,"HousingLayoutLimit#32",721037,"Lord of Levin Lamp",True,False
196880,272,"Indoor Furnishing",0,0,"HousingLayoutLimit#31",0,"Emperor's Throne",True,False
196881,273,"Rug",0,0,"HousingLayoutLimit#0",0,"Riviera Doormat",False,False
196882,274,"Indoor Furnishing",0,0,"HousingLayoutLimit#0",0,"Double Feather Bed",False,False
196883,275,"Indoor Furnishing",0,0,"HousingLayoutLimit#0",0,"Chocobo Pillar",False,False
196884,276,"Indoor Furnishing",0,0,"HousingLayoutLimit#0",0,"Riviera Cushion",False,False
196885,277,"Indoor Furnishing",0,0,"HousingLayoutLimit#0",0,"Glade Cushion",False,False
196886,278,"Indoor Furnishing",0,0,"HousingLayoutLimit#0",0,"Oasis Cushion",False,False
196887,279,"Indoor Furnishing",0,0,"HousingLayoutLimit#0",0,"South Seas Armchair",False,False
196888,280,"Indoor Furnishing",0,0,"HousingLayoutLimit#0",0,"South Seas Couch",False,False
196889,281,"Indoor Furnishing",0,0,"HousingLayoutLimit#0",0,"Riviera Canopy Bed",False,False
196890,282,"Indoor Furnishing",0,0,"HousingLayoutLimit#0",0,"Glade Canopy Bed",False,False
196891,283,"Indoor Furnishing",0,0,"HousingLayoutLimit#0",0,"Oasis Canopy Bed",False,False
196892,284,"Indoor Furnishing",0,0,"HousingLayoutLimit#0",0,"Potted Oliphaunt's Ear",False,False
196893,285,"Indoor Furnishing",0,0,"HousingLayoutLimit#0",721037,"Shower Stand",False,False
196894,286,"Table",0,0,"HousingLayoutLimit#0",0,"Riviera Open-shelf Bookcase",False,False
196895,287,"Table",0,0,"HousingLayoutLimit#0",0,"Glade Open-shelf Bookcase",False,False
196896,288,"Table",0,0,"HousingLayoutLimit#0",0,"Oasis Open-shelf Bookcase",False,False
196897,289,"Table-top",0,0,"HousingLayoutLimit#0",721037,"Incensory",False,False
196898,290,"Table-top",0,0,"HousingLayoutLimit#0",0,"Sheep Dolls",False,False
196899,291,"Table-top",0,0,"HousingLayoutLimit#0",0,"Hard Rice Cakes",False,False
196900,292,"Table-top",0,0,"HousingLayoutLimit#0",0,"Stuffed Qiqirn",False,False
196901,293,"Table-top",8,6,"HousingLayoutLimit#0",721109,"Starlight Dodo",True,False
196902,294,"Wall-mounted",0,0,"HousingLayoutLimit#0",0,"Stuffed Mazlaya Marlin",False,False
196903,295,"Wall-mounted",0,0,"HousingLayoutLimit#0",0,"Megalodon Jaws",False,False
196904,296,"Wall-mounted",0,0,"HousingLayoutLimit#0",0,"Stuffed Takitaro",False,False
196905,297,"Wall-mounted",0,0,"HousingLayoutLimit#0",0,"Starlight Wreath",False,False
196906,298,"Wall-mounted",0,0,"HousingLayoutLimit#0",0,"Towel Hanger",False,False
196907,299,"Rug",0,0,"HousingLayoutLimit#0",0,"Glade Doormat",False,False
196908,300,"Rug",0,0,"HousingLayoutLimit#0",0,"Oasis Doormat",False,False
196909,301,"Indoor Furnishing",0,0,"HousingLayoutLimit#33",721037,"Head of the Dreadwyrm",True,False
196910,302,"Indoor Furnishing",0,0,"HousingLayoutLimit#34",721037,"Syrcus Tower",True,False
196911,303,"Indoor Furnishing",0,0,"HousingLayoutLimit#0",0,"Riviera Stool",False,False
196912,304,"Indoor Furnishing",0,0,"HousingLayoutLimit#0",0,"Glade Stool",False,False
196913,305,"Indoor Furnishing",0,0,"HousingLayoutLimit#0",0,"Oasis Stool",False,False
196914,306,"Indoor Furnishing",0,0,"HousingLayoutLimit#35",720978,"Armoire",True,False
196915,307,"Indoor Furnishing",0,0,"HousingLayoutLimit#0",0,"Masonwork Stove",False,False
196916,308,"Table",0,0,"HousingLayoutLimit#0",0,"Shipping Crate",False,False
196917,309,"Table",0,0,"HousingLayoutLimit#0",0,"Wine Barrel",False,False
196918,310,"Table-top",0,0,"HousingLayoutLimit#0",0,"Odin Miniature",False,False
196919,311,"Table-top",0,0,"HousingLayoutLimit#0",0,"Bahamut Miniature",False,False
196920,312,"Table-top",0,0,"HousingLayoutLimit#0",0,"",False,False
196921,313,"Table-top",8,7,"HousingLayoutLimit#0",721109,"Starlight Cake",True,False
196922,314,"Indoor Furnishing",0,0,"HousingLayoutLimit#0",0,"Eternity Cake",False,False
196923,315,"Wall-mounted",0,0,"HousingLayoutLimit#0",0,"The Antecedent",False,False
196924,316,"Wall-mounted",0,0,"HousingLayoutLimit#0",0,"A Northerly Wind",False,False
196925,317,"Wall-mounted",0,0,"HousingLayoutLimit#0",0,"Adventurers' Guild Aduyses",False,False
196926,318,"Rug",0,0,"HousingLayoutLimit#0",0,"Large Woven Rug",False,False
196927,319,"Wall-mounted",0,0,"HousingLayoutLimit#0",0,"Wall Lantern",False,False
196928,320,"Indoor Furnishing",0,0,"HousingLayoutLimit#0",0,"Manor Sofa",False,False
196929,321,"Table-top",0,0,"HousingLayoutLimit#0",0,"Stuffed Tonberry",False,False
196930,322,"Indoor Furnishing",0,0,"HousingLayoutLimit#0",0,"Empty Twinkleboxes",False,False
196931,323,"Table-top",0,0,"HousingLayoutLimit#0",0,"Pine Bonsai",False,False
196932,324,"Indoor Furnishing",0,0,"HousingLayoutLimit#0",0,"Large Wall Chronometer",False,False
196933,325,"Indoor Furnishing",0,0,"HousingLayoutLimit#39",0,"Oriental Bathtub"{{{STRING}}},False,False
196934,326,"Indoor Furnishing",0,0,"HousingLayoutLimit#0",0,"Frolicking Beasts",False,False
196935,327,"Indoor Furnishing",0,0,"HousingLayoutLimit#0",0,"",False,False
196936,328,"Table",0,0,"HousingLayoutLimit#0",0,"Kotatsu Table",False,False
196937,329,"Indoor Furnishing",0,0,"HousingLayoutLimit#0",0,"Alpine Chair",False,False
196938,330,"Table",0,0,"HousingLayoutLimit#0",0,"Alpine Round Table",False,False
196939,331,"Table-top",8,13,"HousingLayoutLimit#0",721109,"Alpine Tea Set",True,False
196940,332,"",0,0,"HousingLayoutLimit#0",0,"",False,False
196941,333,"",0,0,"HousingLayoutLimit#0",0,"",False,False
196942,334,"",0,0,"HousingLayoutLimit#0",0,"",False,False
196943,335,"",0,0,"HousingLayoutLimit#0",0,"",False,False
196944,336,"",0,0,"HousingLayoutLimit#0",0,"",False,False
196945,337,"",0,0,"HousingLayoutLimit#0",0,"",False,False
196946,338,"",0,0,"HousingLayoutLimit#0",0,"",False,False
196947,339,"",0,0,"HousingLayoutLimit#0",0,"",False,False
196948,340,"",0,0,"HousingLayoutLimit#0",0,"",False,False
196949,341,"Table-top",0,0,"HousingLayoutLimit#0",0,"Wax Vegetables",False,False
196950,342,"Table",0,0,"HousingLayoutLimit#0",0,"Guildleve Counter",False,False
196951,343,"Indoor Furnishing",0,0,"HousingLayoutLimit#0",0,"Egg Floor Lamp",False,False
196952,344,"Table-top",8,8,"HousingLayoutLimit#0",721109,"Glade Tea Set",True,False
196953,345,"Table-top",8,9,"HousingLayoutLimit#0",721109,"Riviera Supper",True,False
196954,346,"Table-top",8,10,"HousingLayoutLimit#0",721109,"Oasis Breakfast",True,False
196955,347,"Table-top",0,0,"HousingLayoutLimit#0",0,"Scattered Documents",False,False
196956,348,"Wall-mounted",0,0,"HousingLayoutLimit#0",0,"Oriental Altar",False,False
196957,349,"Wall-mounted",0,0,"HousingLayoutLimit#0",0,"Oriental Wall Scroll",False,False
196958,350,"Indoor Furnishing",0,0,"HousingLayoutLimit#0",0,"Oriental Partition",False,False
196959,351,"Indoor Furnishing",0,0,"HousingLayoutLimit#0",0,"Dead Man's Chest",False,False
196960,352,"Indoor Furnishing",0,0,"HousingLayoutLimit#0",0,"Oak Low Barrel Planter",False,False
196961,353,"",0,0,"HousingLayoutLimit#0",0,"",False,False
196962,354,"",0,0,"HousingLayoutLimit#0",0,"",False,False
196963,355,"Table-top",8,11,"HousingLayoutLimit#0",721109,"Valentione's Cake",True,False
196964,356,"Indoor Furnishing",0,0,"HousingLayoutLimit#0",0,"Royal Partition",False,False
196965,357,"Table",0,0,"HousingLayoutLimit#0",0,"Order of Nald'thal Lectern",False,False
196966,358,"Table-top",8,12,"HousingLayoutLimit#0",721109,"Green Tea Set",True,False
196967,359,"Table-top",0,0,"HousingLayoutLimit#0",0,"Stuffed Carbuncle",False,False
196968,360,"Table-top",8,14,"HousingLayoutLimit#0",721109,"Oriental Breakfast",True,False
196969,361,"Table-top",8,15,"HousingLayoutLimit#0",721109,"Nameday Cake",True,False
196970,362,"Table-top",8,16,"HousingLayoutLimit#0",721109,"Cake Tray",True,False
196971,363,"Table-top",8,17,"HousingLayoutLimit#0",721109,"Oriental Supper",True,False
196972,364,"Table-top",8,18,"HousingLayoutLimit#0",721109,"Riviera Lunch",True,False
196973,365,"",0,0,"HousingLayoutLimit#0",0,"",False,False
196974,366,"",0,0,"HousingLayoutLimit#0",0,"",False,False
196975,367,"",0,0,"HousingLayoutLimit#0",0,"",False,False
196976,368,"Wall-mounted",0,0,"HousingLayoutLimit#0",0,"",False,False
196977,369,"Table-top",0,0,"HousingLayoutLimit#40",721096,"Toy Box",False,False
196978,370,"",0,0,"HousingLayoutLimit#0",0,"",False,False
196979,371,"",0,0,"HousingLayoutLimit#0",0,"",False,False
196980,372,"Table",0,0,"HousingLayoutLimit#0",0,"Glade Half Partition",False,False
196981,373,"Table",0,0,"HousingLayoutLimit#0",0,"Oasis Half Partition",False,False
196982,374,"Table",0,0,"HousingLayoutLimit#0",0,"Cask Rack",False,False
196983,375,"Table",0,0,"HousingLayoutLimit#0",0,"Display Stand",False,False
196984,376,"Indoor Furnishing",0,0,"HousingLayoutLimit#0",0,"Miniature Gold Saucer",False,False
196985,377,"Table",0,0,"HousingLayoutLimit#0",0,"Royal Plotting Table",False,False
196986,378,"Table",0,0,"HousingLayoutLimit#0",0,"Round Banquet Table",False,False
196987,379,"Table",0,0,"HousingLayoutLimit#0",0,"Gold Saucer Corner Counter",False,False
196988,380,"Rug",0,0,"HousingLayoutLimit#0",0,"Bearskin Rug",False,False
196989,381,"Table",0,0,"HousingLayoutLimit#41",721037,"Gordian Bureau",True,False
196990,382,"Table",0,0,"HousingLayoutLimit#42",721037,"",True,False
196991,383,"Indoor Furnishing",0,0,"HousingLayoutLimit#43",721037,"Gordian Chair",True,False
196992,384,"Indoor Furnishing",0,0,"HousingLayoutLimit#44",721037,"",True,False
196993,385,"Table-top",0,0,"HousingLayoutLimit#0",721037,"Star Sapphire Music Box",False,False
196994,386,"Table-top",0,0,"HousingLayoutLimit#0",721037,"Star Ruby Music Box",False,False
196995,387,"",0,0,"HousingLayoutLimit#0",0,"",False,False
196996,388,"",0,0,"HousingLayoutLimit#0",0,"",False,False
196997,389,"",0,0,"HousingLayoutLimit#0",0,"",False,False
196998,390,"",0,0,"HousingLayoutLimit#0",0,"",False,False
196999,391,"",0,0,"HousingLayoutLimit#0",0,"",False,False
197000,392,"",0,0,"HousingLayoutLimit#0",0,"",False,False
197001,393,"",0,0,"HousingLayoutLimit#0",0,"",False,False
197002,394,"",0,0,"HousingLayoutLimit#0",0,"",False,False
197003,395,"Table-top",10,0,"HousingLayoutLimit#0",0,"Triple Triad Board",False,False
197004,396,"",0,0,"HousingLayoutLimit#0",0,"",False,False
197005,397,"",0,0,"HousingLayoutLimit#0",0,"",False,False
197006,398,"",0,0,"HousingLayoutLimit#0",0,"",False,False
197007,399,"",0,0,"HousingLayoutLimit#0",0,"",False,False
197008,400,"",0,0,"HousingLayoutLimit#0",0,"",False,False
197009,401,"",0,0,"HousingLayoutLimit#0",0,"",False,False
197010,402,"",0,0,"HousingLayoutLimit#0",0,"",False,False
197011,403,"",0,0,"HousingLayoutLimit#0",0,"",False,False
197012,404,"",0,0,"HousingLayoutLimit#0",0,"",False,False
197013,405,"",0,0,"HousingLayoutLimit#0",0,"",False,False
197014,406,"",0,0,"HousingLayoutLimit#0",0,"",False,False
197015,407,"",0,0,"HousingLayoutLimit#0",0,"",False,False
197016,408,"",0,0,"HousingLayoutLimit#0",0,"",False,False
197017,0,"",0,0,"HousingLayoutLimit#0",0,"",False,False
197018,0,"",0,0,"HousingLayoutLimit#0",0,"",False,False
197019,0,"",0,0,"HousingLayoutLimit#0",0,"",False,False
197020,0,"",0,0,"HousingLayoutLimit#0",0,"",False,False
197021,0,"",0,0,"HousingLayoutLimit#0",0,"",False,False
197022,0,"",0,0,"HousingLayoutLimit#0",0,"",False,False
197023,0,"",0,0,"HousingLayoutLimit#0",0,"",False,False
197024,0,"",0,0,"HousingLayoutLimit#0",0,"",False,False
197025,0,"",0,0,"HousingLayoutLimit#0",0,"",False,False
197026,0,"",0,0,"HousingLayoutLimit#0",0,"",False,False
197027,0,"",0,0,"HousingLayoutLimit#0",0,"",False,False
197028,0,"",0,0,"HousingLayoutLimit#0",0,"",False,False
197029,0,"",0,0,"HousingLayoutLimit#0",0,"",False,False
197030,0,"",0,0,"HousingLayoutLimit#0",0,"",False,False
197031,0,"",0,0,"HousingLayoutLimit#0",0,"",False,False
197032,0,"",0,0,"HousingLayoutLimit#0",0,"",False,False
197033,0,"",0,0,"HousingLayoutLimit#0",0,"",False,False
197034,0,"",0,0,"HousingLayoutLimit#0",0,"",False,False
197035,0,"",0,0,"HousingLayoutLimit#0",0,"",False,False
197036,0,"",0,0,"HousingLayoutLimit#0",0,"",False,False
197037,0,"",0,0,"HousingLayoutLimit#0",0,"",False,False
197038,0,"",0,0,"HousingLayoutLimit#0",0,"",False,False
197039,0,"",0,0,"HousingLayoutLimit#0",0,"",False,False
197040,0,"",0,0,"HousingLayoutLimit#0",0,"",False,False
197041,0,"",0,0,"HousingLayoutLimit#0",0,"",False,False
197042,0,"",0,0,"HousingLayoutLimit#0",0,"",False,False
197043,0,"",0,0,"HousingLayoutLimit#0",0,"",False,False
197044,0,"",0,0,"HousingLayoutLimit#0",0,"",False,False
197045,0,"",0,0,"HousingLayoutLimit#0",0,"",False,False
197046,0,"",0,0,"HousingLayoutLimit#0",0,"",False,False
197047,0,"",0,0,"HousingLayoutLimit#0",0,"",False,False
197048,0,"",0,0,"HousingLayoutLimit#0",0,"",False,False
197049,0,"",0,0,"HousingLayoutLimit#0",0,"",False,False
197050,0,"",0,0,"HousingLayoutLimit#0",0,"",False,False
197051,0,"",0,0,"HousingLayoutLimit#0",0,"",False,False
197052,0,"",0,0,"HousingLayoutLimit#0",0,"",False,False
197053,0,"",0,0,"HousingLayoutLimit#0",0,"",False,False
197054,0,"",0,0,"HousingLayoutLimit#0",0,"",False,False
197055,0,"",0,0,"HousingLayoutLimit#0",0,"",False,False
197056,0,"",0,0,"HousingLayoutLimit#0",0,"",False,False
197057,0,"",0,0,"HousingLayoutLimit#0",0,"",False,False
197058,0,"",0,0,"HousingLayoutLimit#0",0,"",False,False
197059,0,"",0,0,"HousingLayoutLimit#0",0,"",False,False
197060,0,"",0,0,"HousingLayoutLimit#0",0,"",False,False
