﻿key,0,1,2,3,4
#,Name,Icon,Category,Order,ClassJob
int32,str,Image,byte,byte,ClassJob
0,"","ui/icon/000000/000000.tex",0,0,"Adventurer"
1,"Primary Arms","ui/icon/060000/060102.tex",0,0,"Adventurer"
2,"Primary Tools","ui/icon/060000/060113.tex",0,0,"Adventurer"
3,"Primary Tools","ui/icon/060000/060120.tex",0,0,"Adventurer"
4,"Armor","ui/icon/060000/060126.tex",0,0,"Adventurer"
5,"Accessories","ui/icon/060000/060135.tex",0,0,"Adventurer"
6,"Medicines","ui/icon/060000/060136.tex",0,0,"Adventurer"
7,"Materials","ui/icon/060000/060137.tex",0,0,"Adventurer"
8,"Other","ui/icon/060000/060159.tex",0,0,"Adventurer"
9,"Pugilist's Arms","ui/icon/060000/060101.tex",1,1,"Pugilist"
10,"Gladiator's Arms","ui/icon/060000/060102.tex",1,0,"Gladiator"
11,"Marauder's Arms","ui/icon/060000/060103.tex",1,2,"Marauder"
12,"Archer's Arms","ui/icon/060000/060105.tex",1,4,"Archer"
13,"Lancer's Arms","ui/icon/060000/060104.tex",1,3,"Lancer"
14,"Thaumaturge's Arms","ui/icon/060000/060108.tex",1,9,"Thaumaturge"
15,"Conjurer's Arms","ui/icon/060000/060107.tex",1,8,"Conjurer"
16,"Arcanist's Arms","ui/icon/060000/060109.tex",1,10,"Arcanist"
17,"Shields","ui/icon/060000/060110.tex",2,0,"Adventurer"
18,"Throwing Weapons","ui/icon/060000/060111.tex",0,0,"Adventurer"
19,"Carpenter's Tools","ui/icon/060000/060112.tex",1,12,"Carpenter"
20,"Blacksmith's Tools","ui/icon/060000/060113.tex",1,13,"Blacksmith"
21,"Armorer's Tools","ui/icon/060000/060114.tex",1,14,"Armorer"
22,"Goldsmith's Tools","ui/icon/060000/060115.tex",1,15,"Goldsmith"
23,"Leatherworker's Tools","ui/icon/060000/060116.tex",1,16,"Leatherworker"
24,"Weaver's Tools","ui/icon/060000/060117.tex",1,17,"Weaver"
25,"Alchemist's Tools","ui/icon/060000/060118.tex",1,18,"Alchemist"
26,"Culinarian's Tools","ui/icon/060000/060119.tex",1,19,"Culinarian"
27,"Miner's Tools","ui/icon/060000/060120.tex",1,20,"Miner"
28,"Botanist's Tools","ui/icon/060000/060121.tex",1,21,"Botanist"
29,"Fisher's Tools","ui/icon/060000/060122.tex",1,22,"Fisher"
30,"Fishing Tackle","ui/icon/060000/060123.tex",1,23,"Fisher"
31,"Head","ui/icon/060000/060124.tex",2,1,"Adventurer"
32,"Undershirts","ui/icon/060000/060125.tex",0,0,"Adventurer"
33,"Body","ui/icon/060000/060126.tex",2,2,"Adventurer"
34,"Undergarments","ui/icon/060000/060127.tex",0,0,"Adventurer"
35,"Legs","ui/icon/060000/060128.tex",2,3,"Adventurer"
36,"Hands","ui/icon/060000/060129.tex",2,4,"Adventurer"
37,"Feet","ui/icon/060000/060130.tex",2,5,"Adventurer"
38,"Waist","ui/icon/060000/060131.tex",2,6,"Adventurer"
39,"Necklaces","ui/icon/060000/060132.tex",2,8,"Adventurer"
40,"Earrings","ui/icon/060000/060133.tex",2,9,"Adventurer"
41,"Bracelets","ui/icon/060000/060134.tex",2,10,"Adventurer"
42,"Rings","ui/icon/060000/060135.tex",2,11,"Adventurer"
43,"Medicine","ui/icon/060000/060136.tex",3,0,"Adventurer"
44,"Ingredients","ui/icon/060000/060137.tex",3,1,"Adventurer"
45,"Meals","ui/icon/060000/060146.tex",3,2,"Adventurer"
46,"Seafood","ui/icon/060000/060138.tex",3,3,"Adventurer"
47,"Stone","ui/icon/060000/060139.tex",3,4,"Adventurer"
48,"Metal","ui/icon/060000/060140.tex",3,5,"Adventurer"
49,"Lumber","ui/icon/060000/060141.tex",3,6,"Adventurer"
50,"Cloth","ui/icon/060000/060142.tex",3,7,"Adventurer"
51,"Leather","ui/icon/060000/060143.tex",3,8,"Adventurer"
52,"Bone","ui/icon/060000/060144.tex",3,9,"Adventurer"
53,"Reagents","ui/icon/060000/060145.tex",3,10,"Adventurer"
54,"Dyes","ui/icon/060000/060147.tex",3,11,"Adventurer"
55,"Weapon Parts","ui/icon/060000/060148.tex",3,12,"Adventurer"
56,"Furnishings","ui/icon/060000/060164.tex",4,3,"Adventurer"
57,"Materia","ui/icon/060000/060150.tex",3,13,"Adventurer"
58,"Crystals","ui/icon/060000/060151.tex",3,14,"Adventurer"
59,"Catalysts","ui/icon/060000/060152.tex",3,15,"Adventurer"
60,"Miscellany","ui/icon/060000/060153.tex",3,16,"Adventurer"
61,"Soul Crystals","ui/icon/060000/060157.tex",0,0,"Adventurer"
62,"Arrows","ui/icon/060000/060153.tex",0,0,"Adventurer"
63,"Quest Items","ui/icon/060000/060158.tex",0,0,"Adventurer"
64,"Other","ui/icon/060000/060159.tex",0,0,"Adventurer"
65,"Exterior Fixtures","ui/icon/060000/060160.tex",4,0,"Adventurer"
66,"Interior Fixtures","ui/icon/060000/060161.tex",4,1,"Adventurer"
67,"Outdoor Furnishings","ui/icon/060000/060168.tex",4,2,"Adventurer"
68,"Chairs and Beds","ui/icon/060000/060165.tex",4,4,"Adventurer"
69,"Tables","ui/icon/060000/060162.tex",4,5,"Adventurer"
70,"Tabletop","ui/icon/060000/060163.tex",4,6,"Adventurer"
71,"Wall-mounted","ui/icon/060000/060166.tex",4,7,"Adventurer"
72,"Rugs","ui/icon/060000/060167.tex",4,8,"Adventurer"
73,"Rogue's Arms","ui/icon/060000/060106.tex",1,5,"Rogue"
74,"Seasonal Miscellany","ui/icon/060000/060154.tex",3,17,"Adventurer"
75,"Minions","ui/icon/060000/060155.tex",3,18,"Adventurer"
76,"Dark Knight's Arms","ui/icon/060000/060170.tex",1,6,"Dark Knight"
77,"Machinist's Arms","ui/icon/060000/060172.tex",1,7,"Machinist"
78,"Astrologian's Arms","ui/icon/060000/060171.tex",1,11,"Astrologian"
79,"Airship Components","ui/icon/060000/060169.tex",3,19,"Adventurer"
80,"","ui/icon/000000/000000.tex",0,0,"Adventurer"
81,"","ui/icon/000000/000000.tex",0,0,"Adventurer"
82,"","ui/icon/000000/000000.tex",0,0,"Adventurer"
83,"","ui/icon/000000/000000.tex",0,0,"Adventurer"
84,"","ui/icon/000000/000000.tex",0,0,"Adventurer"
85,"","ui/icon/000000/000000.tex",0,0,"Adventurer"
86,"","ui/icon/000000/000000.tex",0,0,"Adventurer"
87,"","ui/icon/000000/000000.tex",0,0,"Adventurer"
88,"","ui/icon/000000/000000.tex",0,0,"Adventurer"
89,"","ui/icon/000000/000000.tex",0,0,"Adventurer"
90,"","ui/icon/000000/000000.tex",0,0,"Adventurer"
91,"","ui/icon/000000/000000.tex",0,0,"Adventurer"
92,"","ui/icon/000000/000000.tex",0,0,"Adventurer"
93,"","ui/icon/000000/000000.tex",0,0,"Adventurer"
94,"","ui/icon/000000/000000.tex",0,0,"Adventurer"
95,"","ui/icon/000000/000000.tex",0,0,"Adventurer"
96,"","ui/icon/000000/000000.tex",0,0,"Adventurer"
97,"","ui/icon/000000/000000.tex",0,0,"Adventurer"
98,"","ui/icon/000000/000000.tex",0,0,"Adventurer"
99,"","ui/icon/000000/000000.tex",0,0,"Adventurer"
100,"","ui/icon/000000/000000.tex",0,0,"Adventurer"
