﻿key,0,1,2,3,4,5,6,7,8,9,10,11,12,13,14,15,16,17
#,BaseParam[0],IsRelative[0],Value[0],Max[0],Value{HQ}[0],Max{HQ}[0],BaseParam[1],IsRelative[1],Value[1],Max[1],Value{HQ}[1],Max{HQ}[1],BaseParam[2],IsRelative[2],Value[2],Max[2],Value{HQ}[2],Max{HQ}[2]
int32,BaseParam,bool,sbyte,sbyte,sbyte,sbyte,BaseParam,bool,sbyte,sbyte,sbyte,sbyte,BaseParam,bool,sbyte,sbyte,sbyte,sbyte
0,"",False,0,0,0,0,"",False,0,0,0,0,"",False,0,0,0,0
1,"",False,0,0,0,0,"",False,0,0,0,0,"",False,0,0,0,0
2,"",False,0,0,0,0,"",False,0,0,0,0,"",False,0,0,0,0
3,"",False,0,0,0,0,"",False,0,0,0,0,"",False,0,0,0,0
4,"",False,0,0,0,0,"",False,0,0,0,0,"",False,0,0,0,0
5,"",False,0,0,0,0,"",False,0,0,0,0,"",False,0,0,0,0
6,"Mind",True,16,12,20,15,"",False,0,0,0,0,"",False,0,0,0,0
7,"Intelligence",True,16,12,20,15,"",False,0,0,0,0,"",False,0,0,0,0
8,"Dexterity",True,16,12,20,15,"",False,0,0,0,0,"",False,0,0,0,0
9,"Vitality",True,16,12,20,15,"",False,0,0,0,0,"",False,0,0,0,0
10,"Strength",True,16,12,20,15,"",False,0,0,0,0,"",False,0,0,0,0
11,"",False,0,0,0,0,"",False,0,0,0,0,"",False,0,0,0,0
12,"Mind",True,16,27,20,34,"",False,0,0,0,0,"",False,0,0,0,0
13,"Intelligence",True,16,27,20,34,"",False,0,0,0,0,"",False,0,0,0,0
14,"Dexterity",True,16,27,20,34,"",False,0,0,0,0,"",False,0,0,0,0
15,"Vitality",True,16,28,20,35,"",False,0,0,0,0,"",False,0,0,0,0
16,"Strength",True,16,27,20,34,"",False,0,0,0,0,"",False,0,0,0,0
17,"Fire Resistance",True,16,22,20,27,"",False,0,0,0,0,"",False,0,0,0,0
18,"Water Resistance",True,16,22,20,27,"",False,0,0,0,0,"",False,0,0,0,0
19,"Wind Resistance",True,16,22,20,27,"",False,0,0,0,0,"",False,0,0,0,0
20,"Earth Resistance",True,16,22,20,27,"",False,0,0,0,0,"",False,0,0,0,0
21,"Lightning Resistance",True,16,22,20,27,"",False,0,0,0,0,"",False,0,0,0,0
22,"Ice Resistance",True,16,22,20,27,"",False,0,0,0,0,"",False,0,0,0,0
23,"Strength",True,20,34,20,34,"Dexterity",True,20,34,20,34,"Intelligence",True,20,34,20,34
24,"",False,0,0,0,0,"",False,0,0,0,0,"",False,0,0,0,0
25,"Mind",True,16,49,20,61,"",False,0,0,0,0,"",False,0,0,0,0
26,"Intelligence",True,16,49,20,61,"",False,0,0,0,0,"",False,0,0,0,0
27,"Dexterity",True,16,49,20,61,"",False,0,0,0,0,"",False,0,0,0,0
28,"Vitality",True,16,50,20,62,"",False,0,0,0,0,"",False,0,0,0,0
29,"Strength",True,16,49,20,61,"",False,0,0,0,0,"",False,0,0,0,0
30,"Fire Resistance",True,16,37,20,46,"",False,0,0,0,0,"",False,0,0,0,0
31,"Water Resistance",True,16,37,20,46,"",False,0,0,0,0,"",False,0,0,0,0
32,"Wind Resistance",True,16,37,20,46,"",False,0,0,0,0,"",False,0,0,0,0
33,"Earth Resistance",True,16,37,20,46,"",False,0,0,0,0,"",False,0,0,0,0
34,"Lightning Resistance",True,16,37,20,46,"",False,0,0,0,0,"",False,0,0,0,0
35,"Ice Resistance",True,16,37,20,46,"",False,0,0,0,0,"",False,0,0,0,0
36,"Mind",True,16,67,20,84,"",False,0,0,0,0,"",False,0,0,0,0
37,"Intelligence",True,16,67,20,84,"",False,0,0,0,0,"",False,0,0,0,0
38,"Dexterity",True,16,67,20,84,"",False,0,0,0,0,"",False,0,0,0,0
39,"Vitality",True,16,70,20,87,"",False,0,0,0,0,"",False,0,0,0,0
40,"Strength",True,16,67,20,84,"",False,0,0,0,0,"",False,0,0,0,0
41,"Fire Resistance",True,16,64,20,80,"",False,0,0,0,0,"",False,0,0,0,0
42,"Water Resistance",True,16,64,20,80,"",False,0,0,0,0,"",False,0,0,0,0
43,"Wind Resistance",True,16,64,20,80,"",False,0,0,0,0,"",False,0,0,0,0
44,"Earth Resistance",True,16,64,20,80,"",False,0,0,0,0,"",False,0,0,0,0
45,"Lightning Resistance",True,16,64,20,80,"",False,0,0,0,0,"",False,0,0,0,0
46,"Ice Resistance",True,16,64,20,80,"",False,0,0,0,0,"",False,0,0,0,0
47,"",False,0,0,0,0,"",False,0,0,0,0,"",False,0,0,0,0
48,"Vitality",False,1,0,1,0,"",False,0,0,0,0,"",False,0,0,0,0
49,"Vitality",False,1,0,1,0,"",False,0,0,0,0,"",False,0,0,0,0
50,"Vitality",True,8,2,10,3,"",False,0,0,0,0,"",False,0,0,0,0
51,"Vitality",True,8,2,10,3,"",False,0,0,0,0,"",False,0,0,0,0
52,"Vitality",True,6,8,7,10,"",False,0,0,0,0,"",False,0,0,0,0
53,"Vitality",True,4,10,5,12,"",False,0,0,0,0,"",False,0,0,0,0
54,"Determination",False,1,0,1,0,"Vitality",False,1,0,1,0,"Accuracy",False,1,0,1,0
55,"Determination",True,8,3,10,4,"Vitality",True,4,3,5,4,"Accuracy",True,2,2,2,3
56,"Determination",True,7,6,9,7,"Vitality",True,4,6,5,7,"Accuracy",True,2,4,2,5
57,"Determination",True,6,8,7,10,"Vitality",True,4,9,5,11,"Accuracy",True,2,6,2,7
58,"Determination",True,4,10,5,13,"Vitality",True,3,10,4,13,"Accuracy",True,2,6,2,8
59,"Determination",True,4,13,5,16,"Vitality",True,3,12,4,15,"Critical Hit Rate",True,2,8,2,10
60,"Determination",True,4,14,5,17,"Vitality",True,4,15,5,19,"Critical Hit Rate",True,2,9,2,11
61,"Piety",False,1,0,1,0,"Vitality",False,1,0,1,0,"Accuracy",False,1,0,1,0
62,"Piety",True,8,3,10,4,"Vitality",True,4,3,5,4,"Spell Speed",True,2,2,2,3
63,"Piety",True,7,4,9,5,"Vitality",True,4,4,5,5,"Spell Speed",True,2,3,2,4
64,"Piety",True,6,8,7,10,"Vitality",True,4,9,5,11,"Spell Speed",True,2,6,2,7
65,"Piety",True,4,11,5,14,"Vitality",True,3,12,4,15,"Spell Speed",True,2,8,2,10
66,"Piety",True,4,14,5,17,"Vitality",True,4,15,5,19,"Spell Speed",True,2,9,2,11
67,"Piety",True,4,18,5,22,"Vitality",True,5,20,6,25,"Determination",True,2,9,3,11
68,"Spell Speed",True,8,2,10,3,"Vitality",False,1,0,1,0,"Accuracy",False,1,0,1,0
69,"Spell Speed",True,8,4,10,5,"Vitality",True,4,2,5,2,"Accuracy",True,2,2,2,2
70,"Spell Speed",True,8,4,10,5,"Vitality",True,4,2,5,3,"Critical Hit Rate",True,2,2,2,2
71,"Spell Speed",True,7,6,9,8,"Vitality",True,4,4,5,5,"Accuracy",True,2,2,2,3
72,"Spell Speed",True,7,7,9,9,"Vitality",True,4,5,5,6,"Determination",True,2,2,2,2
73,"Spell Speed",True,7,9,9,11,"Vitality",True,4,6,5,7,"Piety",True,2,2,2,2
74,"Spell Speed",True,6,14,7,17,"Vitality",True,4,9,5,11,"Piety",True,2,3,2,4
75,"Spell Speed",True,4,22,5,27,"Vitality",True,4,15,5,19,"Piety",True,2,6,2,7
76,"Spell Speed",True,4,24,5,30,"Vitality",True,4,18,5,23,"Determination",True,2,6,2,8
77,"CP",True,10,10,13,12,"",False,0,0,0,0,"",False,0,0,0,0
78,"CP",True,10,17,13,21,"",False,0,0,0,0,"",False,0,0,0,0
79,"CP",True,10,21,13,26,"",False,0,0,0,0,"",False,0,0,0,0
80,"CP",True,10,24,13,30,"",False,0,0,0,0,"",False,0,0,0,0
81,"CP",True,10,26,13,33,"",False,0,0,0,0,"",False,0,0,0,0
82,"CP",True,10,34,13,43,"",False,0,0,0,0,"",False,0,0,0,0
83,"Craftsmanship",True,10,38,12,47,"CP",True,4,14,5,17,"",False,0,0,0,0
84,"Craftsmanship",True,10,49,12,61,"CP",True,4,14,5,18,"",False,0,0,0,0
85,"Gathering",True,6,6,7,7,"Perception",True,2,2,3,3,"",False,0,0,0,0
86,"Gathering",True,6,7,7,9,"GP",True,2,8,3,10,"",False,0,0,0,0
87,"Gathering",True,6,8,7,10,"Perception",True,2,3,3,4,"",False,0,0,0,0
88,"Gathering",True,6,9,7,11,"Perception",True,2,3,3,4,"",False,0,0,0,0
89,"Gathering",True,6,10,7,12,"GP",True,2,9,3,11,"",False,0,0,0,0
90,"Gathering",True,6,14,7,17,"GP",True,2,10,3,12,"",False,0,0,0,0
91,"Gathering",True,6,14,7,17,"Perception",True,2,6,3,7,"",False,0,0,0,0
92,"Gathering",True,6,15,7,19,"Perception",True,2,6,3,8,"",False,0,0,0,0
93,"Gathering",True,6,19,7,24,"Perception",True,2,8,3,10,"",False,0,0,0,0
94,"Control",True,8,4,10,5,"",False,0,0,0,0,"",False,0,0,0,0
95,"Control",True,8,8,10,10,"",False,0,0,0,0,"",False,0,0,0,0
96,"Control",True,8,12,10,15,"",False,0,0,0,0,"",False,0,0,0,0
97,"Control",True,8,14,10,17,"",False,0,0,0,0,"",False,0,0,0,0
98,"Control",True,8,16,10,20,"",False,0,0,0,0,"",False,0,0,0,0
99,"Control",True,8,18,10,23,"",False,0,0,0,0,"",False,0,0,0,0
100,"Control",True,8,22,10,27,"",False,0,0,0,0,"",False,0,0,0,0
101,"Control",True,8,25,10,31,"",False,0,0,0,0,"",False,0,0,0,0
102,"Vitality",False,1,0,1,0,"",False,0,0,0,0,"",False,0,0,0,0
103,"Vitality",False,1,0,1,0,"",False,0,0,0,0,"",False,0,0,0,0
104,"Vitality",True,8,2,10,2,"",False,0,0,0,0,"",False,0,0,0,0
105,"Vitality",True,8,2,10,2,"",False,0,0,0,0,"",False,0,0,0,0
106,"Vitality",True,8,2,10,3,"",False,0,0,0,0,"",False,0,0,0,0
107,"Vitality",True,8,2,10,3,"",False,0,0,0,0,"",False,0,0,0,0
108,"Vitality",True,8,2,10,3,"",False,0,0,0,0,"",False,0,0,0,0
109,"Vitality",True,8,2,10,3,"",False,0,0,0,0,"",False,0,0,0,0
110,"Vitality",True,6,6,7,8,"",False,0,0,0,0,"",False,0,0,0,0
111,"Vitality",False,1,0,1,0,"",False,0,0,0,0,"",False,0,0,0,0
112,"Vitality",False,1,0,1,0,"",False,0,0,0,0,"",False,0,0,0,0
113,"Vitality",False,1,0,1,0,"",False,0,0,0,0,"",False,0,0,0,0
114,"Parry",True,8,2,10,3,"Vitality",False,1,0,1,0,"Accuracy",False,1,0,1,0
115,"Parry",True,8,5,10,6,"Vitality",True,4,3,5,4,"Accuracy",True,2,2,2,3
116,"Parry",True,7,6,9,8,"Vitality",True,4,4,5,5,"Accuracy",True,2,2,2,3
117,"Parry",True,7,7,9,9,"Vitality",True,4,4,5,5,"Critical Hit Rate",True,2,2,2,3
118,"Parry",True,7,10,9,12,"Vitality",True,4,6,5,7,"Skill Speed",True,2,4,2,5
119,"Parry",True,6,10,7,13,"Vitality",True,4,6,5,8,"Accuracy",True,2,4,2,5
120,"Parry",True,6,13,7,16,"Vitality",True,4,8,5,10,"Skill Speed",True,2,5,2,6
121,"Parry",True,4,18,5,23,"Vitality",True,3,11,4,14,"Accuracy",True,2,7,2,9
122,"Parry",True,4,22,5,27,"Vitality",True,4,15,5,19,"Accuracy",True,2,9,2,11
123,"Parry",True,4,24,5,30,"Vitality",True,4,18,5,23,"Accuracy",True,2,10,2,12
124,"Parry",True,4,26,5,33,"Vitality",True,4,22,5,28,"Critical Hit Rate",True,2,13,3,16
125,"GP",True,6,19,7,24,"Gathering",True,2,2,3,3,"",False,0,0,0,0
126,"GP",True,6,19,7,24,"Perception",False,5,0,6,0,"",False,0,0,0,0
127,"GP",True,6,20,7,25,"Perception",True,2,2,3,3,"",False,0,0,0,0
128,"GP",True,6,21,7,26,"Gathering",True,2,3,3,4,"",False,0,0,0,0
129,"GP",True,6,22,7,27,"Gathering",True,2,3,3,4,"",False,0,0,0,0
130,"GP",True,6,23,7,29,"Perception",True,2,5,3,6,"",False,0,0,0,0
131,"GP",True,6,24,7,30,"Gathering",True,2,6,3,7,"",False,0,0,0,0
132,"GP",True,6,24,7,31,"Perception",True,2,6,3,8,"",False,0,0,0,0
133,"Accuracy",True,8,3,10,4,"Vitality",False,1,0,1,0,"Skill Speed",False,1,0,1,0
134,"Accuracy",True,8,3,10,4,"Vitality",False,1,0,1,0,"Spell Speed",False,1,0,1,0
135,"Accuracy",True,8,3,10,4,"Vitality",True,4,2,5,2,"Spell Speed",False,1,0,1,0
136,"Accuracy",True,8,3,10,4,"Vitality",True,4,2,5,2,"Critical Hit Rate",False,1,0,1,0
137,"Accuracy",True,8,5,10,6,"Vitality",True,4,2,5,3,"Skill Speed",True,2,2,2,2
138,"Accuracy",True,7,6,9,7,"Vitality",True,4,3,5,4,"Skill Speed",True,2,2,2,3
139,"Accuracy",True,7,7,9,9,"Vitality",True,4,4,5,5,"Critical Hit Rate",True,2,2,2,3
140,"Accuracy",True,6,13,7,16,"Vitality",True,4,8,5,10,"Critical Hit Rate",True,2,5,2,6
141,"Accuracy",True,5,14,6,17,"Vitality",True,4,9,5,11,"Skill Speed",True,2,6,2,7
142,"Accuracy",True,4,17,5,21,"Vitality",True,3,10,4,13,"Critical Hit Rate",True,2,7,2,9
143,"Accuracy",True,4,22,5,27,"Vitality",True,4,15,5,19,"Critical Hit Rate",True,2,9,2,11
144,"Accuracy",True,4,24,5,30,"Vitality",True,4,18,5,23,"Critical Hit Rate",True,2,10,2,12
145,"Critical Hit Rate",True,4,26,5,33,"Vitality",True,4,22,5,28,"Accuracy",True,2,13,3,16
146,"Skill Speed",True,8,2,10,3,"Vitality",False,1,0,1,0,"Accuracy",False,1,0,1,0
147,"Skill Speed",True,8,4,10,5,"Vitality",True,4,2,5,2,"Accuracy",True,2,2,2,2
148,"Skill Speed",True,8,4,10,5,"Vitality",True,4,2,5,3,"Critical Hit Rate",True,2,2,2,2
149,"Skill Speed",True,8,5,10,6,"Vitality",True,4,2,5,3,"Parry",True,2,2,2,2
150,"Skill Speed",True,8,6,10,7,"Vitality",True,4,3,5,4,"Critical Hit Rate",True,2,2,2,3
151,"Skill Speed",True,7,7,9,9,"Vitality",True,4,4,5,5,"",False,0,0,0,0
152,"Skill Speed",True,7,8,9,10,"Vitality",True,4,5,5,6,"Determination",True,2,2,2,2
153,"Skill Speed",True,6,10,7,12,"Vitality",True,4,6,5,8,"Accuracy",True,2,4,2,5
154,"Skill Speed",True,4,14,5,18,"Vitality",True,3,9,4,11,"Accuracy",True,2,6,2,7
155,"Skill Speed",True,4,21,5,26,"Vitality",True,3,12,4,15,"Accuracy",True,2,8,2,10
156,"Skill Speed",True,4,22,5,27,"Vitality",True,4,15,5,19,"Accuracy",True,2,9,2,11
157,"Skill Speed",True,4,24,5,30,"Vitality",True,4,18,5,23,"Determination",True,2,6,2,8
158,"Craftsmanship",True,12,8,15,10,"",False,0,0,0,0,"",False,0,0,0,0
159,"Craftsmanship",True,12,12,15,15,"",False,0,0,0,0,"",False,0,0,0,0
160,"Craftsmanship",True,12,16,15,20,"",False,0,0,0,0,"",False,0,0,0,0
161,"Craftsmanship",True,12,20,15,25,"",False,0,0,0,0,"",False,0,0,0,0
162,"Craftsmanship",True,12,24,15,30,"",False,0,0,0,0,"",False,0,0,0,0
163,"Craftsmanship",True,12,32,15,40,"",False,0,0,0,0,"",False,0,0,0,0
164,"Perception",True,6,6,7,7,"",False,0,0,0,0,"",False,0,0,0,0
165,"Perception",True,6,6,7,7,"GP",True,2,8,3,10,"",False,0,0,0,0
166,"Perception",True,6,6,7,8,"Gathering",True,2,2,3,3,"",False,0,0,0,0
167,"Perception",True,6,8,7,10,"Gathering",True,2,3,3,4,"",False,0,0,0,0
168,"Perception",True,6,10,7,12,"GP",True,2,9,3,11,"",False,0,0,0,0
169,"Perception",True,6,11,7,14,"GP",True,2,9,3,11,"",False,0,0,0,0
170,"Perception",True,6,13,7,16,"Gathering",True,2,5,3,6,"",False,0,0,0,0
171,"Perception",True,6,15,7,19,"GP",True,2,10,3,12,"",False,0,0,0,0
172,"Perception",True,6,22,7,28,"GP",True,2,10,3,12,"",False,0,0,0,0
173,"Critical Hit Rate",True,8,2,10,3,"Vitality",False,1,0,1,0,"Accuracy",False,1,0,1,0
174,"Critical Hit Rate",True,8,5,10,6,"Vitality",True,4,2,5,3,"Determination",False,1,0,1,0
175,"Critical Hit Rate",True,7,6,9,8,"Vitality",True,4,4,5,5,"Accuracy",True,2,2,2,3
176,"Critical Hit Rate",True,7,8,9,10,"Vitality",True,4,5,5,6,"Determination",True,2,2,2,2
177,"Critical Hit Rate",True,6,10,7,13,"Vitality",True,4,6,5,8,"Accuracy",True,2,4,2,5
178,"Critical Hit Rate",True,4,19,5,24,"Vitality",True,3,11,4,14,"Accuracy",True,2,8,2,10
179,"Critical Hit Rate",True,4,22,5,27,"Vitality",True,4,15,5,19,"Accuracy",True,2,9,2,11
180,"Critical Hit Rate",True,4,14,4,14,"Vitality",True,4,9,4,9,"Reduced Durability Loss",False,2,0,2,0
181,"Skill Speed",True,4,22,4,22,"Vitality",True,4,15,4,15,"Reduced Durability Loss",False,3,0,3,0
182,"Spell Speed",True,4,22,4,22,"Vitality",True,4,15,4,15,"Reduced Durability Loss",False,3,0,3,0
183,"Accuracy",True,4,20,4,20,"Vitality",True,4,12,4,12,"Reduced Durability Loss",False,2,0,2,0
184,"Piety",True,4,5,4,5,"Vitality",True,4,6,4,6,"Reduced Durability Loss",False,2,0,2,0
185,"Vitality",True,4,3,4,3,"",False,0,0,0,0,"Reduced Durability Loss",False,1,0,1,0
186,"Vitality",True,4,10,4,10,"",False,0,0,0,0,"Reduced Durability Loss",False,1,0,1,0
187,"Spell Speed",True,4,12,4,12,"Vitality",True,4,7,4,7,"Reduced Durability Loss",False,2,0,2,0
188,"Determination",True,4,4,4,4,"Vitality",True,4,5,4,5,"Reduced Durability Loss",False,2,0,2,0
189,"Critical Hit Rate",True,4,21,4,21,"Vitality",True,4,13,4,13,"Reduced Durability Loss",False,3,0,3,0
190,"Vitality",True,4,18,4,18,"",False,0,0,0,0,"Reduced Durability Loss",False,2,0,2,0
191,"Vitality",True,4,13,4,13,"",False,0,0,0,0,"Reduced Durability Loss",False,2,0,2,0
192,"Gathering",True,6,24,7,30,"Control",True,8,38,10,48,"Increased Spiritbond Gain",False,2,0,2,0
193,"Piety",True,4,19,5,24,"Vitality",True,4,26,5,33,"Spell Speed",True,2,11,2,14
194,"Piety",True,4,21,5,26,"Vitality",True,4,27,5,34,"Determination",True,2,9,2,11
195,"Piety",True,4,24,5,30,"Vitality",True,5,30,6,37,"Spell Speed",True,2,13,3,16
196,"Spell Speed",True,4,27,5,34,"Vitality",True,4,24,5,30,"Accuracy",True,2,11,2,14
197,"Spell Speed",True,4,29,5,36,"Vitality",True,4,26,5,33,"Critical Hit Rate",True,2,11,2,14
198,"Spell Speed",True,4,30,5,37,"Vitality",True,4,28,5,35,"Accuracy",True,2,12,2,15
199,"Spell Speed",True,5,32,6,40,"Vitality",True,5,30,6,37,"Determination",True,2,10,3,13
200,"Parry",True,4,30,5,37,"Vitality",True,4,27,5,34,"Critical Hit Rate",True,2,13,3,16
201,"Parry",True,4,28,5,35,"Vitality",True,4,26,5,33,"Accuracy",True,2,11,2,14
202,"Parry",True,4,30,5,37,"Vitality",True,4,28,5,35,"Accuracy",True,2,12,2,15
203,"Parry",True,5,32,6,40,"Vitality",True,5,30,6,37,"Critical Hit Rate",True,2,14,3,17
204,"Determination",True,4,18,5,23,"Vitality",True,4,26,5,32,"Parry",True,2,11,2,14
205,"Determination",True,4,24,5,30,"Vitality",True,4,28,5,35,"Skill Speed",True,2,12,2,15
206,"Accuracy",True,4,29,5,36,"Vitality",True,4,26,5,33,"Critical Hit Rate",True,2,11,2,14
207,"Critical Hit Rate",True,4,30,5,37,"Vitality",True,4,27,5,34,"Accuracy",True,2,14,3,18
208,"Accuracy",True,5,32,6,40,"Vitality",True,5,30,6,37,"Determination",True,2,10,3,13
209,"Skill Speed",True,4,28,5,35,"Vitality",True,4,25,5,31,"Critical Hit Rate",True,2,12,2,15
210,"Skill Speed",True,4,26,5,33,"Vitality",True,4,22,5,27,"Determination",True,2,8,2,10
211,"Skill Speed",True,4,30,5,38,"Vitality",True,4,28,5,35,"Determination",True,2,10,2,12
212,"CP",True,10,38,13,48,"Craftsmanship",True,4,22,5,28,"",False,0,0,0,0
213,"Control",True,10,54,12,68,"Craftsmanship",True,4,23,5,29,"",False,0,0,0,0
214,"Craftsmanship",True,10,60,12,75,"CP",True,4,15,5,19,"",False,0,0,0,0
215,"Control",True,10,58,12,73,"CP",True,4,15,5,19,"",False,0,0,0,0
216,"CP",True,12,40,15,50,"Control",True,4,25,5,31,"",False,0,0,0,0
217,"Perception",True,6,26,7,32,"GP",True,3,13,4,16,"",False,0,0,0,0
218,"Gathering",True,6,26,7,32,"Perception",True,2,10,3,13,"",False,0,0,0,0
219,"GP",True,6,30,7,38,"Perception",True,2,11,3,14,"",False,0,0,0,0
220,"Perception",True,6,29,7,36,"Gathering",True,2,10,3,13,"",False,0,0,0,0
221,"Gathering",True,6,30,7,37,"GP",True,3,15,4,19,"",False,0,0,0,0
222,"Piety",True,4,19,4,19,"Vitality",True,4,26,4,26,"Reduced Durability Loss",False,3,0,3,0
223,"Skill Speed",True,4,28,4,28,"Vitality",True,4,26,4,26,"Reduced Durability Loss",False,3,0,3,0
224,"Spell Speed",True,4,28,4,28,"Vitality",True,4,26,4,26,"Reduced Durability Loss",False,3,0,3,0
225,"Accuracy",True,4,28,4,28,"Vitality",True,4,26,4,26,"Reduced Durability Loss",False,3,0,3,0
226,"Determination",True,4,19,4,19,"Vitality",True,4,26,4,26,"Reduced Durability Loss",False,3,0,3,0
227,"Parry",True,4,28,4,28,"Vitality",True,4,26,4,26,"Reduced Durability Loss",False,3,0,3,0
228,"Strength",True,16,84,20,105,"",False,0,0,0,0,"",False,0,0,0,0
229,"Dexterity",True,16,84,20,105,"",False,0,0,0,0,"",False,0,0,0,0
230,"Vitality",True,16,82,20,103,"",False,0,0,0,0,"",False,0,0,0,0
231,"Intelligence",True,16,84,20,105,"",False,0,0,0,0,"",False,0,0,0,0
232,"Mind",True,16,84,20,105,"",False,0,0,0,0,"",False,0,0,0,0
233,"Accuracy",False,2,0,3,0,"Vitality",False,1,0,1,0,"Determination",False,1,0,1,0
234,"",False,0,0,0,0,"",False,0,0,0,0,"",False,0,0,0,0
235,"",False,0,0,0,0,"",False,0,0,0,0,"",False,0,0,0,0
236,"",False,0,0,0,0,"",False,0,0,0,0,"",False,0,0,0,0
237,"",False,0,0,0,0,"",False,0,0,0,0,"",False,0,0,0,0
238,"",False,0,0,0,0,"",False,0,0,0,0,"",False,0,0,0,0
239,"",False,0,0,0,0,"",False,0,0,0,0,"",False,0,0,0,0
240,"",False,0,0,0,0,"",False,0,0,0,0,"",False,0,0,0,0
241,"",False,0,0,0,0,"",False,0,0,0,0,"",False,0,0,0,0
242,"",False,0,0,0,0,"",False,0,0,0,0,"",False,0,0,0,0
243,"",False,0,0,0,0,"",False,0,0,0,0,"",False,0,0,0,0
244,"",False,0,0,0,0,"",False,0,0,0,0,"",False,0,0,0,0
245,"",False,0,0,0,0,"",False,0,0,0,0,"",False,0,0,0,0
246,"",False,0,0,0,0,"",False,0,0,0,0,"",False,0,0,0,0
247,"",False,0,0,0,0,"",False,0,0,0,0,"",False,0,0,0,0
248,"",False,0,0,0,0,"",False,0,0,0,0,"",False,0,0,0,0
249,"",False,0,0,0,0,"",False,0,0,0,0,"",False,0,0,0,0
250,"",False,0,0,0,0,"",False,0,0,0,0,"",False,0,0,0,0
251,"",False,0,0,0,0,"",False,0,0,0,0,"",False,0,0,0,0
252,"",False,0,0,0,0,"",False,0,0,0,0,"",False,0,0,0,0
253,"",False,0,0,0,0,"",False,0,0,0,0,"",False,0,0,0,0
254,"",False,0,0,0,0,"",False,0,0,0,0,"",False,0,0,0,0
255,"",False,0,0,0,0,"",False,0,0,0,0,"",False,0,0,0,0
256,"",False,0,0,0,0,"",False,0,0,0,0,"",False,0,0,0,0
257,"",False,0,0,0,0,"",False,0,0,0,0,"",False,0,0,0,0
258,"",False,0,0,0,0,"",False,0,0,0,0,"",False,0,0,0,0
259,"",False,0,0,0,0,"",False,0,0,0,0,"",False,0,0,0,0
260,"",False,0,0,0,0,"",False,0,0,0,0,"",False,0,0,0,0
261,"",False,0,0,0,0,"",False,0,0,0,0,"",False,0,0,0,0
262,"",False,0,0,0,0,"",False,0,0,0,0,"",False,0,0,0,0
263,"",False,0,0,0,0,"",False,0,0,0,0,"",False,0,0,0,0
264,"",False,0,0,0,0,"",False,0,0,0,0,"",False,0,0,0,0
265,"",False,0,0,0,0,"",False,0,0,0,0,"",False,0,0,0,0
266,"",False,0,0,0,0,"",False,0,0,0,0,"",False,0,0,0,0
267,"",False,0,0,0,0,"",False,0,0,0,0,"",False,0,0,0,0
268,"",False,0,0,0,0,"",False,0,0,0,0,"",False,0,0,0,0
269,"",False,0,0,0,0,"",False,0,0,0,0,"",False,0,0,0,0
270,"Careful Desynthesis",False,1,0,2,0,"Reduced Durability Loss",False,4,0,5,0,"",False,0,0,0,0
271,"Careful Desynthesis",False,3,0,4,0,"",False,0,0,0,0,"",False,0,0,0,0
272,"",False,0,0,0,0,"",False,0,0,0,0,"",False,0,0,0,0
273,"",False,0,0,0,0,"",False,0,0,0,0,"",False,0,0,0,0
274,"",False,0,0,0,0,"",False,0,0,0,0,"",False,0,0,0,0
275,"",False,0,0,0,0,"",False,0,0,0,0,"",False,0,0,0,0
276,"",False,0,0,0,0,"",False,0,0,0,0,"",False,0,0,0,0
277,"",False,0,0,0,0,"",False,0,0,0,0,"",False,0,0,0,0
278,"",False,0,0,0,0,"",False,0,0,0,0,"",False,0,0,0,0
279,"",False,0,0,0,0,"",False,0,0,0,0,"",False,0,0,0,0
280,"Slow Resistance",False,15,0,20,0,"",False,0,0,0,0,"",False,0,0,0,0
281,"Silence Resistance",False,15,0,20,0,"",False,0,0,0,0,"",False,0,0,0,0
282,"Blind Resistance",False,15,0,20,0,"",False,0,0,0,0,"",False,0,0,0,0
283,"Poison Resistance",False,15,0,20,0,"",False,0,0,0,0,"",False,0,0,0,0
284,"Stun Resistance",False,15,0,20,0,"",False,0,0,0,0,"",False,0,0,0,0
285,"Sleep Resistance",False,15,0,20,0,"",False,0,0,0,0,"",False,0,0,0,0
286,"Bind Resistance",False,15,0,20,0,"",False,0,0,0,0,"",False,0,0,0,0
287,"Heavy Resistance",False,15,0,20,0,"",False,0,0,0,0,"",False,0,0,0,0
288,"Slow Resistance",False,3,0,5,0,"",False,0,0,0,0,"",False,0,0,0,0
289,"Silence Resistance",False,3,0,5,0,"",False,0,0,0,0,"",False,0,0,0,0
290,"Blind Resistance",False,3,0,5,0,"",False,0,0,0,0,"",False,0,0,0,0
291,"Poison Resistance",False,3,0,5,0,"",False,0,0,0,0,"",False,0,0,0,0
292,"Stun Resistance",False,3,0,5,0,"",False,0,0,0,0,"",False,0,0,0,0
293,"Sleep Resistance",False,3,0,5,0,"",False,0,0,0,0,"",False,0,0,0,0
294,"Bind Resistance",False,3,0,5,0,"",False,0,0,0,0,"",False,0,0,0,0
295,"Heavy Resistance",False,3,0,5,0,"",False,0,0,0,0,"",False,0,0,0,0
296,"Increased Spiritbond Gain",False,3,0,3,0,"",False,0,0,0,0,"",False,0,0,0,0
297,"Reduced Durability Loss",False,30,0,30,0,"",False,0,0,0,0,"",False,0,0,0,0
298,"",False,0,0,0,0,"",False,0,0,0,0,"",False,0,0,0,0
299,"",False,0,0,0,0,"",False,0,0,0,0,"",False,0,0,0,0
300,"",False,0,0,0,0,"",False,0,0,0,0,"",False,0,0,0,0
