﻿key,0,1,2,3,4
#,,Format,Name,Example,LogKindCategoryText
int32,byte,str,str,str,LogKindCategoryText
0,0,"[LogKind未設定]<Color(-3355444)><Highlight>StringParameter(2)</Highlight></Color>","None","",""
1,0,"<Color(-3355444)><Highlight>StringParameter(2)</Highlight></Color>","Debug","",""
2,0,"<Color(-32897)><Highlight>StringParameter(2)</Highlight></Color>","Urgent Information","",""
3,0,"<Color(-5010177)><Highlight>StringParameter(2)</Highlight></Color>","General Information","",""
4,0,"","","",""
5,0,"","","",""
6,0,"","","",""
7,0,"","","",""
8,0,"","","",""
9,0,"","","",""
10,0,"<Color(PlayerParameter(13))><Highlight>StringParameter(1)</Highlight>: <Highlight>StringParameter(2)</Highlight></Color>","Say","","Chat"
11,0,"<Color(PlayerParameter(14))><Highlight>StringParameter(1)</Highlight>: <Highlight>StringParameter(2)</Highlight></Color>","Shout","","Chat"
12,0,"<Color(PlayerParameter(15))>>> <Highlight>StringParameter(1)</Highlight>: <Highlight>StringParameter(2)</Highlight></Color>","Tell","","Chat"
13,0,"<Color(PlayerParameter(15))><Highlight>StringParameter(1)</Highlight> >> <Highlight>StringParameter(2)</Highlight></Color>","Tell_Receive","",""
14,0,"<Color(PlayerParameter(16))>(<Highlight>StringParameter(1)</Highlight>) <Highlight>StringParameter(2)</Highlight></Color>","Party","","Chat"
15,0,"<Color(PlayerParameter(17))>((<Highlight>StringParameter(1)</Highlight>)) <Highlight>StringParameter(2)</Highlight></Color>","Alliance","","Chat"
16,0,"<Color(PlayerParameter(18))>[1]<<Highlight>StringParameter(1)</Highlight>> <Highlight>StringParameter(2)</Highlight></Color>","Linkshell [1]","","Chat"
17,0,"<Color(PlayerParameter(19))>[2]<<Highlight>StringParameter(1)</Highlight>> <Highlight>StringParameter(2)</Highlight></Color>","Linkshell [2]","","Chat"
18,0,"<Color(PlayerParameter(20))>[3]<<Highlight>StringParameter(1)</Highlight>> <Highlight>StringParameter(2)</Highlight></Color>","Linkshell [3]","","Chat"
19,0,"<Color(PlayerParameter(21))>[4]<<Highlight>StringParameter(1)</Highlight>> <Highlight>StringParameter(2)</Highlight></Color>","Linkshell [4]","","Chat"
20,0,"<Color(PlayerParameter(22))>[5]<<Highlight>StringParameter(1)</Highlight>> <Highlight>StringParameter(2)</Highlight></Color>","Linkshell [5]","","Chat"
21,0,"<Color(PlayerParameter(23))>[6]<<Highlight>StringParameter(1)</Highlight>> <Highlight>StringParameter(2)</Highlight></Color>","Linkshell [6]","","Chat"
22,0,"<Color(PlayerParameter(24))>[7]<<Highlight>StringParameter(1)</Highlight>> <Highlight>StringParameter(2)</Highlight></Color>","Linkshell [7]","","Chat"
23,0,"<Color(PlayerParameter(25))>[8]<<Highlight>StringParameter(1)</Highlight>> <Highlight>StringParameter(2)</Highlight></Color>","Linkshell [8]","","Chat"
24,0,"<Color(PlayerParameter(26))>[FC]<<Highlight>StringParameter(1)</Highlight>> <Highlight>StringParameter(2)</Highlight></Color>","Free Company","","Chat"
25,0,"","","",""
26,0,"","","",""
27,0,"","","",""
28,0,"<Color(PlayerParameter(30))><Highlight>StringParameter(1)</Highlight><Highlight>StringParameter(2)</Highlight></Color>","Custom Emotes","","Chat"
29,50,"<Color(PlayerParameter(31))><Highlight>StringParameter(2)</Highlight></Color>","Standard Emotes","","Chat"
30,0,"<Color(PlayerParameter(32))><Highlight>StringParameter(1)</Highlight>: <Highlight>StringParameter(2)</Highlight></Color>","Yell","","Chat"
31,0,"","","",""
32,0,"","","",""
33,0,"","","",""
34,0,"","","",""
35,0,"","","",""
36,0,"","","",""
37,0,"","","",""
38,0,"","","",""
39,0,"","","",""
40,0,"","","",""
41,50,"<Color(PlayerParameter(36))><Highlight>StringParameter(2)</Highlight></Color>","Damage","","Battle"
42,50,"<Color(PlayerParameter(37))><Highlight>StringParameter(2)</Highlight></Color>","Failed Attacks","","Battle"
43,50,"<Color(PlayerParameter(38))><Highlight>StringParameter(2)</Highlight></Color>","Actions","","Battle"
44,50,"<Color(PlayerParameter(39))><Highlight>StringParameter(2)</Highlight></Color>","Items","","Battle"
45,50,"<Color(PlayerParameter(40))><Highlight>StringParameter(2)</Highlight></Color>","Healing Magic","","Battle"
46,50,"<Color(PlayerParameter(41))><Highlight>StringParameter(2)</Highlight></Color>","Beneficial Effects","","Battle"
47,50,"<Color(PlayerParameter(42))><Highlight>StringParameter(2)</Highlight></Color>","Detrimental Effects","","Battle"
48,50,"<Color(PlayerParameter(41))><Highlight>StringParameter(2)</Highlight></Color>","","",""
49,50,"<Color(PlayerParameter(42))><Highlight>StringParameter(2)</Highlight></Color>","","",""
50,0,"","","",""
51,0,"","","",""
52,0,"","","",""
53,0,"","","",""
54,0,"","","",""
55,0,"","","",""
56,0,"<Color(PlayerParameter(43))><Highlight>StringParameter(2)</Highlight></Color>","Echo","","Announcements"
57,0,"<Color(PlayerParameter(44))><Highlight>StringParameter(2)</Highlight></Color>","System Messages","","Announcements"
58,50,"<Color(PlayerParameter(57))><Highlight>StringParameter(2)</Highlight></Color>","System Error Messages","","Announcements"
59,0,"<Color(PlayerParameter(58))><Highlight>StringParameter(2)</Highlight></Color>","Battle System Messages","","Announcements"
60,0,"<Color(PlayerParameter(59))><Highlight>StringParameter(2)</Highlight></Color>","Gathering System Messages","","Announcements"
61,0,"<Color(PlayerParameter(60))><Highlight>StringParameter(1)</Highlight>: <Highlight>StringParameter(2)</Highlight></Color>","NPC Say","","Announcements"
62,0,"<Color(PlayerParameter(61))><Highlight>StringParameter(2)</Highlight></Color>","Loot Notices","","Announcements"
63,0,"","","",""
64,50,"<Color(PlayerParameter(62))><Highlight>StringParameter(2)</Highlight></Color>","Character Progress","","Announcements"
65,0,"<Color(PlayerParameter(63))><Highlight>StringParameter(2)</Highlight></Color>","Loot Messages","","Announcements"
66,50,"<Color(PlayerParameter(64))><Highlight>StringParameter(2)</Highlight></Color>","Crafting Messages","","Announcements"
67,50,"<Color(PlayerParameter(65))><Highlight>StringParameter(2)</Highlight></Color>","Gathering Messages","","Announcements"
68,0,"<Color(PlayerParameter(60))><Highlight>StringParameter(1)</Highlight>: <Highlight>StringParameter(2)</Highlight></Color>","NPC Announcements","","Announcements"
69,0,"<Color(PlayerParameter(33))><Highlight>StringParameter(2)</Highlight></Color>","FC Announcements","","Announcements"
70,0,"<Color(PlayerParameter(33))><Highlight>StringParameter(2)</Highlight></Color>","FC Login Messages","",""
71,0,"<Color(PlayerParameter(44))><Highlight>StringParameter(2)</Highlight></Color>","Retainer Sale Reports","",""
72,0,"<Color(PlayerParameter(44))><Highlight>StringParameter(2)</Highlight></Color>","Party Search Info","",""
73,0,"<Color(PlayerParameter(44))><Highlight>StringParameter(2)</Highlight></Color>","Sign Settings","",""
74,0,"<Color(PlayerParameter(63))><Highlight>StringParameter(2)</Highlight></Color>","Dice Rolls","",""
75,0,"","","",""
76,0,"","","",""
77,0,"","","",""
78,0,"","","",""
79,0,"","","",""
80,0,"<Color(PlayerParameter(15))>[GM]<Highlight>StringParameter(1)</Highlight> >> <Highlight>StringParameter(2)</Highlight></Color>","GMからのTell","",""
81,0,"<Color(PlayerParameter(13))>[GM]<Highlight>StringParameter(1)</Highlight>: <Highlight>StringParameter(2)</Highlight></Color>","GMからのSay","",""
82,0,"<Color(PlayerParameter(14))>[GM]<Highlight>StringParameter(1)</Highlight>: <Highlight>StringParameter(2)</Highlight></Color>","GMからのShout","",""
83,0,"<Color(PlayerParameter(32))>[GM]<Highlight>StringParameter(1)</Highlight>: <Highlight>StringParameter(2)</Highlight></Color>","GMからのYell","",""
84,0,"<Color(PlayerParameter(16))>([GM]<Highlight>StringParameter(1)</Highlight>) <Highlight>StringParameter(2)</Highlight></Color>","GMからのParty","",""
85,0,"<Color(PlayerParameter(26))>[FC]<[GM]<Highlight>StringParameter(1)</Highlight>> <Highlight>StringParameter(2)</Highlight></Color>","GMからのFreeCompanyチャット","",""
86,0,"<Color(PlayerParameter(18))>[1]<[GM]<Highlight>StringParameter(1)</Highlight>> <Highlight>StringParameter(2)</Highlight></Color>","GMからのLS1チャット","",""
87,0,"<Color(PlayerParameter(19))>[2]<[GM]<Highlight>StringParameter(1)</Highlight>> <Highlight>StringParameter(2)</Highlight></Color>","GMからのLS2チャット","",""
88,0,"<Color(PlayerParameter(20))>[3]<[GM]<Highlight>StringParameter(1)</Highlight>> <Highlight>StringParameter(2)</Highlight></Color>","GMからのLS3チャット","",""
89,0,"<Color(PlayerParameter(21))>[4]<[GM]<Highlight>StringParameter(1)</Highlight>> <Highlight>StringParameter(2)</Highlight></Color>","GMからのLS4チャット","",""
90,0,"<Color(PlayerParameter(22))>[5]<[GM]<Highlight>StringParameter(1)</Highlight>> <Highlight>StringParameter(2)</Highlight></Color>","GMからのLS5チャット","",""
91,0,"<Color(PlayerParameter(23))>[6]<[GM]<Highlight>StringParameter(1)</Highlight>> <Highlight>StringParameter(2)</Highlight></Color>","GMからのLS6チャット","",""
92,0,"<Color(PlayerParameter(24))>[7]<[GM]<Highlight>StringParameter(1)</Highlight>> <Highlight>StringParameter(2)</Highlight></Color>","GMからのLS7チャット","",""
93,0,"<Color(PlayerParameter(25))>[8]<[GM]<Highlight>StringParameter(1)</Highlight>> <Highlight>StringParameter(2)</Highlight></Color>","GMからのLS8チャット","",""
94,0,"","","",""
95,0,"","","",""
96,0,"","","",""
97,0,"","","",""
98,0,"","","",""
99,0,"","","",""
100,0,"","","",""
