﻿key,0,1,2,3,4,5,6,7,8,9,10,11,12,13,14,15,16
#,,,,Hierarchy,MapMarkerRange,Id,SizeFactor,,,PlaceName{Region},PlaceName,PlaceName{Sub},,,TerritoryType,,
int32,byte,byte,sbyte,byte,uint16,str,uint16,int16,int16,PlaceName,PlaceName,PlaceName,int16,uint32,TerritoryType,bit&01,bit&02
0,0,0,0,0,137,"",100,0,0,"","","",-1,0,,True,False
1,0,0,0,1,137,"default/00",100,0,0,"Eorzea","Eorzea","",-1,0,"default",True,False
2,2,2,0,1,3,"f1t1/00",200,0,0,"The Black Shroud","New Gridania","",-1,0,"f1t1",True,False
3,2,3,0,1,4,"f1t2/00",200,0,0,"The Black Shroud","Old Gridania","",-1,0,"f1t2",True,False
4,2,5,0,1,5,"f1f1/00",100,0,0,"The Black Shroud","Central Shroud","",0,16382,"f1f1",True,False
5,2,6,0,1,6,"f1f2/00",100,0,0,"The Black Shroud","East Shroud","",0,1048574,"f1f2",False,False
6,2,7,0,1,7,"f1f3/00",100,0,0,"The Black Shroud","South Shroud","",1,131070,"f1f3",False,False
7,2,8,0,1,8,"f1f4/00",100,0,0,"The Black Shroud","North Shroud","",2,131070,"f1f4",False,False
8,2,9,0,1,10,"f1d1/00",300,0,0,"The Black Shroud","The Tam-Tara Deepcroft","",1,4094,"f1d1",True,False
9,2,10,0,1,21,"f1r1/00",200,0,0,"The Black Shroud","The Thousand Maws of Toto-Rak","",2,16382,"f1r1",True,False
10,0,0,0,1,20,"f1f1/01",200,0,0,"The Black Shroud","Spriggan Dig","",-1,0,,True,False
11,1,2,0,1,71,"s1t1/01",200,0,0,"La Noscea","Limsa Lominsa Upper Decks","",-1,0,"s1t1",True,False
12,1,3,0,1,72,"s1t2/00",200,0,0,"La Noscea","Limsa Lominsa Lower Decks","",-1,0,"s1t2",True,False
13,3,2,0,1,59,"w1t1/01",200,0,0,"Thanalan","Ul'dah - Steps of Nald","",-1,0,"w1t1",True,False
14,3,3,1,1,60,"w1t2/01",200,0,0,"Thanalan","Ul'dah - Steps of Thal","Merchant Strip",-1,0,"w1t2",True,False
15,1,6,0,1,74,"s1f1/00",100,0,0,"La Noscea","Middle La Noscea","",3,254,"s1f1",True,False
16,1,7,0,1,75,"s1f2/00",100,0,0,"La Noscea","Lower La Noscea","",4,2046,"s1f2",True,False
17,1,8,0,1,76,"s1f3/00",100,0,0,"La Noscea","Eastern La Noscea","",5,32766,"s1f3",True,False
18,1,9,0,1,77,"s1f4/00",100,0,0,"La Noscea","Western La Noscea","",3,1048574,"s1f4",False,False
19,1,10,0,1,78,"s1f5/00",100,0,0,"La Noscea","Upper La Noscea","",6,510,"s1f5",True,False
20,3,6,0,1,40,"w1f1/00",100,0,0,"Thanalan","Western Thanalan","",7,8190,"w1f1",True,False
21,3,7,0,1,39,"w1f2/00",100,0,0,"Thanalan","Central Thanalan","",8,16382,"w1f2",True,False
22,3,8,0,1,41,"w1f3/00",100,0,0,"Thanalan","Eastern Thanalan","",4,262142,"w1f3",False,False
23,3,9,0,1,42,"w1f4/01",100,0,0,"Thanalan","Southern Thanalan","",5,1048574,"w1f4",False,False
24,3,10,0,1,43,"w1f5/00",100,0,0,"Thanalan","Northern Thanalan","",9,510,"w1f5",True,False
25,5,2,0,1,108,"l1f1/01",100,0,0,"Mor Dhona","Mor Dhona","",6,131070,"l1f1",False,False
26,0,0,0,1,68,"s1ti/00",800,0,0,"La Noscea","Mizzenmast Inn","",-1,0,"s1ti",True,False
27,0,0,0,1,70,"w1ti/00",800,0,0,"Thanalan","The Hourglass","",-1,0,"w1ti",True,False
28,0,0,0,1,69,"f1ti/00",800,0,0,"The Black Shroud","The Roost","",-1,0,"f1ti",True,False
29,0,0,0,1,137,"default/00",200,0,0,"","","",-1,0,"qib_test",True,False
30,1,11,0,1,79,"s1f6/00",100,0,0,"La Noscea","Outer La Noscea","",10,510,"s1f6",True,False
31,1,12,0,1,80,"s1d1/00",200,0,0,"La Noscea","Sastasha","",11,4094,"s1d1",True,False
32,1,14,0,1,82,"s1d3/00",200,0,0,"La Noscea","The Wanderer's Palace","",12,1022,"s1d3",True,False
33,0,0,0,1,137,"s1fa/00",400,0,0,"La Noscea","The Navel","",-1,0,"s1fa",True,False
34,3,11,1,1,44,"w1d1/01",200,0,0,"Thanalan","Copperbell Mines","Ground Level",13,6,"w1d1",True,False
35,0,0,0,1,137,"w1fa/00",400,0,0,"Thanalan","Bowl of Embers","",-1,0,"w1fa",True,False
36,0,0,0,1,137,"f1fa/00",400,0,0,"The Black Shroud","Thornmarch","",-1,0,"f1fa",True,False
37,4,6,0,1,103,"r1d1/00",200,0,0,"Coerthas","Stone Vigil","",14,1022,"r1d1",True,False
38,4,8,0,1,106,"r1r2/00",200,0,0,"Coerthas","Aurum Vale","",15,2046,"r1r2",True,False
39,0,0,1,1,137,"r1fa/01",400,0,0,"Coerthas","The Howling Eye","",-1,0,"r1fa",True,False
40,3,11,2,1,45,"w1d1/02",200,0,0,"Thanalan","Copperbell Mines","First Drop",13,16632,"w1d1",True,False
41,3,11,3,1,46,"w1d1/03",200,0,0,"Thanalan","Copperbell Mines","B2",13,16128,"w1d1",True,False
42,3,13,1,1,48,"w1d3/01",200,0,0,"Thanalan","The Sunken Temple of Qarn","Sanctum Entrance",7,2,"w1d3",False,False
43,3,13,2,1,49,"w1d3/02",200,0,0,"Thanalan","The Sunken Temple of Qarn","Inner Sanctum",7,131068,"w1d3",False,False
44,3,13,3,1,50,"w1d3/03",200,0,0,"Thanalan","The Sunken Temple of Qarn","Lower Sanctum",7,917504,"w1d3",False,False
45,1,13,0,1,81,"s1d2/00",200,0,0,"La Noscea","Brayflox's Longstop","",16,65534,"s1d2",True,False
46,3,12,0,1,47,"w1d2/00",200,0,0,"Thanalan","Halatali","",17,1022,"w1d2",True,False
47,0,0,0,1,51,"w1d4/00",200,0,0,"Thanalan","Castrum Meridianum","",18,65534,"w1d4",True,False
48,2,11,2,1,12,"f1d2/01",200,0,0,"The Black Shroud","Haukke Manor","Ground Floor",8,510,"f1d2",False,False
49,2,12,1,1,14,"f1d3/01",200,0,0,"The Black Shroud","Amdapor Keep","Ground Floor",19,14,"f1d3",True,False
50,4,7,1,1,104,"r1r1/01",200,0,0,"Coerthas","Dzemael Darkhold","Outer Hold",25,62,"r1r1",True,False
51,1,5,0,1,83,"s1p1/00",400,0,0,"La Noscea","Wolves' Den Pier","",-1,0,"s1p1",True,False
52,3,14,1,1,63,"w1r1/01",200,0,0,"Thanalan","Cutter's Cry","The Dry Sands",20,158,"w1r1",True,False
53,4,4,0,1,102,"r1f1/00",100,0,0,"Coerthas","Coerthas Central Highlands","",9,8388606,"r1f1",False,False
54,2,11,1,1,11,"f1d2/02",200,0,0,"The Black Shroud","Haukke Manor","Second Floor",8,1966080,"f1d2",False,False
55,2,11,3,1,13,"f1d2/03",200,0,0,"The Black Shroud","Haukke Manor","Cellarage",8,130560,"f1d2",False,False
56,0,0,1,1,52,"w1d5/01",200,0,0,"Thanalan","Praetorium","Sky Level",26,2,"w1d5",True,False
57,0,0,0,1,87,"s1b1/00",200,0,0,"La Noscea","Upper Aetheroacoustic Exploratory Site","",21,254,"s1b1",True,False
58,0,0,0,1,88,"s1b2/00",200,0,0,"La Noscea","Lower Aetheroacoustic Exploratory Site","",22,6,"s1b2",True,False
59,0,0,0,1,92,"s1b4/00",200,0,0,"La Noscea","Ragnarok Drive Cylinder","",-1,0,"s1b4",True,False
60,0,0,0,1,93,"s1b5/00",200,0,0,"La Noscea","Ragnarok Central Core","",23,14,"s1b5",True,False
61,0,0,0,1,94,"default/00",100,0,0,"La Noscea","Ragnarok Main Bridge","",-1,0,"s1b7",True,False
62,0,0,1,1,89,"s1b3/01",200,0,0,"La Noscea","The Ragnarok","Engine Room",24,2,"s1b3",True,False
63,0,0,2,1,90,"s1b3/02",200,0,0,"La Noscea","The Ragnarok","Compression Chamber",24,4,"s1b3",True,False
64,0,0,3,1,91,"s1b3/03",200,0,0,"La Noscea","The Ragnarok","Propellant Chamber",24,8,"s1b3",True,False
65,0,0,3,1,25,"f1b3/01",200,0,0,"The Black Shroud","Central Decks","Lower Decks",36,2,"f1b3",True,False
66,0,0,2,1,26,"f1b3/02",200,0,0,"The Black Shroud","Central Decks","Main Decks",36,52,"f1b3",True,False
67,0,0,1,1,27,"f1b3/03",200,0,0,"The Black Shroud","Central Decks","Upper Decks",36,8,"f1b3",True,False
68,0,0,0,1,29,"f1e4/00",800,0,0,"The Black Shroud","Seat of the First Bow","",-1,0,"f1e4",True,True
69,0,0,0,1,30,"f1e5/00",400,0,0,"The Black Shroud","Lotus Stand","",-1,0,"f1e5",True,True
70,3,2,0,1,61,"w1t1/02",200,0,0,"Thanalan","Ul'dah - Steps of Nald","Airship Landing",-1,0,"w1t1",True,False
71,5,4,1,1,110,"l1r1/01",200,0,0,"Mor Dhona","Labyrinth of the Ancients","Lower Labyrinth",30,16382,"l1r1",True,False
72,1,4,1,1,86,"s1h1/01",200,0,0,"La Noscea","Mist","Mist",-1,0,"s1h1",True,False
73,3,3,2,1,62,"w1t2/02",200,0,0,"Thanalan","Ul'dah - Steps of Thal","Hustings Strip",-1,0,"w1t2",True,False
74,1,2,0,1,73,"s1t1/02",200,0,0,"La Noscea","Limsa Lominsa Upper Decks","Airship Landing",-1,0,"s1t1",True,False
75,0,0,0,1,31,"s1e4/00",800,0,0,"La Noscea","Command Room","",-1,0,"s1e4",True,True
76,0,0,0,1,32,"s1e5/00",400,0,0,"La Noscea","リムサ・ロミンサ会議部屋","",-1,0,"s1e5",True,False
77,0,0,0,1,33,"s1e6/00",400,0,0,"La Noscea","リムサ・ロミンサ演説部屋","",-1,0,"s1e6",True,False
78,0,0,0,1,34,"w1e4/00",400,0,0,"Thanalan","Heart of the Sworn","",-1,0,"w1e4",True,True
79,0,0,0,1,35,"w1e5/00",400,0,0,"Thanalan","The Fragrant Chamber","",-1,0,"w1e5",True,False
80,0,0,0,1,36,"w1e6/00",400,0,0,"Thanalan","The Waking Sands","",-1,0,"w1e6",True,True
81,0,0,0,1,84,"s1p2/00",400,0,0,"La Noscea","The Wolves' Den","",-1,0,"s1p2",True,False
82,2,4,1,1,66,"f1h1/01",200,0,0,"The Black Shroud","The Lavender Beds","The Lavender Beds",-1,0,"f1h1",True,False
83,3,4,1,1,67,"w1h1/01",200,0,0,"Thanalan","The Goblet","The Goblet",-1,0,"w1h1",True,False
84,2,12,2,1,15,"f1d3/02",200,0,0,"The Black Shroud","Amdapor Keep","Second Floor",19,240,"f1d3",True,False
85,2,12,3,1,16,"f1d3/03",200,0,0,"The Black Shroud","Amdapor Keep","Third Floor",19,3840,"f1d3",True,False
86,4,7,2,1,105,"r1r1/02",200,0,0,"Coerthas","Dzemael Darkhold","Inner Hold",25,8128,"r1r1",True,False
87,1,1,0,2,131,"region/00",100,0,0,"La Noscea","La Noscea","",-1,0,,True,False
88,3,1,0,2,132,"region/02",100,0,0,"Thanalan","Thanalan","",-1,0,,True,False
89,2,1,0,2,133,"region/01",100,0,0,"The Black Shroud","The Black Shroud","",-1,0,,True,False
90,4,1,0,2,134,"region/03",100,0,0,"Coerthas","Coerthas","",-1,0,,True,False
91,5,1,0,2,135,"region/04",100,0,0,"Mor Dhona","Mor Dhona","",-1,0,,True,False
92,10,1,0,3,136,"world/00",100,0,0,"Eorzea","Eorzea","",-1,0,,True,False
93,0,0,0,1,137,"w1f4/02",100,0,0,"Thanalan","Southern Thanalan","Zanr'ak",-1,0,"w1f4",True,True
94,0,0,0,1,37,"w1e6/00",400,0,0,"Thanalan","The Waking Sands","",-1,0,"w1e6",True,True
95,0,0,0,1,85,"o1e2/00",400,0,0,"La Noscea","Rhotano Sea","",-1,0,,True,False
96,3,14,2,1,64,"w1r1/02",200,0,0,"Thanalan","Cutter's Cry","The Wet Sands",20,96,"w1r1",True,False
97,3,14,3,1,65,"w1r1/03",200,0,0,"Thanalan","Cutter's Cry","The Blue Sands",20,1792,"w1r1",True,False
98,0,0,2,1,137,"r1fa/02",400,0,0,"Coerthas","The Howling Eye","",-1,0,"r1fa_event",True,True
99,0,0,2,1,53,"w1d5/02",200,0,0,"Thanalan","Praetorium","Castrum Control",26,12,"w1d5",True,False
100,0,0,3,1,54,"w1d5/03",200,0,0,"Thanalan","Praetorium","Castrum Defense",26,48,"w1d5",True,False
101,0,0,4,1,55,"w1d5/04",200,0,0,"Thanalan","Praetorium","Main Level",26,832,"w1d5",True,False
102,0,0,5,1,57,"w1d5/05",200,0,0,"Thanalan","Praetorium","Ground Level",26,3072,"w1d5",True,False
103,0,0,6,1,56,"w1d5/06",100,0,0,"Thanalan","Praetorium","Research Level",26,61440,"w1d5",True,False
104,0,0,7,1,137,"w1d5/07",100,0,0,"Thanalan","Praetorium","",-1,0,"w1d5",True,False
105,0,0,0,1,137,"l1f1/02",400,0,0,"Mor Dhona","Mor Dhona","",-1,0,"l1f1",True,True
106,0,0,0,1,137,"default/00",100,0,0,"Eorzea","Eorzean Subterrane","",-1,0,"s1b7_2",True,False
107,0,0,0,1,38,"w1e6/00",400,0,0,"Thanalan","The Waking Sands","",-1,0,"w1e6",True,True
108,1,15,1,1,95,"s1d4/01",200,0,0,"La Noscea","Pharos Sirius","Flood Cellar",27,6,"s1d4",True,False
109,0,0,1,1,137,"s1i1/01",400,0,0,"La Noscea","Private Cottage - Mist","Ground Floor",-1,0,"s1i1",True,False
110,0,0,2,1,137,"s1i2/01",400,0,0,"La Noscea","Private House - Mist","Ground Floor",-1,0,"s1i2",True,False
111,0,0,1,1,137,"s1i2/02",400,0,0,"La Noscea","Private House - Mist","Second Floor",-1,0,"s1i2",True,False
112,0,0,3,1,137,"s1i2/03",400,0,0,"La Noscea","Private House - Mist","Cellarage",-1,0,"s1i2",True,False
113,0,0,2,1,137,"s1i3/01",400,0,0,"La Noscea","Private Mansion - Mist","Ground Floor",-1,0,"s1i3",True,False
114,0,0,1,1,137,"s1i3/02",400,0,0,"La Noscea","Private Mansion - Mist","Second Floor",-1,0,"s1i3",True,False
115,0,0,3,1,137,"s1i3/03",400,0,0,"La Noscea","Private Mansion - Mist","Cellarage",-1,0,"s1i3",True,False
116,0,0,1,1,137,"f1i1/01",400,0,0,"The Black Shroud","Private Cottage - The Lavender Beds","Ground Floor",-1,0,"f1i1",True,False
117,0,0,2,1,137,"f1i2/01",400,0,0,"The Black Shroud","Private House - The Lavender Beds","Ground Floor",-1,0,"f1i2",True,False
118,0,0,1,1,137,"f1i2/02",400,0,0,"The Black Shroud","Private House - The Lavender Beds","Second Floor",-1,0,"f1i2",True,False
119,0,0,3,1,137,"f1i2/03",400,0,0,"The Black Shroud","Private House - The Lavender Beds","Cellarage",-1,0,"f1i2",True,False
120,0,0,2,1,137,"f1i3/01",400,0,0,"The Black Shroud","Private Mansion - The Lavender Beds","Ground Floor",-1,0,"f1i3",True,False
121,0,0,1,1,137,"f1i3/02",400,0,0,"The Black Shroud","Private Mansion - The Lavender Beds","Second Floor",-1,0,"f1i3",True,False
122,0,0,3,1,137,"f1i3/03",400,0,0,"The Black Shroud","Private Mansion - The Lavender Beds","Cellarage",-1,0,"f1i3",True,False
123,0,0,1,1,137,"w1i1/01",400,0,0,"Thanalan","Private Cottage - The Goblet","Ground Floor",-1,0,"w1i1",True,False
124,0,0,2,1,137,"w1i2/01",400,0,0,"Thanalan","Private House - The Goblet","Ground Floor",-1,0,"w1i2",True,False
125,0,0,1,1,137,"w1i2/02",400,0,0,"Thanalan","Private House - The Goblet","Second Floor",-1,0,"w1i2",True,False
126,0,0,3,1,137,"w1i2/03",400,0,0,"Thanalan","Private House - The Goblet","Cellarage",-1,0,"w1i2",True,False
127,0,0,2,1,137,"w1i3/01",400,0,0,"Thanalan","Private Mansion - The Goblet","Ground Floor",-1,0,"w1i3",True,False
128,0,0,1,1,137,"w1i3/02",400,0,0,"Thanalan","Private Mansion - The Goblet","Second Floor",-1,0,"w1i3",True,False
129,0,0,3,1,137,"w1i3/03",400,0,0,"Thanalan","Private Mansion - The Goblet","Cellarage",-1,0,"w1i3",True,False
130,1,15,2,1,96,"s1d4/02",200,0,0,"La Noscea","Pharos Sirius","Ground Floor",27,248,"s1d4",True,False
131,1,15,3,1,97,"s1d4/03",200,0,0,"La Noscea","Pharos Sirius","Second Floor",27,768,"s1d4",True,False
132,1,15,4,1,98,"s1d4/04",200,0,0,"La Noscea","Pharos Sirius","Third Floor",27,1024,"s1d4",True,False
133,1,15,5,1,99,"s1d4/05",200,0,0,"La Noscea","Pharos Sirius","Fourth Floor",27,2048,"s1d4",True,False
134,1,15,6,1,100,"s1d4/06",200,0,0,"La Noscea","Pharos Sirius","Fifth Floor",27,4096,"s1d4",True,False
135,5,4,2,1,111,"l1r1/02",200,0,0,"Mor Dhona","Labyrinth of the Ancients","Upper Labyrinth",30,49152,"l1r1",True,False
136,0,0,0,1,109,"l1e1/00",400,0,0,"Mor Dhona","The Rising Stones","",-1,0,"l1e1",True,True
137,2,13,2,1,18,"f1d4/01",200,0,0,"The Black Shroud","Haukke Manor (Hard)","Ground Floor",28,1922,"f1d4",True,False
138,2,13,1,1,17,"f1d4/02",200,0,0,"The Black Shroud","Haukke Manor (Hard)","Second Floor",28,124,"f1d4",True,False
139,2,13,3,1,19,"f1d4/03",200,0,0,"The Black Shroud","Haukke Manor (Hard)","Cellarage",28,63488,"f1d4",True,False
140,3,15,1,1,119,"w1d6/01",200,0,0,"Thanalan","Copperbell Mines (Hard)","Ground Level",29,6,"w1d6",True,False
141,3,15,2,1,120,"w1d6/02",200,0,0,"Thanalan","Copperbell Mines (Hard)","First Drop",29,1016,"w1d6",True,False
142,3,15,3,1,121,"w1d6/03",200,0,0,"Thanalan","Copperbell Mines (Hard)","B2",29,64512,"w1d6",True,False
143,0,0,0,1,137,"w1fb/00",400,0,0,"Thanalan","Porta Decumana","",-1,0,"w1fb"{{{STRING}}},True,False
144,0,0,0,1,127,"r1fb/00",200,0,0,"Coerthas","Griffin Crossing","",-1,0,"r1fb"{{{STRING}}},True,False
145,3,16,0,1,58,"w1d7/00",200,0,0,"Thanalan","Halatali (Hard)","",31,4094,"w1d7",True,False
146,1,16,0,1,101,"s1d6/00",200,0,0,"La Noscea","Brayflox's Longstop (Hard)","",32,2046,"s1d6",True,False
147,0,0,0,1,137,"o1fa/00",400,0,0,"La Noscea","The Whorleater","",-1,0,"o1fa",True,False
148,0,0,0,1,22,"f1b1/00",200,0,0,"The Black Shroud","Dalamud's Shadow","",34,126,"f1b1",True,False
149,0,0,1,1,23,"f1b2/01",200,0,0,"The Black Shroud","The Outer Coil","Incubation Bay",35,6,"f1b2",True,False
150,0,0,0,1,28,"f1b4/00",200,0,0,"The Black Shroud","The Holocharts","",-1,0,"f1b4",True,False
151,2,15,1,1,122,"f1d5/01",200,0,0,"The Black Shroud","The Lost City of Amdapor","Central Amdapor",33,510,"f1d5",True,False
152,2,15,2,1,123,"f1d5/02",200,0,0,"The Black Shroud","The Lost City of Amdapor","Sanctum of Dreams",33,7680,"f1d5",True,False
153,0,0,2,1,137,"s1i1/02",400,0,0,"La Noscea","Private Cottage - Mist","Cellarage",-1,0,"s1i1",True,False
154,0,0,2,1,137,"f1i1/02",400,0,0,"The Black Shroud","Private Cottage - The Lavender Beds","Cellarage",-1,0,"f1i1",True,False
155,0,0,2,1,137,"w1i1/02",400,0,0,"Thanalan","Private Cottage - The Goblet","Cellarage",-1,0,"w1i1",True,False
156,0,0,2,1,24,"f1b2/02",200,0,0,"The Black Shroud","The Outer Coil","Monitoring Station ",35,24,"f1b2",True,False
157,4,9,0,1,107,"r1d2/00",200,0,0,"Coerthas","The Stone Vigil (Hard)","",37,16382,"r1d2",True,False
158,5,5,1,1,112,"l1r2/01",200,0,0,"Mor Dhona","Syrcus Tower","First Lower Ring",38,2,"l1r2",True,False
159,5,5,2,1,113,"l1r2/02",200,0,0,"Mor Dhona","Syrcus Tower","Second Lower Ring",38,12,"l1r2",True,False
160,5,5,3,1,114,"l1r2/03",200,0,0,"Mor Dhona","Syrcus Tower","Third Lower Ring",38,48,"l1r2",True,False
161,5,5,4,1,115,"l1r2/04",200,0,0,"Mor Dhona","Syrcus Tower","First Central Ring",38,192,"l1r2",True,False
162,5,5,5,1,116,"l1r2/05",200,0,0,"Mor Dhona","Syrcus Tower","Second Central Ring",38,768,"l1r2",True,False
163,5,5,6,1,117,"l1r2/06",200,0,0,"Mor Dhona","Syrcus Tower","Third Central Ring",38,3072,"l1r2",True,False
164,5,5,7,1,118,"l1r2/07",200,0,0,"Mor Dhona","Syrcus Tower","Upper Ring",38,28672,"l1r2",True,False
165,2,16,0,1,9,"f1d6/00",300,0,0,"The Black Shroud","The Tam-Tara Deepcroft (Hard)","",39,16382,"f1d6",True,False
166,0,0,0,1,137,"f1fb/00",400,0,0,"The Black Shroud","The Striking Tree","",-1,0,"f1fb"{{{STRING}}},True,False
167,0,0,0,1,124,"l1p1/00",100,0,0,"Mor Dhona","Carteneau Flats: Borderland Ruins","",-1,0,"l1p1",True,False
168,1,17,0,1,125,"s1d5/00",200,0,0,"La Noscea","Hullbreaker Isle","",40,8190,"s1d5",True,False
169,1,18,0,1,126,"s1d7/00",200,0,0,"La Noscea","Sastasha (Hard)","",42,1022,"s1d7",True,False
170,0,0,0,1,137,"s1i4/00",400,0,0,"La Noscea","Private Chambers - Mist","",-1,0,"s1i4",True,False
171,0,0,0,1,137,"f1i4/00",400,0,0,"The Black Shroud","Private Chambers - The Lavender Beds","",-1,0,"f1i4",True,False
172,0,0,0,1,137,"w1i4/00",400,0,0,"Thanalan","Private Chambers - The Goblet","",-1,0,"w1i4",True,False
173,0,0,0,1,137,"r1fc/00",400,0,0,"Coerthas","Akh Afah Amphitheatre","",-1,0,"r1fc",True,False
174,4,10,0,1,128,"r1d3/00",200,0,0,"Coerthas","Snowcloak","",41,2046,"r1d3",True,False
175,0,0,0,1,140,"w1b1/00",200,0,0,"Thanalan","IC-06 Central Decks","",45,126,"w1b1",True,False
176,0,0,0,1,141,"w1b2/00",200,0,0,"Thanalan","IC-06 Regeneration Grid","",46,126,"w1b2",True,False
177,0,0,0,1,142,"w1b3/00",200,0,0,"Thanalan","IC-06 Main Bridge","",-1,0,"w1b3",True,False
178,0,0,0,1,143,"w1b4/00",200,-448,0,"Thanalan","The Burning Heart","",-1,0,"w1b4",True,False
179,0,0,0,1,137,"r1e2/00",400,0,0,"Coerthas","Coerthas Central Highlands","Intercessory",-1,0,"r1f1",True,True
180,0,0,0,1,137,"f1e6/00",200,0,0,"The Black Shroud","East Shroud","Sanctum of the Twelve",-1,0,"f1f2",True,True
181,0,0,0,1,137,"",100,0,0,"The Black Shroud","South Shroud","Dock Storehouse",-1,0,"s1f3",True,True
182,3,17,1,1,138,"w1d8/01",200,0,0,"Thanalan","The Sunken Temple of Qarn","Inner Sanctum",43,65038,"w1d8",True,False
183,3,17,2,1,139,"w1d8/02",200,0,0,"Thanalan","The Sunken Temple of Qarn","Lower Sanctum",43,496,"w1d8",True,False
184,5,6,1,1,130,"l1r3/00",200,0,0,"Mor Dhona","The World of Darkness","",47,2046,"l1r3",True,False
185,0,0,0,1,137,"default/00",100,0,0,"Eorzea","The Belly of the Beast","",-1,0,"l1r3",True,False
186,0,0,0,1,152,"r1fd/00",200,0,0,"Coerthas","Steps of Faith","",-1,0,"r1fd",True,False
187,0,0,0,1,137,"default/00",100,0,0,"The Black Shroud","South Shroud","Urth's Fount",-1,0,"f1f3_battle",True,False
188,1,19,0,1,129,"s1d8/00",200,0,0,"La Noscea","The Wanderer's Palace (Hard)","",44,4094,"s1d8",True,False
189,2,17,1,1,149,"f1d7/01",200,0,0,"The Black Shroud","Amdapor Keep (Hard)","Ground Floor",48,62,"f1d7",True,False
190,2,17,2,1,150,"f1d7/02",200,0,0,"The Black Shroud","Amdapor Keep (Hard)","Third Floor",48,8128,"f1d7",True,False
191,2,17,3,1,151,"f1d7/03",200,0,0,"The Black Shroud","Amdapor Keep (Hard)","Cellar",48,57344,"f1d7",True,False
192,1,4,2,1,144,"s1h1/02",200,704,704,"La Noscea","Mist","Mist Subdivision",-1,0,"s1h1",True,False
193,2,4,2,1,145,"f1h1/02",200,704,704,"The Black Shroud","The Lavender Beds","The Lavender Beds Subdivision",-1,0,"f1h1",True,False
194,3,4,2,1,146,"w1h1/02",200,704,704,"Thanalan","The Goblet","The Goblet Subdivision",-1,0,"w1h1",True,False
195,0,0,0,1,137,"default/00",100,0,0,"Thanalan","Halatali","",-1,0,"w1d7_battle",True,False
196,3,5,1,1,147,"w1eb/00",400,0,0,"Thanalan","The Gold Saucer","The Gold Saucer",-1,0,"w1eb"{{{STRING}}},True,False
197,3,5,2,1,148,"w1ed/00",400,0,0,"Thanalan","The Gold Saucer","Chocobo Square",-1,0,"w1ed",True,False
198,0,0,0,1,156,"s1fb/00",100,-472,-424,"La Noscea","Chocobo Square","",-1,0,"s1fb"{{{STRING}}},True,False
199,0,0,0,1,157,"w1fc/01",100,0,0,"Thanalan","Chocobo Square","",-1,0,"w1fc",True,False
200,0,0,0,1,158,"f1fc/00",100,0,0,"The Black Shroud","Chocobo Square","",-1,0,"f1fc",True,False
201,5,3,1,1,153,"l1d1/01",200,0,0,"Mor Dhona","The Keeper of the Lake","Forecastle",49,30,"l1d1",True,False
202,5,3,2,1,154,"l1d1/02",200,0,0,"Mor Dhona","The Keeper of the Lake","Quarterdeck",49,480,"l1d1",True,False
203,5,3,3,1,155,"l1d1/03",200,0,0,"Mor Dhona","The Keeper of the Lake","Stern",49,3584,"l1d1",True,False
204,0,0,0,1,137,"s1i5/00",400,0,0,"La Noscea","Company Workshop - Mist","",-1,0,"s1i5",True,False
205,0,0,0,1,137,"w1i5/00",400,0,0,"Thanalan","Company Workshop - The Goblet","",-1,0,"w1i5",True,False
206,0,0,0,1,137,"f1i5/00",400,0,0,"The Black Shroud","Company Workshop - The Lavender Beds","",-1,0,"f1i5",True,False
207,0,0,0,1,137,"z1e9/00",400,0,0,"Mor Dhona","The Chrysalis","",-1,0,"z1e9",True,False
208,0,0,0,1,137,"default/00",100,-220,0,"Mor Dhona","The Chrysalis","",-1,0,"z1e9",True,False
209,0,0,0,1,137,"default/00",200,0,0,"The Black Shroud","Sanctum of the Twelve","",-1,0,"f1f2",True,True
210,0,0,0,1,137,"default/00",200,0,0,"The Black Shroud","Amdapor Keep","",-1,0,"f1d3",True,False
211,4,5,0,1,161,"r2f1/00",95,0,0,"Coerthas","Coerthas Western Highlands","",16,2147483646,"r2f1",False,False
212,7,2,0,1,162,"d2f1/00",95,0,0,"Dravania","The Dravanian Forelands","",11,2147483646,"d2f1",False,False
213,7,3,0,1,163,"d2f2/00",95,0,0,"Dravania","The Dravanian Hinterlands","",12,2147483646,"d2f2",False,False
214,7,4,0,1,164,"d2f3/00",95,0,0,"Dravania","The Churning Mists","",13,2147483646,"d2f3",False,False
215,6,2,0,1,165,"a2f1/00",95,0,0,"Abalathia's Spine","The Sea of Clouds","",14,2147483646,"a2f1",False,False
216,6,3,0,1,166,"a2f2/00",95,0,0,"Abalathia's Spine","Azys Lla","",15,2147483646,"a2f2",False,False
217,0,0,0,1,137,"w1fc/02",100,0,-690,"Thanalan","Chocobo Square","",-1,0,"w1fc_tutorial",True,False
218,4,2,0,1,159,"r2t1/00",200,0,0,"Coerthas","Foundation","",-1,0,"r2t1",True,False
219,4,3,0,1,160,"r2t2/00",200,0,0,"Coerthas","The Pillars","",-1,0,"r2t2",True,False
220,0,0,0,1,137,"r2e1/00",400,0,0,"Coerthas","Saint Endalim Scholasticate","",-1,0,"r2e1",True,True
221,0,0,0,1,137,"r2e3/00",400,0,0,"Coerthas","Seat of the Lord Commander","",-1,0,"r2e3",True,True
222,0,0,0,1,137,"r2e4/00",400,0,0,"Coerthas","Fortemps Manor","",-1,0,"r2e4",True,True
223,0,0,0,1,137,"r2ti/00",800,0,0,"Coerthas","Cloud Nine","",-1,0,"r2ti",True,False
224,0,0,0,1,137,"r2e5/00",400,0,0,"Coerthas","The Lightfeather Proving Grounds","",-1,0,"r2e5",True,True
225,0,0,0,1,137,"r2e6/00",400,0,0,"Coerthas","Ruling Chamber","",-1,0,"r2e6",True,True
226,0,0,0,1,137,"d2e2/00",400,0,0,"Dravania","Sacrificial Chamber","",-1,0,"d2e2",True,True
227,7,6,1,1,167,"d2d1/01",200,185,51,"Dravania","Abalathia Foothills","The South Face",51,30,"d2d1",True,False
228,7,6,2,1,168,"d2d1/02",200,-162,55,"Dravania","Abalathia Foothills","The Veins",51,992,"d2d1",True,False
229,7,6,3,1,169,"d2d1/03",200,51,59,"Dravania","Abalathia Foothills","Betrayal",51,15360,"d2d1",True,False
230,6,5,0,1,174,"a2d2/00",200,0,0,"Abalathia's Spine","Neverreap","",50,62,"a2d2",True,False
231,6,4,1,1,170,"a2d1/01",200,-18,149,"Abalathia's Spine","Aetherochemical Research Facility","Automachina Research",10,254,"a2d1",False,False
232,6,4,2,1,171,"a2d1/02",200,-18,-18,"Abalathia's Spine","Aetherochemical Research Facility","Bioweapon Research",10,32512,"a2d1",False,False
233,6,4,3,1,172,"a2d1/03",200,359,250,"Abalathia's Spine","Aetherochemical Research Facility","Autolift",10,32768,"a2d1",False,False
234,6,4,4,1,173,"a2d1/04",200,-229,-62,"Abalathia's Spine","Aetherochemical Research Facility","Triad Control",10,33488896,"a2d1",False,False
235,0,0,0,1,137,"a2fa/00",400,0,0,"Abalathia's Spine","The Limitless Blue","",-1,0,"a2fa",True,False
236,0,0,0,1,137,"a2fb/00",400,0,0,"Abalathia's Spine","Singularity Reactor","",-1,0,"a2fb"{{{STRING}}},True,False
237,0,0,0,1,175,"d2a1/00",200,0,0,"Dravania","The Fist of the Father","",57,30,"d2a1",True,False
238,0,0,1,1,176,"d2a2/01",200,0,0,"Dravania","The Cuff of the Father","Upper Ring",58,6,"d2a2",True,False
239,0,0,0,1,178,"d2a3/00",200,0,0,"Dravania","The Arm of the Father","",59,62,"d2a3",True,False
240,0,0,0,1,179,"d2a4/00",200,0,0,"Dravania","The Burden of the Father","",-1,0,"d2a4",True,False
241,7,8,0,1,187,"d2d3/00",200,0,0,"Dravania","The Great Gubal Library","",55,65534,"d2d3",True,False
242,0,0,0,1,137,"s2p1/00",100,0,0,"La Noscea","Seal Rock","",-1,0,"s2p1",True,False
243,4,11,0,1,188,"r2d1/00",200,0,0,"Coerthas","Dusk Vigil","",52,65534,"r2d1",True,False
244,6,6,1,1,189,"a2d3/01",200,0,-213,"Abalathia's Spine","The Fractal Continuum","Forward Complex",53,2,"a2d3",True,False
245,6,6,2,1,190,"a2d3/02",200,-163,-75,"Abalathia's Spine","The Fractal Continuum","Larboard Complex",53,124,"a2d3",True,False
246,6,6,3,1,191,"a2d3/03",200,237,-128,"Abalathia's Spine","The Fractal Continuum","Starboard Complex",53,3968,"a2d3",True,False
247,6,6,4,1,192,"a2d3/04",200,0,350,"Abalathia's Spine","The Fractal Continuum","Central Complex",53,61440,"a2d3",True,False
248,4,12,1,1,183,"r2d2/01",200,0,0,"Coerthas","The Vault","Chantry Nave",56,126,"r2d2",True,False
249,4,12,2,1,184,"r2d2/02",200,0,0,"Coerthas","The Vault","Chantry Cloister",56,384,"r2d2",True,False
250,4,12,3,1,185,"r2d2/03",200,0,0,"Coerthas","The Vault","Inner Sanctum",56,3584,"r2d2",True,False
251,4,12,4,1,186,"r2d2/04",200,0,0,"Coerthas","The Vault","Hall of the Spear",56,28672,"r2d2",True,False
252,7,7,0,1,193,"d2d2/00",200,-40,55,"Dravania","The Aery","",54,16382,"d2d2",True,False
253,0,0,0,1,194,"d2e3/00",400,0,0,"Dravania","Matoya's Cave","",-1,0,"d2e3",True,True
254,0,0,0,1,173,"a2d1/04",200,-229,-322,"Abalathia's Spine","Aetherochemical Research Facility","Triad Control",10,33488896,"a2d1",False,False
255,0,0,2,1,177,"d2a2/02",200,0,0,"Dravania","The Cuff of the Father","Lower Ring",58,24,"d2a2",True,False
256,0,0,0,1,137,"d2fa/00",400,0,0,"Dravania","Thok ast Thok","",-1,0,"d2fa",True,False
257,7,5,0,1,182,"d2t1/00",400,0,0,"Dravania","Idyllshire","",-1,0,"d2t1",True,False
258,6,1,0,2,181,"region/05",100,0,0,"Abalathia's Spine","Abalathia's Spine","",-1,0,,True,False
259,7,1,0,2,180,"region/06",100,0,0,"Dravania","Dravania","",-1,0,,True,False
260,0,0,0,1,137,"default/00",100,0,0,"Dravania","The Gordian Knot","",-1,0,"d2e4",True,True
261,0,0,0,1,137,"a2e2/00",400,0,0,"Abalathia's Spine","Central Azys Lla","",-1,0,"a2e2",True,True
