﻿key,0,1,2
#,Icon,,
int32,Image,int32,bit&01
0,"ui/icon/000000/000000.tex",0,False
1,"ui/icon/060000/060453.tex",1230,True
2,"ui/icon/060000/060430.tex",1231,True
3,"ui/icon/060000/060412.tex",1232,True
4,"ui/icon/060000/060434.tex",1233,True
5,"ui/icon/060000/060551.tex",1234,True
6,"ui/icon/060000/060425.tex",1235,True
7,"ui/icon/060000/060426.tex",1236,True
8,"ui/icon/060000/060427.tex",1237,True
9,"ui/icon/060000/060460.tex",1238,True
10,"ui/icon/060000/060560.tex",1239,True
11,"ui/icon/060000/060559.tex",1240,True
12,"ui/icon/060000/060759.tex",1241,True
13,"ui/icon/060000/060760.tex",1242,True
14,"ui/icon/060000/060414.tex",1243,True
15,"ui/icon/060000/060456.tex",1244,True
16,"ui/icon/060000/060339.tex",1245,True
17,"ui/icon/060000/060352.tex",1246,True
18,"ui/icon/060000/060448.tex",1247,True
19,"ui/icon/060000/060436.tex",1248,True
20,"ui/icon/060000/060314.tex",1249,True
21,"ui/icon/060000/060446.tex",1250,True
22,"ui/icon/060000/060447.tex",1251,True
23,"ui/icon/060000/060441.tex",1252,False
24,"ui/icon/060000/060449.tex",1253,False
25,"ui/icon/060000/060555.tex",1254,False
26,"ui/icon/060000/060450.tex",1255,False
27,"ui/icon/060000/060554.tex",1256,False
28,"ui/icon/060000/060451.tex",1257,False
29,"ui/icon/060000/060342.tex",1258,True
30,"ui/icon/060000/060347.tex",1259,True
31,"ui/icon/060000/060331.tex",1260,True
32,"ui/icon/060000/060322.tex",1261,True
33,"ui/icon/060000/060320.tex",1262,True
34,"ui/icon/060000/060319.tex",1263,True
35,"ui/icon/060000/060344.tex",1264,True
36,"ui/icon/060000/060330.tex",1265,True
37,"ui/icon/060000/060321.tex",1266,True
38,"ui/icon/060000/060337.tex",1267,True
39,"ui/icon/060000/060334.tex",1268,True
40,"ui/icon/060000/060345.tex",1269,True
41,"ui/icon/060000/060326.tex",1270,True
42,"ui/icon/060000/060348.tex",1271,True
43,"ui/icon/060000/060351.tex",1272,True
44,"ui/icon/060000/060335.tex",1273,True
45,"ui/icon/060000/060346.tex",1274,True
46,"ui/icon/060000/060318.tex",1275,True
47,"ui/icon/060000/060333.tex",1276,True
48,"ui/icon/060000/060567.tex",1277,True
49,"ui/icon/060000/060568.tex",1278,True
50,"ui/icon/060000/060569.tex",1279,True
51,"ui/icon/060000/060311.tex",1293,True
52,"ui/icon/060000/060768.tex",1280,True
53,"ui/icon/060000/060570.tex",1281,True
54,"ui/icon/060000/060459.tex",1282,True
55,"ui/icon/060000/060428.tex",1283,True
56,"ui/icon/060000/060572.tex",1284,True
57,"ui/icon/060000/060573.tex",1285,True
58,"ui/icon/060000/060574.tex",1286,True
59,"ui/icon/060000/060571.tex",1287,True
60,"ui/icon/060000/060581.tex",1288,True
61,"ui/icon/060000/060362.tex",1289,True
62,"ui/icon/060000/060582.tex",1290,True
63,"ui/icon/060000/060363.tex",1291,True
64,"ui/icon/060000/060364.tex",1292,True
65,"ui/icon/000000/000000.tex",0,False
66,"ui/icon/000000/000000.tex",0,False
67,"ui/icon/000000/000000.tex",0,False
68,"ui/icon/000000/000000.tex",0,False
69,"ui/icon/000000/000000.tex",0,False
70,"ui/icon/000000/000000.tex",0,False
