﻿key,0,1
#,,
int32,str,str
0,"cbnm_aettch_1","cbnm_aettch_2lp"
1,"cbnm_aettch_3","cbnm_id0"
2,"cbnm_drink","cbnm_id0"
3,"cbnm_eat","cbnm_id0"
4,"cbnm_event_1","cbnm_event_2lp"
5,"cbnm_event_3","cbnm_id0"
6,"cbnm_itm_1","cbnm_itm_2lp"
7,"cbnm_itm_3","cbnm_id0"
8,"cbnm_jump_3","cbnm_id0"
9,"cbnm_matering","cbnm_id0"
10,"cbnm_mgc_cmn_1","cbnm_mgc_cmn_2lp"
11,"cbnm_mgc_cmn_3","cbbm_id0"
12,"cbbm_abl_1","cbbm_abl_2lp"
13,"cbbm_abl_3","cbbm_id0"
14,"cbbm_abl_bene","cbbm_id0"
15,"cbbm_abl_conv","cbbm_id0"
16,"cbbm_abl_crusade","cbbm_id0"
17,"cbbm_abl_divin","cbbm_id0"
18,"cbbm_abl_excruciate","cbbm_id0"
19,"cbbm_abl_guren","cbbm_id0"
20,"cbbm_abl_hagane","cbbm_id0"
21,"cbbm_abl_illusive","cbbm_id0"
22,"cbbm_abl_invi","cbbm_id0"
23,"cbbm_abl_kabau","cbbm_id0"
24,"cbbm_abl_keenflurry","cbbm_id0"
25,"cbbm_abl_kong","cbbm_id0"
26,"cbbm_abl_kumei","cbbm_id0"
27,"cbbm_abl_midare","cbbm_id0"
28,"cbbm_abl_mosa","cbbm_id0"
29,"cbbm_abl_naita","cbbm_id0"
30,"cbbm_abl_rampart","cbbm_id0"
31,"cbbm_abl_ryuken","cbbm_id0"
32,"cbbm_abl_ryusou","cbbm_id0"
33,"cbbm_abl_seijya","cbbm_id0"
34,"cbbm_abl_sinsoku","cbbm_id0"
35,"cbbm_abl_sipu","cbbm_id0"
36,"cbbm_abl_sutemi","cbbm_id0"
37,"cbbm_abl_syukufuku","cbbm_id0"
38,"cbbm_abl_taim","cbbm_id0"
39,"cbbm_abl_taunt","cbbm_id0"
40,"cbbm_abl_zanei","cbbm_id0"
41,"cbbm_ded","cbbm_dedpose"
42,"cbbm_ft_ded_1","cbbm_ft_ded_2lp"
43,"cbbm_itm_1","cbbm_itm_2lp"
44,"cbbm_itm_3","cbbm_id0"
45,"cbbm_lbk_party","cbbm_id0"
46,"cbbm_mgc_blk_1","cbbm_mgc_blk_2lp"
47,"cbbm_mgc_blk_3","cbbm_id0"
48,"cbbm_mgc_cnj_1","cbbm_mgc_cnj_2lp"
49,"cbbm_mgc_cnj_3","cbbm_id0"
50,"cbbm_mgc_cnj_3b"{{{STRING}}},"cbbm_id0"
51,"cbbm_mgc_cnj_3c","cbbm_id0"
52,"cbbm_mgc_pld_1","cbbm_mgc_pld_2lp"
53,"cbbm_mgc_pld_3","cbbm_id0"
54,"cbbm_mgc_sng_1","cbbm_mgc_sng_2lp"
55,"cbbm_mgc_sng_3","cbbm_id0"
56,"cbbm_mgc_swd_1","cbbm_mgc_swd_2lp"
57,"cbbm_mgc_swd_3","cbbm_id0"
58,"cbbm_mgc_swl_1","cbbm_mgc_swl_2lp"
59,"cbbm_mgc_swl_3","cbbm_id0"
60,"cbbm_mgc_thm_1","cbbm_mgc_thm_2lp"
61,"cbbm_mgc_thm_3","cbbm_id0"
62,"cbbm_mgc_thm_3b"{{{STRING}}},"cbbm_id0"
63,"cbbm_mgc_thm_3c","cbbm_id0"
64,"cbbm_mgc_wht_1","cbbm_mgc_wht_2lp"
65,"cbbm_mgc_wht_3","cbbm_id0"
66,"cbbm_sp_a_1","cbbm_sp_a_2lp"
67,"cbbm_sp_b_1","cbbm_sp_b_2lp"
68,"cbbm_sp_c_1","cbbm_sp_c_2lp"
69,"cbbm_sp_d_1","cbbm_sp_d_2lp"
70,"cbbm_sp_e_1","cbbm_sp_e_2lp"
71,"cbbm_sp01","cbbm_id0"
72,"cbbm_sp02","cbbm_id0"
73,"cbbm_sp03","cbbm_id0"
74,"cbbm_sp04","cbbm_id0"
75,"cbbm_sp05","cbbm_id0"
76,"cbbm_sp06","cbbm_id0"
77,"cbbm_sp07","cbbm_id0"
78,"cbbm_sp08","cbbm_id0"
79,"cbbm_sp09","cbbm_id0"
80,"cbbm_sp10","cbbm_id0"
81,"cbbm_sp11","cbbm_id0"
82,"cbbm_sp12","cbbm_id0"
83,"cbbm_sp13","cbbm_id0"
84,"cbbm_sp14","cbbm_id0"
85,"cbbm_sp15","cbbm_id0"
86,"cbbm_sp16","cbbm_id0"
87,"cbbm_sp17","cbbm_id0"
88,"cbbm_sp18","cbbm_id0"
89,"cbbm_sp19","cbbm_id0"
90,"cbbm_sp20","cbbm_id0"
91,"cbbm_sp50","cbbm_id0"
92,"cbbm_sp51","cbbm_id0"
93,"cbbm_sp52","cbbm_id0"
94,"cbbm_sp53","cbbm_id0"
95,"cbbm_sp54","cbbm_id0"
96,"cbbm_sp55","cbbm_id0"
97,"cbbm_sp56","cbbm_id0"
98,"cbbm_sp57","cbbm_id0"
99,"cbbm_sp58","cbbm_id0"
100,"cbbm_sp59","cbbm_id0"
101,"cbbm_sp60","cbbm_id0"
102,"cbbm_atk1","cbbm_id0"
103,"cbbm_atk2","cbbm_id0"
104,"cbbm_atk3","cbbm_id0"
105,"cbbm_grd","cbbm_id0"
106,"cbbm_jump_3","cbbm_id0"
107,"cbbm_sht1","cbbm_id0"
108,"cbbm_sht2","cbbm_id0"
109,"cbbm_sht3","cbbm_id0"
110,"cbbm_ws_h01","cbbm_id0"
111,"cbbm_ws_h02","cbbm_id0"
112,"cbbm_ws_h03","cbbm_id0"
113,"cbbm_ws_h04","cbbm_id0"
114,"cbbm_ws_h05","cbbm_id0"
115,"cbbm_ws_s21","cbbm_id0"
116,"cbbm_ws_s22","cbbm_id0"
117,"cbbm_ws_s23","cbbm_id0"
118,"cbbm_ws_s24","cbbm_id0"
119,"cbbm_ws_s25","cbbm_id0"
120,"cbbm_ws_s26","cbbm_id0"
121,"cbbm_mgc_cnj_3d","cbbm_id0"
122,"cbbm_mgc_pld_3b"{{{STRING}}},"cbbm_id0"
123,"cbbm_mgc_sum_3b"{{{STRING}}},"cbbm_id0"
124,"cbbm_mgc_wht_3b"{{{STRING}}},"cbbm_id0"
125,"cbbm_mgc_sch_3b"{{{STRING}}},"cbbm_id0"
126,"cbbm_mgc_ast_1","cbbm_mgc_ast_2lp"
127,"cbbm_mgc_ast_3","cbbm_id0"
128,"cbbm_mgc_ast_3b"{{{STRING}}},"cbbm_id0"
129,"cbbm_mgc_ast_3c","cbbm_id0"
130,"cbbm_ws_s01","cbbm_id0"
131,"cbbm_ws_s02","cbbm_id0"
132,"cbbm_ws_s03","cbbm_id0"
133,"cbbm_ws_s04","cbbm_id0"
134,"cbbm_ws_s05","cbbm_id0"
135,"cbbm_ws_s06","cbbm_id0"
136,"cbbm_ws_s07","cbbm_id0"
137,"cbbm_ws_s08","cbbm_id0"
138,"cbbm_ws_s09","cbbm_id0"
139,"cbbm_ws_s10","cbbm_id0"
140,"cbbm_ws_s11","cbbm_id0"
141,"cbbm_ws_s12","cbbm_id0"
142,"cbbm_ws_s13","cbbm_id0"
143,"cbbm_ws_s14","cbbm_id0"
144,"cbbm_ws_s15","cbbm_id0"
145,"cbbm_ws_s16","cbbm_id0"
146,"cbbm_ws_s17","cbbm_id0"
147,"cbbm_ws_s18","cbbm_id0"
148,"cbbm_ws_s19","cbbm_id0"
149,"cbbm_ws_s20","cbbm_id0"
150,"cbbm_wslp_1","cbbm_wslp_2lp"
151,"cblm_abl_m_a","cblm_id0_m_2lp"
152,"cblm_abl_s_a","cblm_id0_s_2lp"
153,"cblm_act_m_l","cblm_id0_m_2lp"
154,"cblm_act_m_n","cblm_id0_m_2lp"
155,"cblm_act_m_s","cblm_id0_m_2lp"
156,"cblm_act_s_l","cblm_id0_s_2lp"
157,"cblm_act_s_n","cblm_id0_s_2lp"
158,"cblm_act_s_s","cblm_id0_s_2lp"
159,"cblm_id0_m_1","cblm_id0_m_2lp"
160,"cblm_id0_m_3","cbnm_id0"
161,"cblm_id0_s_1","cblm_id0_s_2lp"
162,"cblm_id0_s_3","cbnm_id0"
163,"cblm_repair","cbnm_id0"
164,"cblm_joy_m","cblm_id0_m_2lp"
165,"cblm_upset_m","cblm_id0_m_2lp"
166,"cblm_abl_pm_a","cblm_id0_pm_2lp"
167,"cblm_abl_pm_b"{{{STRING}}},"cblm_id0_pm_2lp"
168,"cblm_abl_pm_c","cblm_id0_pm_2lp"
169,"cblm_abl_ps_a","cblm_id0_ps_2lp"
170,"cblm_abl_ps_b"{{{STRING}}},"cblm_id0_ps_2lp"
171,"cblm_abl_ps_c","cblm_id0_ps_2lp"
172,"cblm_act_pm_n","cblm_id0_pm_2lp"
173,"cblm_act_ps_n","cblm_id0_ps_2lp"
174,"cblm_id0_pm_1","cblm_id0_pm_2lp"
175,"cblm_id0_pm_3","cbnm_id0"
176,"cblm_id0_ps_1","cblm_id0_ps_2lp"
177,"cblm_id0_ps_3","cbnm_id0"
178,"cblm_item_pm","cblm_id0_pm_2lp"
179,"cblm_item_ps","cblm_id0_ps_2lp"
180,"cblm_cancel_fs","cblm_id0_fs"
181,"cblm_cast_fs_f","cblm_id1_fs"
182,"cblm_cast_fs_n","cblm_id1_fs"
183,"cblm_cast_fs_s","cblm_id1_fs"
184,"cblm_end_fs","cbnm_id0"
185,"cblm_hook_fs","cblm_fight_fs_a"
186,"cblm_item_fs","cblm_id0_fs"
187,"cblm_land_fs_hq","cblm_id0_fs"
188,"cblm_land_fs_nq","cblm_id0_fs"
189,"cbem_airquotes","cbnm_id0"
190,"cbem_amazed","cbnm_id0"
191,"cbem_angry","cbnm_id0"
192,"cbem_angry_st","cbnm_id0"
193,"cbem_blowkiss","cbnm_id0"
194,"cbem_blush","cbnm_id0"
195,"cbem_bonodori","cbnm_id0"
196,"cbem_bow","cbnm_id0"
197,"cbem_cheer","cbnm_id0"
198,"cbem_clap","cbnm_id0"
199,"cbem_comeon","cbnm_id0"
200,"cbem_comfort","cbnm_id0"
201,"cbem_cry","cbnm_id0"
202,"cbem_dance","cbnm_id0"
203,"cbem_dogeza","cbnm_id0"
204,"cbem_doubt","cbnm_id0"
205,"cbem_doze","cbnm_id0"
206,"cbem_em_forward","cbnm_id0"
207,"cbem_em_morale","cbnm_id0"
208,"cbem_em_relax","cbnm_id0"
209,"cbem_em_stop","cbnm_id0"
210,"cbem_em_victory","cbnm_id0"
211,"cbem_fume","cbnm_id0"
212,"cbem_goodbye","cbnm_id0"
213,"cbem_goodbye_st","cbnm_id0"
214,"cbem_huh","cbnm_id0"
215,"cbem_j_clap","cbem_jmn"
216,"cbem_j_doze","cbem_jmn"
217,"cbem_j_drink","cbem_jmn"
218,"cbem_j_eat","cbem_jmn"
219,"cbem_j_goodbye_st","cbem_jmn"
220,"cbem_j_huh","cbem_jmn"
221,"cbem_j_item","cbem_jmn"
222,"cbem_j_laugh","cbem_jmn"
223,"cbem_joy","cbnm_id0"
224,"cbem_joy_st","cbnm_id0"
225,"cbem_kneel","cbnm_id0"
226,"cbem_laugh","cbnm_id0"
227,"cbem_laugh_st","cbnm_id0"
228,"cbem_lookout","cbnm_id0"
229,"cbem_make_act","cbnm_id0"
230,"cbem_me","cbnm_id0"
231,"cbem_no","cbnm_id0"
232,"cbem_no_st","cbnm_id0"
233,"cbem_orz","cbnm_id0"
234,"cbem_panic","cbnm_id0"
235,"cbem_point","cbnm_id0"
236,"cbem_poke","cbnm_id0"
237,"cbem_posing","cbnm_id0"
238,"cbem_praise","cbnm_id0"
239,"cbem_pray","cbnm_id0"
240,"cbem_psych","cbnm_id0"
241,"cbem_s_clap","cbem_sit"
242,"cbem_s_doze","cbem_sit"
243,"cbem_s_drink","cbem_sit"
244,"cbem_s_eat","cbem_sit"
245,"cbem_s_goodbye_st","cbem_sit"
246,"cbem_s_huh","cbem_sit"
247,"cbem_s_item","cbem_sit"
248,"cbem_s_laugh","cbem_sit"
249,"cbem_salute","cbnm_id0"
250,"cbem_salute_gca","cbnm_id0"
251,"cbem_salute_gcb"{{{STRING}}},"cbnm_id0"
252,"cbem_salute_gcc","cbnm_id0"
253,"cbem_shocked","cbnm_id0"
254,"cbem_shrug","cbnm_id0"
255,"cbem_slap","cbnm_id0"
256,"cbem_soothe","cbnm_id0"
257,"cbem_stagger","cbnm_id0"
258,"cbem_stretch","cbnm_id0"
259,"cbem_sulk","cbnm_id0"
260,"cbem_think","cbnm_id0"
261,"cbem_throw_snow","cbnm_id0"
262,"cbem_upset","cbnm_id0"
263,"cbem_welcome","cbnm_id0"
264,"cbem_yes","cbnm_id0"
265,"cbem_yes_st","cbnm_id0"
266,"cbfm_base_chair_start","cbem_sit"
267,"cbfm_base_ground_start","cbem_jmn"
268,"cbfm_talk01","cbnm_id0"
269,"cbfm_talk02","cbnm_id0"
270,"cbfm_lcut_pop","cbnm_id0"
271,"cbfp_u_think","cbnm_id0"
272,"cbfm_greeting","cbnm_id0"
273,"cbfm_talk_angry","cbnm_id0"
274,"cbfm_shocked","cbnm_id0"
275,"cbfm_item","cbnm_id0"
276,"cbfp_u_salute_higher_gcb"{{{STRING}}},"cbnm_id0"
277,"cbfp_u_salute_higher_gca","cbnm_id0"
278,"cbfp_u_salute_higher_gcc","cbnm_id0"
279,"cbfm_talk_forefinger","cbnm_id0"
280,"cbnm_lookaction_1","cbnm_lookaction_2lp"
281,"cbnm_lookaction_3","cbnm_id0"
282,"cbbm_abl_fight","cbnm_id0"
283,"cbbm_abl_shieldbarrier","cbnm_id0"
284,"cbbm_abl_foresight","cbnm_id0"
285,"cbbm_abl_bloodbath","cbnm_id0"
286,"cbbm_abl_berserk","cbnm_id0"
287,"cbbm_abl_defender","cbnm_id0"
288,"cbbm_abl_thrillofbattle","cbnm_id0"
289,"cbbm_abl_unchained","cbnm_id0"
290,"cbbm_abl_vengeance","cbnm_id0"
291,"cbbm_abl_warcry","cbnm_id0"
292,"cbbm_abl_featherstep","cbnm_id0"
293,"cbbm_abl_hakkei","cbnm_id0"
294,"cbbm_abl_mantra","cbnm_id0"
295,"cbbm_abl_fuminari","cbnm_id0"
296,"cbbm_abl_battlevoice","cbnm_id0"
297,"cbbm_abl_chameleon","cbnm_id0"
298,"cbbm_abl_megami","cbnm_id0"
299,"cbbm_abl_trans","cbnm_id0"
300,"cbbm_abl_sacrifice","cbnm_id0"
301,"cbbm_lbk_cst_1","cbbm_lbk_cst_2lp"
302,"cbbm_lbk_cst_3","cbbm_id0"
303,"cbbm_lbk_cst_3b"{{{STRING}}},"cbbm_id0"
304,"cbbm_lbk_cst_3c","cbbm_id0"
305,"cbbm_lbk_hea_1","cbbm_lbk_hea_2lp"
306,"cbbm_lbk_hea_3","cbbm_id0"
307,"cbbm_lbk_hea_3b"{{{STRING}}},"cbbm_id0"
308,"cbbm_lbk_hea_3c","cbbm_id0"
309,"cbbm_lbk_mel_1","cbbm_lbk_mel_2lp"
310,"cbbm_lbk_mel_3","cbbm_id0"
311,"cbbm_lbk_mel_3b"{{{STRING}}},"cbbm_id0"
312,"cbbm_lbk_fhv_3","cbbm_id0"
313,"cbbm_lbk_tnk_1","cbbm_lbk_tnk_2lp"
314,"cbbm_lbk_tnk_3","cbbm_id0"
315,"cbbm_lbk_tnk_3b"{{{STRING}}},"cbbm_id0"
316,"cbbm_lbk_tnk_3c","cbbm_id0"
317,"cbbm_lbk_fhv_1","cbbm_lbk_fhv_2lp"
318,"cbbm_lbk_party_act","cbbm_id0"
319,"cbnm_opeaction_1","cbnm_opeaction_2lp"
320,"cbnm_opeaction_3","cbnm_id0"
321,"cbnm_searchaction_1","cbnm_searchaction_2lp"
322,"cbnm_searchaction_3","cbnm_id0"
323,"cbnm_fueaction_1","cbnm_fueaction_2lp"
324,"cbnm_fueaction_3","cbnm_id0"
325,"cbbp_u_abl_blunt","cbbm_id0"
326,"cbbp_u_abl_flaming","cbbm_id0"
327,"cbbm_abl_transpose","cbbm_id0"
328,"cbbm_abl_mabarrier","cbbm_id0"
329,"cbbm_abl_lethargy","cbbm_id0"
330,"cbbm_abl_convert","cbbm_id0"
331,"cbbm_abl_senti","cbbm_id0"
332,"cbbp_u_sht1","cbbm_id0"
333,"cbbp_u_ws_h01","cbbm_id0"
334,"cbbp_u_ws_h02","cbbm_id0"
335,"cbbp_u_ws_h03","cbbm_id0"
336,"cbbp_u_ws_h05","cbbm_id0"
337,"cbbp_u_ws_s01","cbbm_id0"
338,"cbbp_u_ws_s02","cbbm_id0"
339,"cbbp_u_ws_s04","cbbm_id0"
340,"cbbp_u_ws_s05","cbbm_id0"
341,"cbbp_u_ws_s07","cbbm_id0"
342,"cbbp_u_ws_s09","cbbm_id0"
343,"cbbm_mgc_callpet_1","cbbm_mgc_callpet_2lp"
344,"cbbm_mgc_callpet_3","cbbm_id0"
345,"cbbm_abl_rouse","cbbm_id0"
346,"cbbm_abl_corrosion","cbbm_id0"
347,"cbbm_abl_harmsway","cbbm_id0"
348,"cbbm_abl_sacred","cbbm_id0"
349,"cbbm_abl_serpent","cbbm_id0"
350,"cbbm_abl_spur","cbbm_id0"
351,"cbbm_abl_enkindle","cbbm_id0"
352,"cbbm_abl_leeches","cbbm_id0"
353,"cbbm_abl_autoimmu","cbbm_id0"
354,"cbbm_abl_auraburst","cbbm_id0"
355,"cbbm_sp_pop","cbbm_id0"
356,"cbbm_mgc_swl_3b"{{{STRING}}},"cbbm_id0"
357,"cbbm_mgc_swl_3c","cbbm_id0"
358,"cbbm_mgc_sum_1","cbbm_mgc_sum_2lp"
359,"cbbm_mgc_sum_3","cbbm_id0"
360,"cbbm_mgc_sch_1","cbbm_mgc_sch_2lp"
361,"cbbm_mgc_sch_3","cbbm_id0"
362,"cbfm_wandering_action","cbbm_id0"
363,"cbnm_idact1","cbnm_id0"
364,"cbbm_abl001","cbbm_id0"
365,"cbbm_abl002","cbbm_id0"
366,"cbbm_abl003","cbbm_id0"
367,"cbbm_abl004","cbbm_id0"
368,"cbbm_abl005","cbbm_id0"
369,"cbbm_abl006","cbbm_id0"
370,"cbbm_abl007","cbbm_id0"
371,"cbbm_abl008","cbbm_id0"
372,"cbbm_abl009","cbbm_id0"
373,"cbbm_abl010","cbbm_id0"
374,"cbem_liedown_1","cbem_liedown_2lp"
375,"cbnm_emot_down_h","cbnm_id0"
376,"cbnm_emot_down_m","cbnm_id0"
377,"cbnm_emot_down_l","cbnm_id0"
378,"cbnm_emot_up","cbnm_id0"
379,"cblm_cancel_fsc","cblm_id0_fsc"
380,"cblm_cast_fsc_f","cblm_id1_fsc"
381,"cblm_cast_fsc_n","cblm_id1_fsc"
382,"cblm_cast_fsc_s","cblm_id1_fsc"
383,"cblm_end_fsc","cbnm_id0"
384,"cblm_hook_fsc","cblm_fight_fsc_a"
385,"cblm_item_fsc","cblm_id0_fsc"
386,"cblm_land_fsc_hq","cblm_id0_fsc"
387,"cblm_land_fsc_nq","cblm_id0_fsc"
388,"cblm_sitdwn_fsc","cblm_id0_fsc"
389,"cblm_stndup_fsc","cblm_id0_fs"
390,"cbem_dance_elezen_1","cbem_dance_elezen_2lp"
391,"cbem_dance_female_1","cbem_dance_female_2lp"
392,"cbem_dance_male_1","cbem_dance_male_2lp"
393,"cbem_ajust_down_h","cbnm_id0"
394,"cbem_ajust_down_l","cbnm_id0"
395,"cbem_ajust_down_m","cbnm_id0"
396,"cbem_ajust_tiptoe","cbnm_id0"
397,"cbem_hand_over","cbnm_id0"
398,"cbem_stroke_top","cbnm_id0"
399,"cbem_ajust_same_height","cbnm_id0"
400,"cbem_pose01_1","cbem_pose01_2lp"
401,"cbem_pose02_1","cbem_pose02_2lp"
402,"cbem_pose03_1","cbem_pose03_2lp"
403,"cbem_pose04_1","cbem_pose04_2lp"
404,"cbem_s_pose01_1","cbem_s_pose01_2lp"
405,"cbem_s_pose02_1","cbem_s_pose02_2lp"
406,"cbem_j_pose01_1","cbem_j_pose01_2lp"
407,"cbem_j_pose02_1","cbem_j_pose02_2lp"
408,"cbbm_emot01","cbbm_id0"
409,"cbbm_emot01","cbnm_id0"
410,"cbbm_pose01_1","cbbm_pose01_2lp"
411,"cbnm_item_act_3","cbnm_id0"
412,"cbnm_item_action","cbnm_id0"
413,"cbem_hirate","cbnm_id0"
414,"cbem_hug","cbnm_id0"
415,"cbem_wedding_hug","cbnm_id0"
416,"cbnm_eat_housing","cbnm_id0"
417,"cbnm_drink_housing","cbnm_id0"
418,"cbem_sp01_1","cbem_sp01_2lp"
419,"cbnm_fmt_takeoff","cbnm_fmt_id0"
420,"cbnm_gs_hummer_act","cbnm_gs_hummer_lp"
421,"cbnm_gs_hummer_lp","cbnm_gs_hummer_act"
422,"cbbm_walk_attack","cbbm_id0"
423,"cbbm_bnpc_gesture01","cbbm_id0"
424,"cbbm_bnpc_gesture02","cbbm_id0"
425,"cbbm_bnpc_gesture03","cbbm_id0"
426,"cbbm_bnpc_gesture04","cbbm_id0"
427,"cbbm_bnpc_gesture05","cbbm_id0"
428,"cbbm_lbk_war_3","cbbm_id0"
429,"cbbm_lbk_dark_3","cbbm_id0"
430,"cbbm_lbk_drg_1","cbbm_lbk_drg_2lp"
431,"cbbm_lbk_drg_3","cbbm_id0"
432,"cbbm_lbk_nin_1","cbbm_lbk_nin_2lp"
433,"cbbm_lbk_nin_3","cbbm_id0"
434,"cbbm_lbk_ran_1","cbbm_lbk_ran_2lp"
435,"cbbm_lbk_ran_3","cbbm_id0"
436,"cbbm_lbk_ran_3b"{{{STRING}}},"cbbm_id0"
437,"cbbm_lbk_brd_1","cbbm_lbk_brd_2lp"
438,"cbbm_lbk_brd_3","cbbm_id0"
439,"cbbm_lbk_gun_1","cbbm_lbk_gun_2lp"
440,"cbbm_lbk_gun_3","cbbm_id0"
441,"cbbm_lbk_sum_1","cbbm_lbk_sum_2lp"
442,"cbbm_lbk_sum_3","cbbm_id0"
443,"cbbm_lbk_sch_1","cbbm_lbk_sch_2lp"
444,"cbbm_lbk_sch_3","cbbm_id0"
445,"cbbm_lbk_ast_1","cbbm_lbk_ast_2lp"
446,"cbbm_lbk_ast_3","cbbm_id0"
447,"cbnm_fmt_landing","cbnm_id0"
448,"cbbm_abl011","cbbm_id0"
449,"cbbm_abl012","cbbm_id0"
450,"cbbm_abl013","cbbm_id0"
451,"cbbp_u_abl014","cbbm_id0"
452,"cbbp_u_abl015","cbbm_id0"
453,"cbbp_u_abl016","cbbm_id0"
454,"cbbp_u_abl017","cbbm_id0"
455,"cbbp_u_abl018","cbbm_id0"
456,"cbbp_u_abl019","cbbm_id0"
457,"cbbp_u_abl020","cbbm_id0"
458,"cbbm_abl021","cbbm_id0"
459,"cbbm_abl022","cbbm_id0"
460,"cbbm_abl023","cbbm_id0"
461,"cbbm_abl024","cbbm_id0"
462,"cbbp_u_abl025","cbbm_id0"
463,"cbbm_abl026","cbbm_id0"
464,"cbbm_abl027","cbbm_id0"
465,"cbbp_u_abl028","cbbm_id0"
466,"cbbm_abl029","cbbm_id0"
467,"cbbp_u_abl030","cbbm_id0"
468,"cbbm_abl031","cbbm_id0"
469,"cbbm_abl032","cbbm_id0"
470,"cbbm_abl033","cbbm_id0"
471,"cbbm_abl034","cbbm_id0"
472,"cbbm_abl035","cbbm_id0"
473,"cbbm_abl036","cbbm_id0"
474,"cbbm_abl037","cbbm_id0"
475,"cbbm_abl038","cbbm_id0"
476,"cbbm_abl039","cbbm_id0"
477,"cbbm_abl040","cbbm_id0"
478,"cbbm_abl041","cbbm_id0"
479,"cbbm_abl042","cbbm_id0"
480,"cbbm_abl043","cbbm_id0"
481,"cbbm_abl044","cbbm_id0"
482,"cbbm_abl045","cbbm_id0"
483,"cbbm_abl046","cbbm_id0"
484,"cbbm_abl047","cbbm_id0"
485,"cbbm_abl048","cbbm_id0"
486,"cbbm_abl049","cbbm_id0"
487,"cbbm_abl050","cbbm_id0"
488,"cbbm_abl051","cbbm_id0"
489,"cbbm_abl052","cbbm_id0"
490,"cbbm_abl053","cbbm_id0"
491,"cbbm_abl054","cbbm_id0"
492,"cbbm_abl055","cbbm_id0"
493,"cbbm_abl056","cbbm_id0"
494,"cbbm_abl057","cbbm_id0"
495,"cbbm_abl058","cbbm_id0"
496,"cbbm_abl059","cbbm_id0"
497,"cbbm_abl060","cbbm_id0"
498,"cbbm_abl061","cbbm_id0"
499,"cbbm_abl062","cbbm_id0"
500,"cbbm_abl063","cbbm_id0"
501,"cbbm_abl064","cbbm_id0"
502,"cbbm_abl065","cbbm_id0"
503,"cbbm_abl066","cbbm_id0"
504,"cbbm_abl067","cbbm_id0"
505,"cbbm_abl068","cbbm_id0"
506,"cbbm_abl069","cbbm_id0"
507,"cbbm_abl070","cbbm_id0"
508,"cbbm_abl071","cbbm_id0"
509,"cbbm_abl072","cbbm_id0"
510,"cbbm_abl073","cbbm_id0"
511,"cbbm_abl074","cbbm_id0"
512,"cbbm_abl075","cbbm_id0"
513,"cbbm_abl076","cbbm_id0"
514,"cbbm_abl077","cbbm_id0"
515,"cbbm_abl078","cbbm_id0"
516,"cbbm_abl079","cbbm_id0"
517,"cbbm_abl080","cbbm_id0"
518,"cbbm_abl081","cbbm_id0"
519,"cbbm_abl082","cbbm_id0"
520,"cbbm_abl083","cbbm_id0"
521,"cbbm_abl084","cbbm_id0"
522,"cbbm_abl085","cbbm_id0"
523,"cbbm_abl086","cbbm_id0"
524,"cbbm_abl087","cbbm_id0"
525,"cbbm_abl088","cbbm_id0"
526,"cbbm_abl089","cbbm_id0"
527,"cbbm_abl090","cbbm_id0"
528,"cbbm_abl091","cbbm_id0"
529,"cbbm_abl092","cbbm_id0"
530,"cbbm_abl093","cbbm_id0"
531,"cbbm_abl094","cbbm_id0"
532,"cbbp_u_abl095","cbbm_id0"
533,"cbbm_abl096","cbbm_id0"
534,"cbbm_abl097","cbbm_id0"
535,"cbbm_abl098","cbbm_id0"
536,"cbbm_abl099","cbbm_id0"
537,"cbbm_abl100","cbbm_id0"
538,"cbbm_abl101","cbbm_id0"
539,"cbbp_u_abl102","cbbm_id0"
540,"cbbp_u_abl103","cbbm_id0"
541,"cbbm_abl104","cbbm_id0"
542,"cbbm_abl105","cbbm_id0"
543,"cbbm_abl106","cbbm_id0"
554,"cbem_fistbump","cbnm_id0"
555,"cbnm_item_sp02","cbnm_id0"
556,"cblm_item_m","cblm_id0_m_2lp"
557,"cblm_item_s","cblm_id0_s_2lp"
558,"cblm_act_pm_sl","cblm_id0_pm_2lp"
559,"cblm_act_ps_sl","cblm_id0_ps_2lp"
560,"cblm_hook_fs_p","cblm_fight_fs_a"
561,"cblm_hook_fs_s","cblm_fight_fs_a"
562,"cblm_hook_fsc_p","cblm_fight_fsc_a"
563,"cblm_hook_fsc_s","cblm_fight_fsc_a"
564,"cblm_makie_fs","cblm_id0_fs"
565,"cblm_makie_fsc","cblm_id0_fsc"
566,"cblm_releas_fs","cblm_id0_fs"
567,"cblm_releas_fsc","cblm_id0_fsc"
568,"cbbm_mgc_lgi_1","cbbm_mgc_lgi_2lp"
569,"cbbm_mgc_lgi_3","cbbm_id0"
570,"cbbp_u_mgc_ran_1","cbbp_u_mgc_ran_2lp"
571,"cbbp_u_mgc_mch_1","cbbp_u_mgc_mch_2lp"
572,"cbbm_mgc_blk_3b"{{{STRING}}},"cbbm_id0"
573,"cbbm_mgc_sng_3b"{{{STRING}}},"cbbm_id0"
574,"cbbm_sp90","cbbm_id0"
575,"cbbm_sp91","cbbm_id0"
576,"cbbm_sp92","cbbm_id0"
577,"cbbm_sp93","cbbm_id0"
578,"cbbm_sp94","cbbm_id0"
579,"cbbm_sp95","cbbm_id0"
580,"cbbm_sp96","cbbm_id0"
581,"cbbm_sp97","cbbm_id0"
582,"cbbm_sp98","cbbm_id0"
583,"cbbm_sp99","cbbm_id0"
584,"",""
585,"",""
586,"",""
587,"",""
588,"",""
589,"",""
590,"",""
591,"",""
592,"",""
593,"",""
594,"",""
595,"",""
596,"",""
597,"",""
598,"",""
599,"",""
600,"",""
