﻿key,0,1,2,3,4,5,6,7,8,9,10,11,12,13,14,15,16,17,18,19,20,21,22,23,24,25,26,27,28,29,30,31,32,33,34,35,36,37,38,39,40,41,42,43,44,45,46,47,48,49,50,51,52,53,54,55,56,57,58,59,60,61,62,63,64,65,66,67,68,69,70,71,72,73,74,75,76,77,78,79,80,81
#,,,,,,,,,,,,,,,,,,,,,,,,,,,,,,,,,,,,,,,,,,,,,,,,,,,,,,,,,,,,,,,,,,,,,,,,,,,,,,,,,,
int32,str,uint32,str,str,str,str,str,str,str,str,str,str,str,str,str,str,str,str,str,str,str,str,str,str,str,str,str,str,str,str,str,str,str,str,str,str,str,str,str,str,str,str,uint32,uint32,uint32,uint32,uint32,uint32,uint32,uint32,uint32,uint32,uint32,uint32,uint32,uint32,uint32,uint32,uint32,uint32,uint32,uint32,uint32,uint32,uint32,uint32,uint32,uint32,uint32,uint32,uint32,uint32,uint32,uint32,uint32,uint32,uint32,uint32,uint32,uint32,uint32,uint32
1245184,"",0,"","","","","","","","","","","","","","","","","","","","","","","","","","","","","","","","","","","","","","","","",0,0,0,0,0,0,0,0,0,0,0,0,0,0,0,0,0,0,0,0,0,0,0,0,0,0,0,0,0,0,0,0,0,0,0,0,0,0,0,0
1245185,"OpeningLimsaLominsa",65643,"ERANGE_HOWTO_ANN_AND_QUEST","ERANGE_HOWTO_QUEST_REWARD","ERANGE_SEQ_1_CLOSED_1","POS_SEQ_1_CLOSED_RETURN_1","ERANGE_ALWAYS_CLOSED_1","POS_ALWAYS_CLOSED_RETURN_1","ENPC_ALWAYS_CLOSED_1","ERANGE_ALWAYS_CLOSED_2","POS_ALWAYS_CLOSED_RETURN_2","ENPC_ALWAYS_CLOSED_2","ERANGE_ALWAYS_CLOSED_3","POS_ALWAYS_CLOSED_RETURN_3","ENPC_ALWAYS_CLOSED_3","ERANGE_ALWAYS_CLOSED_4","POS_ALWAYS_CLOSED_RETURN_4","ENPC_ALWAYS_CLOSED_4","ERANGE_ALWAYS_CLOSED_5","POS_ALWAYS_CLOSED_RETURN_5","ENPC_ALWAYS_CLOSED_5","ERANGE_ALWAYS_CLOSED_6","POS_ALWAYS_CLOSED_RETURN_6","ENPC_ALWAYS_CLOSED_6","BGM_MUSIC_ZONE_SEA_TWN","NCUT_SEA_1","NCUT_SEA_2","NCUT_SEA_3","ENPC_QUEST_OFFER","POS_START","POS_LQ_CAMERA_1","NCUT_LIGHT_ALL","NCUT_LIGHT_SEA_1","NCUT_LIGHT_SEA_2","","","","","","","","",4101831,4102066,4101785,4101797,4101744,4101761,4102038,4101746,4101763,4102036,4101967,4101982,4102033,4101970,4101984,4102031,4101973,4101985,4102007,4101979,4101988,2367400,1020,200,132,201,4102039,4101800,0,2,147,138,0,0,0,0,0,0,0,0
1245186,"OpeningGridania",65575,"ERANGE_HOWTO_ANN_AND_QUEST","ERANGE_HOWTO_QUEST_REWARD","ERANGE_SEQ_1_CLOSED_1","POS_SEQ_1_CLOSED_RETURN_1","ERANGE_SEQ_1_CLOSED_2","POS_SEQ_1_CLOSED_RETURN_2","ERANGE_ALWAYS_CLOSED_1","POS_ALWAYS_CLOSED_RETURN_1","ENPC_ALWAYS_CLOSED_1","ERANGE_ALWAYS_CLOSED_3","POS_ALWAYS_CLOSED_RETURN_3","ENPC_ALWAYS_CLOSED_3","BGM_MUSIC_ZONE_FST_TWN","NCUT_FST_1","NCUT_FST_2","NCUT_FST_3","ENPC_QUEST_OFFER","POS_START","POS_LQ_CAMERA_1","NCUT_LIGHT_ALL","NCUT_LIGHT_FST_1","NCUT_LIGHT_FST_2","","","","","","","","","","","","","","","","","","",2117539,2366417,2351918,2351921,2351919,2351921,2280846,2320804,2367988,2280851,2320811,2563491,1003,3,53,226,1985150,2299848,2301474,2,147,146,0,0,0,0,0,0,0,0,0,0,0,0,0,0,0,0,0,0
1245187,"OpeningUldah",66130,"ERANGE_HOWTO_ANN_AND_QUEST","ERANGE_HOWTO_QUEST_REWARD","ERANGE_SEQ_1_CLOSED_1","POS_SEQ_1_CLOSED_RETURN_1","ERANGE_ALWAYS_CLOSED_1","POS_ALWAYS_CLOSED_RETURN_1","ENPC_ALWAYS_CLOSED_1","ERANGE_ALWAYS_CLOSED_2","POS_ALWAYS_CLOSED_RETURN_2","ENPC_ALWAYS_CLOSED_2","ERANGE_ALWAYS_CLOSED_3","POS_ALWAYS_CLOSED_RETURN_3","ENPC_ALWAYS_CLOSED_3","BGM_MUSIC_ZONE_WIL_TWN","NCUT_WIL_1","NCUT_WIL_2","NCUT_WIL_3","ENPC_QUEST_OFFER","POS_START","POS_LQ_CAMERA_1","NCUT_LIGHT_ALL","NCUT_LIGHT_WIL_1","NCUT_LIGHT_WIL_2","","","","","","","","","","","","","","","","","",4101650,4102883,4101587,4101691,4101537,4101685,4101796,4101525,4101680,4101789,4101535,4101681,4101787,1035,186,139,187,3969639,4101669,0,2,147,145,0,0,0,0,0,0,0,0,0,0,0,0,0,0,0,0,0
