﻿key,0,1,2,3,4,5,6,7,8,9,10,11,12,13,14,15,16,17,18,19,20,21,22,23,24,25,26,27,28,29,30,31,32,33,34,35,36,37,38,39,40,41,42,43,44,45,46,47,48,49,50,51,52,53,54,55,56,57,58,59,60,61,62,63,64,65,66,67,68,69,70,71,72,73,74,75,76,77,78,79
#,,,,,,,,,,,,,,,,,,,,,,,,,,,,,,,,,,,,,,,,,,,,,,,,,,,,,,,,,,,,,,,,,,,,,,,,,,,,,,,,
int32,bool,bool,bool,bool,bool,bool,bool,bool,bool,bool,bool,bool,bool,bool,bool,bool,bool,bool,bool,bool,bool,bool,bool,bool,bool,bool,bool,bool,bool,bool,bool,bool,bool,bool,bool,bool,bool,bool,bool,bool,bool,bool,bool,bool,bool,bool,bool,bool,bool,bool,bool,bool,bool,bool,bool,bool,bool,bool,bool,bool,bool,bool,bool,bool,bool,bool,bool,bool,bool,bool,bool,bool,bool,bool,bool,bool,bool,bool,bool,bool
0,True,True,True,True,True,True,True,True,True,True,True,True,True,True,True,True,True,True,True,True,True,True,True,True,True,True,True,True,True,True,True,True,True,True,True,True,True,True,True,True,True,True,True,True,True,True,True,True,True,True,True,True,True,True,True,True,True,True,True,True,True,True,True,True,True,True,True,True,True,True,True,True,True,True,True,True,True,True,True,True
1,True,True,True,True,True,True,True,True,True,True,True,True,True,True,True,True,True,True,True,True,True,True,True,True,True,True,True,True,True,True,True,True,True,True,True,True,True,True,True,True,True,True,True,True,False,True,True,True,True,True,True,True,True,True,True,True,True,True,True,True,True,True,True,True,True,True,True,True,True,True,True,True,True,True,True,True,True,True,True,True
2,True,True,True,True,True,True,True,True,True,True,True,True,True,True,True,True,True,True,True,True,True,True,True,True,True,True,True,False,True,True,True,True,True,True,True,True,False,False,True,True,True,False,True,False,False,True,True,True,True,True,True,True,True,True,True,True,True,True,True,True,True,True,True,True,True,True,True,True,True,True,True,True,True,True,True,True,True,True,True,True
3,True,True,False,True,False,False,True,False,False,False,False,True,False,True,False,True,True,True,True,False,True,False,False,False,False,False,True,False,True,True,False,False,False,False,False,True,False,False,True,True,False,False,False,False,False,True,False,True,True,False,False,True,False,False,False,False,False,False,True,False,True,True,False,False,True,False,True,True,True,False,False,True,True,True,True,True,True,True,True,True
4,True,True,False,True,True,False,False,False,False,False,True,False,True,False,True,True,True,True,False,False,False,False,False,True,True,True,True,False,True,True,True,False,False,False,False,False,False,True,False,False,False,True,True,False,False,False,False,True,True,True,True,True,False,False,False,False,True,True,True,False,False,True,False,False,False,False,True,True,True,True,True,True,True,True,True,True,True,True,True,True
5,True,True,False,True,False,True,False,False,False,False,False,False,False,False,False,True,True,True,True,False,True,False,False,False,False,False,True,False,True,False,False,False,True,True,False,False,False,False,False,False,False,False,False,False,False,False,False,False,True,False,False,False,False,False,False,False,False,False,True,False,False,True,False,False,True,False,True,False,False,False,False,True,True,True,True,True,True,True,True,True
6,True,True,False,True,False,False,True,False,False,False,False,False,False,False,False,True,True,True,True,False,True,False,False,False,False,False,True,False,True,False,False,False,False,False,True,True,False,False,False,False,False,False,False,False,False,False,False,False,True,False,False,False,False,False,False,False,False,False,True,False,False,True,False,False,True,False,True,False,False,False,False,True,True,True,True,True,True,True,True,True
7,True,True,False,True,False,False,False,True,False,False,False,False,False,False,False,True,True,True,True,False,True,False,False,False,False,False,True,False,True,False,False,False,False,False,False,False,False,False,False,False,False,False,False,False,False,False,False,False,True,False,False,False,False,False,False,False,False,False,True,False,False,True,False,False,True,False,True,False,False,False,False,True,True,True,True,True,True,True,True,True
8,True,True,False,True,False,False,False,False,True,False,False,False,False,False,False,True,True,True,True,False,True,False,False,False,False,False,True,False,True,False,False,False,False,False,False,False,False,False,False,True,False,False,False,False,False,False,False,False,True,False,False,False,False,False,False,False,False,False,True,False,False,True,False,False,True,False,True,False,False,False,False,True,True,True,True,True,True,True,True,True
9,True,True,False,True,False,False,False,False,False,True,False,False,False,False,False,True,True,True,True,False,True,False,True,False,True,True,True,True,True,False,False,False,False,False,False,False,False,False,True,True,True,False,True,False,False,False,False,True,True,False,False,True,False,False,True,False,False,True,True,True,False,True,False,False,True,False,True,True,False,False,True,True,True,True,True,True,True,True,True,True
10,True,True,False,True,True,False,False,False,False,False,True,False,False,False,False,True,True,True,False,False,False,False,False,True,True,True,True,False,True,True,True,False,False,False,False,False,False,True,False,False,False,True,True,False,False,False,False,True,True,True,True,True,False,False,False,False,True,True,True,False,False,True,False,False,False,False,True,True,True,True,True,True,True,True,True,True,True,True,True,True
11,True,True,False,True,False,False,True,False,False,False,False,True,False,True,False,True,True,True,True,False,True,False,False,False,False,False,True,False,True,True,False,False,False,False,False,True,False,False,True,True,False,False,False,False,False,True,False,True,True,False,False,True,False,False,False,False,False,False,True,False,True,True,False,False,True,False,True,True,True,False,False,True,True,True,True,True,True,True,True,True
12,True,True,False,True,False,False,False,False,False,False,False,True,True,False,False,True,True,True,True,False,True,False,False,True,True,True,True,False,True,False,False,False,False,False,False,False,False,True,False,True,True,False,False,False,False,False,False,False,False,False,False,False,False,False,False,False,False,False,False,False,False,True,False,False,True,False,True,True,False,False,True,True,True,True,True,True,True,True,True,True
13,True,True,False,True,False,False,False,False,False,False,False,True,False,True,False,True,True,True,True,False,True,False,False,False,False,False,True,False,True,False,False,False,False,False,False,False,False,False,False,True,True,False,False,False,False,False,False,False,False,False,False,False,False,False,False,False,False,False,True,False,False,True,False,False,True,False,False,False,False,False,False,True,True,True,True,True,True,True,True,True
14,True,True,False,True,False,False,False,False,False,False,False,True,False,False,True,True,True,True,True,False,True,False,False,True,True,True,True,False,True,False,False,False,False,False,False,False,False,True,False,True,True,False,False,False,False,False,False,False,False,False,False,False,False,False,False,False,False,False,False,False,False,True,False,False,True,False,True,True,False,False,True,True,True,True,True,True,True,True,True,True
15,True,True,True,True,True,True,True,True,True,True,True,True,True,True,True,True,True,True,True,True,True,True,True,True,True,True,True,True,True,True,True,True,True,True,True,True,True,True,True,True,True,True,True,True,True,True,True,True,True,True,True,True,True,True,True,True,True,True,True,True,True,True,True,True,True,True,True,True,True,True,True,True,True,True,True,True,True,True,True,True
16,True,True,True,True,True,True,True,True,True,True,True,True,True,True,True,True,True,True,True,True,True,True,True,True,True,True,True,True,True,True,True,True,True,True,True,True,True,True,True,True,True,True,True,True,True,True,True,True,True,True,True,True,True,True,True,True,True,True,True,True,True,True,True,True,True,True,True,True,True,True,True,True,True,True,True,True,True,True,True,True
17,True,True,True,True,True,True,True,True,True,True,True,True,True,True,True,True,True,True,True,True,True,True,True,True,True,True,True,True,True,True,True,True,True,True,True,True,True,True,True,True,True,True,True,True,False,True,True,True,True,True,True,True,True,True,True,True,True,True,True,True,True,True,True,True,True,True,True,True,True,True,True,True,True,True,True,True,True,True,True,True
18,True,True,False,True,True,True,True,True,True,True,True,True,True,True,True,True,True,True,True,True,True,True,True,True,True,False,True,True,True,True,True,True,True,True,True,True,False,False,True,True,True,False,True,False,False,True,True,True,True,True,True,True,True,True,True,True,True,True,True,True,True,True,True,True,True,True,True,True,True,True,True,True,True,True,True,True,True,True,True,True
19,True,True,False,True,False,False,False,False,True,True,False,False,True,False,True,True,True,True,True,True,True,False,False,True,True,True,True,False,True,True,True,False,False,False,False,False,False,False,False,True,False,False,True,False,False,False,False,True,True,False,True,True,False,False,True,True,True,True,True,False,True,True,False,True,True,False,True,True,True,False,True,True,True,True,True,True,True,True,True,True
20,True,True,False,True,True,True,True,True,True,True,True,True,True,True,True,True,True,True,True,True,True,True,True,True,True,False,True,False,True,True,True,True,True,True,True,True,False,False,True,True,True,False,True,False,False,True,True,True,True,True,True,True,True,True,True,True,True,True,True,True,True,True,True,True,True,True,True,True,True,True,True,True,True,True,True,True,True,True,True,True
21,True,True,False,True,True,True,True,True,True,True,True,True,True,True,True,True,True,True,True,True,True,True,True,True,True,False,True,False,True,True,True,True,True,True,True,True,False,False,True,True,True,False,True,False,False,True,True,True,True,True,True,True,True,True,True,True,True,True,True,True,True,True,True,True,True,True,True,True,True,True,True,True,True,True,True,True,True,True,True,True
22,True,True,False,True,False,False,False,False,False,True,False,False,True,False,True,True,True,True,True,False,True,False,True,False,False,False,True,False,True,True,False,False,False,False,False,False,False,False,True,True,False,False,False,False,False,False,False,True,True,False,False,True,False,False,False,True,False,False,True,False,False,True,False,False,True,False,True,True,True,False,False,True,True,True,True,True,True,True,True,True
23,True,True,False,True,False,False,False,False,False,False,False,True,True,False,True,True,True,True,True,False,True,False,True,True,False,False,True,False,True,True,True,False,False,False,False,False,False,False,True,True,True,False,False,False,False,False,False,True,True,False,False,True,False,True,True,False,False,False,True,False,False,True,True,False,True,False,True,True,True,False,False,True,True,True,True,True,True,True,True,True
24,True,True,False,True,False,False,False,False,True,False,False,True,True,False,True,True,True,True,True,False,True,False,True,False,True,False,True,False,True,True,True,False,False,False,False,False,False,False,True,True,True,False,True,False,False,False,False,True,True,False,True,True,True,True,True,False,True,True,True,True,False,True,True,True,True,False,True,True,True,False,True,True,True,True,True,True,True,True,True,True
25,True,True,True,True,True,True,True,True,True,True,True,True,True,True,True,True,True,True,True,True,True,True,True,True,True,True,True,True,True,True,True,True,True,True,True,True,True,False,True,True,True,False,True,True,False,True,False,True,True,True,True,True,True,True,True,True,True,True,True,True,True,True,True,True,True,True,True,True,True,True,True,True,True,True,True,True,True,True,True,True
26,True,True,True,True,True,True,True,True,True,True,True,True,True,True,True,True,True,True,True,True,True,True,True,True,True,True,True,True,True,True,True,True,True,True,True,True,True,True,True,True,True,False,True,False,False,True,False,True,True,True,True,True,True,True,True,True,True,True,False,False,True,True,True,True,True,True,True,True,True,True,True,True,True,True,True,True,True,True,True,True
27,True,True,True,True,True,True,True,True,True,True,True,True,True,True,True,True,True,True,True,True,True,True,True,True,True,True,True,True,True,True,True,True,True,True,True,True,True,True,True,True,True,False,True,False,False,True,False,True,True,True,True,True,True,True,True,True,True,True,True,True,True,True,True,True,True,True,True,True,True,True,True,True,True,True,True,True,True,True,True,True
28,True,True,True,True,True,True,True,True,True,True,True,True,True,True,True,True,True,True,True,True,True,True,True,True,True,True,True,True,True,True,True,True,True,True,True,True,True,True,True,True,True,True,True,False,False,True,False,True,True,True,True,True,True,True,True,True,True,True,True,True,True,True,True,True,True,True,True,True,True,True,True,True,True,True,True,True,True,True,True,True
29,True,True,False,True,True,False,False,False,False,False,True,True,False,False,False,True,True,True,True,True,True,False,False,False,False,False,True,False,True,True,True,False,False,False,False,False,False,False,True,True,True,True,False,False,False,False,False,False,False,True,False,False,False,False,False,False,False,False,True,False,True,False,False,False,True,False,True,False,False,True,False,True,True,True,True,True,True,True,True,True
30,True,True,False,True,True,False,False,False,False,False,True,True,False,False,False,True,True,True,True,True,True,True,False,False,False,False,True,False,True,False,True,False,False,False,False,False,False,True,True,True,True,True,False,False,False,False,False,True,False,True,False,True,False,False,False,False,False,False,True,False,True,False,False,False,True,False,True,True,False,True,False,True,True,True,True,True,True,True,True,True
31,True,True,False,True,False,False,False,False,False,False,False,False,False,False,False,True,True,True,True,False,True,False,False,False,False,False,True,False,True,False,False,False,False,False,False,False,False,True,True,False,True,False,False,False,False,False,False,True,True,False,False,True,False,False,False,False,False,False,True,False,True,True,False,False,True,False,True,True,False,False,False,True,True,True,True,True,True,True,True,True
32,True,True,False,True,False,True,False,False,False,False,False,False,False,False,False,True,True,True,True,False,True,False,False,False,False,False,True,False,True,False,False,False,True,True,False,False,False,False,False,False,False,False,False,False,False,False,False,False,True,False,False,False,False,False,False,False,False,False,True,False,False,True,False,False,True,False,True,False,False,False,False,True,True,True,True,True,True,True,True,True
33,True,True,False,True,False,True,False,False,False,False,False,False,False,False,False,True,True,True,True,False,True,False,False,False,False,False,True,False,True,False,False,False,True,True,False,False,False,False,False,False,False,False,False,False,False,False,False,False,True,False,False,False,False,False,False,False,False,False,True,False,False,True,False,False,True,False,True,False,False,False,False,True,True,True,True,True,True,True,True,True
34,True,True,False,True,False,False,True,False,False,False,False,False,False,False,False,True,True,True,True,False,True,False,False,False,False,False,True,False,True,False,False,False,False,False,True,True,False,False,False,False,False,False,False,False,False,False,False,False,True,False,False,False,False,False,False,False,False,False,True,False,False,True,False,False,True,False,True,False,False,False,False,True,True,True,True,True,True,True,True,True
35,True,True,False,True,False,False,True,False,False,False,False,False,False,False,False,True,True,True,True,False,True,False,False,False,False,False,True,False,True,False,False,False,False,False,True,True,False,False,False,False,False,False,False,False,False,False,False,False,True,False,False,False,False,False,False,False,False,False,True,False,False,True,False,False,True,False,True,False,False,False,False,True,True,True,True,True,True,True,True,True
36,True,False,True,False,False,False,False,False,False,False,False,False,False,False,False,True,True,True,True,False,False,False,False,True,True,True,True,False,True,False,False,False,False,False,False,False,True,False,False,True,True,False,True,False,False,True,True,True,True,False,True,True,True,True,True,False,True,True,True,True,True,True,True,True,False,False,True,True,False,False,True,True,True,True,True,True,True,True,True,True
37,True,True,True,True,True,True,True,True,True,True,True,True,True,True,True,True,True,True,True,True,True,True,True,True,True,True,True,False,True,True,True,True,True,True,True,True,True,True,True,True,True,True,True,True,False,True,True,True,True,True,True,True,False,True,True,True,True,True,True,False,True,True,True,True,True,True,True,True,True,True,True,True,True,True,True,True,True,True,True,True
38,True,True,False,True,False,False,False,False,False,False,False,False,False,False,False,True,True,True,False,False,True,False,False,True,True,True,False,False,True,False,True,False,False,False,False,False,False,False,True,True,True,False,True,False,False,False,False,True,True,False,False,True,False,False,False,False,False,True,True,False,False,True,False,True,True,False,True,True,False,False,True,True,True,True,True,True,True,True,True,True
39,True,True,True,True,True,True,True,True,True,True,True,True,True,True,True,True,True,True,True,True,True,True,True,True,True,True,True,True,True,True,True,True,True,True,True,True,True,True,True,True,True,True,True,True,False,True,False,True,True,True,True,True,True,True,True,True,True,True,True,True,True,True,True,True,True,True,True,True,True,True,True,True,True,True,True,True,True,True,True,True
40,True,True,False,True,True,False,False,False,False,True,True,False,True,True,True,True,True,True,True,True,False,False,True,True,False,False,True,False,True,True,True,False,False,False,False,False,False,False,True,True,True,False,False,False,False,False,False,True,True,False,False,True,False,False,False,False,True,False,True,True,True,True,False,False,False,False,True,True,True,True,False,True,True,True,True,True,True,True,True,True
41,True,True,False,True,False,False,False,False,False,False,False,False,False,False,False,True,True,True,False,False,True,False,False,True,True,True,False,False,True,False,True,False,False,False,False,False,False,True,False,False,False,True,True,False,False,False,False,True,False,False,True,True,False,False,False,False,True,True,True,False,False,True,False,True,True,False,True,True,False,False,True,True,True,True,True,True,True,True,True,True
42,True,True,False,True,False,False,False,False,False,False,False,True,True,True,True,True,True,True,True,True,True,False,True,False,True,False,True,False,True,True,True,False,False,False,False,False,False,False,True,True,True,False,True,False,False,False,False,True,False,False,True,True,True,False,True,False,False,True,True,False,False,True,False,True,True,False,True,True,True,False,True,True,True,True,True,True,True,True,True,True
43,True,True,True,True,True,False,False,False,False,True,True,False,False,False,False,True,True,True,True,False,False,True,False,True,True,True,True,True,True,False,False,False,False,False,False,False,True,False,True,True,True,True,True,True,False,True,True,True,True,True,True,True,False,True,True,True,True,True,True,False,True,True,True,True,False,True,False,False,False,True,True,True,True,True,True,True,True,True,True,True
44,True,True,True,True,True,True,True,True,True,True,True,True,True,True,True,True,True,True,True,True,True,True,True,True,True,True,True,True,True,True,True,True,True,True,True,True,True,True,True,True,True,True,True,True,True,True,True,True,True,True,True,True,True,True,True,True,True,True,True,False,True,True,True,True,True,True,True,True,True,True,True,True,True,True,True,True,True,True,True,True
45,True,True,True,True,True,False,False,False,False,True,True,True,False,False,False,True,True,True,True,False,True,True,False,False,False,False,True,False,True,False,True,False,False,False,False,False,True,False,True,True,True,False,False,False,False,True,False,True,True,True,False,True,False,False,False,False,False,False,True,False,True,True,False,False,True,False,True,True,False,True,False,True,True,True,True,True,True,True,True,True
46,True,True,True,True,True,True,True,True,True,True,True,True,True,True,True,True,True,True,True,True,True,True,True,True,True,True,True,True,True,True,True,True,True,True,True,True,True,True,True,True,True,True,True,True,True,True,True,True,True,True,True,True,True,True,True,True,True,True,True,True,True,True,True,True,True,True,True,True,True,True,True,True,True,True,True,True,True,True,True,True
47,True,True,True,True,True,False,False,False,True,True,True,True,False,True,False,True,True,True,True,False,True,True,False,True,True,False,True,False,True,False,True,False,False,False,False,False,True,False,True,True,True,False,True,False,False,False,False,True,False,True,True,True,False,True,False,True,True,True,False,False,True,True,True,True,True,True,False,False,False,True,True,True,True,True,True,True,True,True,True,True
48,True,True,True,True,True,True,True,True,True,True,True,True,False,False,False,True,True,True,True,True,True,True,True,True,True,True,True,True,True,True,True,True,True,True,True,True,True,True,True,True,True,True,True,True,False,True,False,True,True,True,True,True,False,True,True,True,True,True,False,False,True,True,True,True,True,True,False,False,True,True,True,True,True,True,True,True,True,True,True,True
49,True,True,False,True,False,False,False,False,False,False,False,False,True,False,True,True,True,True,False,True,False,False,False,False,False,False,True,False,True,True,True,False,False,False,False,False,False,False,False,False,False,False,False,False,False,False,False,True,False,True,False,True,False,False,False,False,False,False,True,False,False,True,False,False,False,False,True,True,True,False,False,True,True,True,True,True,True,True,True,True
50,True,True,False,True,True,False,False,False,False,False,True,True,True,False,True,True,True,True,True,False,True,False,True,False,True,False,True,False,True,True,True,False,False,False,False,False,False,False,False,True,True,False,True,False,False,False,False,True,True,False,True,True,False,True,False,False,False,True,True,False,False,True,False,False,True,False,True,True,True,True,True,True,True,True,True,True,True,True,True,True
51,True,True,True,True,True,True,True,True,True,True,True,True,False,False,False,True,True,True,True,True,True,True,True,True,True,True,True,True,True,True,True,True,True,True,True,True,True,True,True,True,True,True,True,True,False,True,False,True,False,True,True,True,False,True,False,True,True,True,False,False,True,True,True,True,True,True,False,False,True,True,True,True,True,True,True,True,True,True,True,True
52,True,True,False,True,False,False,False,False,False,False,False,False,False,False,False,True,True,True,False,False,True,False,False,False,True,True,False,False,True,False,False,False,False,False,False,False,False,False,False,True,False,False,True,False,False,False,False,False,False,False,False,False,True,False,False,False,False,True,False,False,False,True,False,False,True,False,False,False,False,False,True,True,True,True,True,True,True,True,True,True
53,True,True,True,True,True,False,False,False,False,True,True,True,True,False,True,True,True,True,True,True,True,True,True,True,False,False,True,False,True,True,False,True,False,False,False,False,False,False,True,True,True,False,False,False,False,True,False,False,True,False,False,False,False,True,False,True,True,False,True,False,True,True,True,False,True,True,True,False,False,True,False,True,True,True,True,True,True,True,True,True
54,True,True,True,True,True,True,True,True,True,True,True,True,False,False,False,True,True,True,True,True,True,True,True,True,True,True,True,True,True,True,True,True,True,True,True,True,True,True,True,True,True,False,True,True,False,True,False,True,True,True,True,True,True,True,True,True,True,True,True,False,False,True,True,True,True,True,True,True,True,True,True,True,True,True,True,True,True,True,True,True
55,True,True,False,True,True,True,True,True,True,True,True,True,True,True,True,True,True,True,True,True,True,True,True,True,True,False,True,False,True,True,True,True,True,True,True,True,False,False,True,True,True,False,True,False,False,True,True,True,True,True,True,True,True,True,False,True,True,True,True,True,True,True,True,True,True,True,True,True,True,True,True,True,True,True,True,True,True,True,True,True
56,True,True,False,True,True,False,False,False,False,False,True,True,True,False,True,True,True,True,True,False,True,False,True,False,False,False,True,False,True,True,True,False,False,False,False,False,False,False,False,True,True,False,False,False,False,False,False,True,True,False,False,True,False,True,False,False,True,False,True,False,False,True,False,False,True,False,True,True,True,True,False,True,True,True,True,True,True,True,True,True
57,True,True,False,True,False,False,False,False,False,True,False,False,False,False,False,True,True,True,True,True,True,False,True,False,False,False,True,False,True,True,True,False,False,False,False,False,False,True,True,True,True,False,True,False,False,False,False,True,True,False,False,True,True,True,True,False,False,True,True,False,False,True,False,False,True,False,True,True,True,False,False,True,True,True,True,True,True,True,True,True
58,True,True,True,True,True,True,True,True,True,True,True,True,False,True,False,True,True,True,True,True,True,True,True,True,False,False,False,False,True,True,True,True,True,True,True,True,True,True,True,True,True,True,True,True,False,False,False,False,False,True,True,False,False,True,False,True,True,True,True,True,True,True,True,True,True,True,False,False,True,True,False,True,True,True,True,True,True,True,True,True
59,True,True,False,True,False,False,False,False,False,False,False,True,False,False,False,True,True,True,False,False,True,False,False,False,False,False,False,False,True,False,False,False,False,False,False,False,False,False,True,True,True,False,False,False,False,False,False,False,False,False,False,False,False,False,False,False,False,False,True,True,True,True,False,False,True,False,True,False,False,False,False,True,True,True,True,True,True,True,True,True
60,True,True,True,True,False,False,False,False,False,False,False,True,False,False,False,True,True,True,True,True,True,True,False,False,False,False,False,False,True,False,False,False,False,False,False,False,False,False,False,True,True,False,False,False,False,True,True,False,False,False,False,False,False,False,False,True,False,False,True,True,True,True,True,True,True,True,True,False,False,False,False,True,True,True,True,True,True,True,True,True
61,True,True,True,True,True,True,True,True,True,True,True,True,True,True,True,True,True,True,True,True,True,True,True,True,True,True,True,True,True,True,True,True,True,True,True,True,True,True,True,True,True,True,True,True,True,True,True,True,True,True,True,True,True,True,True,True,True,True,True,True,True,True,True,True,True,True,True,True,True,True,True,True,True,True,True,True,True,True,True,True
62,True,True,True,True,True,False,False,False,False,True,True,True,True,True,True,True,True,True,True,True,True,True,True,True,True,True,True,False,True,False,False,False,False,False,False,False,False,False,True,True,True,False,True,False,False,True,False,False,True,True,True,False,False,True,True,True,True,True,True,True,True,True,True,True,True,True,True,False,False,True,True,True,True,True,True,True,True,True,True,True
63,True,True,False,True,False,False,False,False,False,False,False,False,False,False,False,True,True,True,True,True,True,True,True,False,False,False,True,False,True,True,True,False,False,False,False,False,False,True,True,True,True,False,True,False,False,False,False,True,True,False,False,True,True,True,True,False,False,False,True,False,True,True,False,True,True,False,True,True,True,False,False,True,True,True,True,True,True,True,True,True
64,True,True,False,True,True,True,True,True,True,True,True,True,True,True,True,True,True,True,True,True,True,True,True,True,True,False,True,False,True,True,True,True,True,True,True,True,False,False,True,True,True,False,True,False,False,True,True,True,True,True,True,True,True,True,True,True,True,True,True,True,True,True,True,True,True,True,True,True,True,True,True,True,True,True,True,True,True,True,True,True
65,True,True,False,True,True,True,True,True,True,True,True,True,True,True,True,True,True,True,True,True,True,True,True,True,True,False,True,False,True,True,True,True,True,True,True,True,False,False,True,True,True,False,True,False,False,True,True,True,True,True,True,True,True,True,False,True,True,True,True,True,True,True,True,True,True,True,True,True,True,True,True,True,True,True,True,True,True,True,True,True
66,True,True,True,True,True,True,True,True,True,True,True,True,False,True,False,True,True,True,True,True,True,True,True,True,True,True,True,True,True,True,True,True,True,True,True,True,True,True,True,True,True,True,True,False,False,True,False,False,False,True,True,False,False,True,False,True,True,True,False,False,True,True,True,True,True,True,True,True,True,True,True,True,True,True,True,True,True,True,True,True
67,True,True,True,True,True,False,False,False,True,True,True,True,False,False,False,True,True,True,True,False,True,True,False,False,True,False,True,False,True,False,True,False,False,False,False,False,True,False,True,True,True,False,False,False,False,False,False,False,False,True,True,False,False,True,False,True,False,False,False,False,True,True,True,False,True,True,True,True,False,True,False,True,True,True,True,True,True,True,True,True
68,True,True,False,True,False,False,False,False,False,False,False,True,False,False,False,True,True,True,True,True,True,False,False,False,False,False,True,False,True,False,True,False,False,False,False,False,False,False,True,True,True,True,False,False,False,False,False,False,False,True,False,False,False,False,False,False,False,False,True,False,True,False,False,False,True,False,False,False,True,False,False,True,True,True,True,True,True,True,True,True
69,True,True,False,True,True,False,False,False,False,False,True,False,True,False,True,True,True,True,True,False,False,False,False,True,True,True,True,False,True,True,True,False,False,False,False,False,False,True,False,False,True,True,True,False,False,True,False,True,True,True,True,True,False,False,False,False,True,True,True,False,False,True,False,False,False,False,True,True,True,True,True,True,True,True,True,True,True,True,True,True
70,True,True,False,True,False,False,False,False,True,False,False,True,True,False,True,True,True,True,True,True,True,False,True,False,True,False,True,False,True,True,True,False,False,False,False,False,False,False,True,True,True,False,True,False,False,False,False,True,True,False,True,True,True,True,True,False,True,True,True,True,False,True,True,True,True,False,True,True,True,False,True,True,True,True,True,True,True,True,True,True
71,True,True,False,True,True,False,True,False,False,False,True,True,True,True,True,True,True,True,True,False,True,False,False,False,False,False,True,False,True,False,False,False,False,False,False,True,False,False,True,True,False,True,False,False,False,False,False,True,True,False,False,True,False,False,False,False,False,False,True,False,True,True,False,False,True,False,True,True,False,True,False,True,True,True,True,True,True,True,True,True
72,True,True,False,True,True,False,False,False,False,True,True,True,True,False,True,True,True,True,True,True,False,True,True,True,False,False,True,False,True,True,True,True,False,False,False,False,False,False,True,True,True,False,False,False,False,True,True,True,True,True,False,True,False,True,False,True,True,False,True,True,True,True,True,False,False,True,True,True,True,True,False,True,True,True,True,True,True,True,True,True
73,True,True,False,True,True,False,False,False,False,True,True,True,True,False,True,True,True,True,True,True,False,True,True,True,False,False,True,False,True,True,True,True,False,False,False,False,False,False,True,True,True,False,False,False,False,True,True,True,True,True,False,True,False,True,False,True,True,False,True,True,True,True,True,False,True,True,True,True,True,True,False,True,True,True,True,True,True,True,True,True
74,True,True,False,True,True,True,True,True,True,True,True,True,True,True,True,True,True,True,True,True,False,True,True,True,True,False,True,False,True,True,True,True,True,True,True,True,False,False,True,True,True,False,True,False,False,True,True,True,True,True,True,True,False,True,False,True,True,True,True,True,True,True,True,True,False,True,True,True,True,True,True,True,True,True,True,True,True,True,True,True
75,True,True,False,True,True,True,True,True,True,True,True,True,True,True,True,True,True,True,False,True,True,True,True,True,True,True,True,False,True,True,True,True,True,True,True,True,False,True,True,True,True,True,True,False,False,False,False,True,True,True,True,True,False,True,True,True,True,True,True,True,True,True,False,True,True,True,True,True,True,True,True,True,True,True,True,True,True,True,True,True
76,True,True,False,True,True,False,False,False,False,False,True,True,True,False,True,True,True,True,True,True,False,False,True,True,False,False,True,False,True,True,True,False,False,False,False,False,False,False,True,True,True,True,False,False,False,False,False,True,True,False,False,True,False,False,False,False,True,False,True,False,False,True,False,False,False,False,True,True,True,True,False,True,True,True,True,True,True,True,True,True
77,True,False,False,False,True,False,False,False,False,False,True,False,False,False,False,True,True,True,True,False,False,False,False,False,False,False,True,False,True,False,False,False,False,False,False,False,False,True,False,False,True,True,False,False,False,False,False,True,True,False,False,True,False,False,False,True,False,False,True,False,True,True,False,False,False,True,True,True,True,True,False,True,True,True,True,True,True,True,True,True
78,True,True,False,True,False,False,False,False,False,False,False,False,False,False,False,True,True,True,True,True,True,False,False,False,False,False,True,False,True,False,False,False,False,False,False,False,False,False,True,True,True,False,False,False,False,False,False,True,True,False,False,True,False,True,False,True,False,False,True,False,True,True,False,False,True,False,True,True,False,False,False,True,True,True,True,True,True,True,True,True
79,True,True,False,True,False,False,False,False,True,True,False,True,False,False,False,True,True,True,True,False,True,False,False,False,False,False,True,False,True,False,False,False,False,False,False,False,False,False,True,True,True,False,False,False,False,False,False,True,True,False,False,True,False,True,False,True,False,False,True,False,True,True,False,False,True,True,True,True,False,False,False,True,True,True,True,True,True,True,True,True
80,True,True,False,True,True,True,True,True,True,True,True,True,True,True,True,True,True,True,True,True,True,True,True,True,True,True,True,True,True,True,True,True,True,True,True,True,False,True,True,True,True,True,True,False,False,True,False,True,True,True,True,True,False,True,True,True,True,True,True,True,True,True,True,True,True,True,True,True,True,True,True,True,True,True,True,True,True,True,True,True
81,True,True,False,True,False,False,False,False,False,False,False,False,False,False,False,True,True,True,True,True,True,True,False,False,False,False,True,False,True,False,False,False,False,False,False,False,False,False,True,True,True,False,False,False,False,False,False,True,True,False,False,True,False,False,False,True,False,False,True,False,True,True,False,False,True,False,True,True,False,False,False,True,True,True,True,True,True,True,True,True
82,True,True,False,True,True,True,True,False,True,False,True,False,True,False,False,True,True,True,True,False,True,False,False,False,False,False,True,False,True,False,False,False,False,False,False,True,False,False,False,True,True,False,False,False,False,False,False,True,True,False,False,True,False,False,False,True,False,False,True,True,True,True,False,False,True,False,True,True,False,True,False,True,True,True,True,True,True,True,True,True
83,True,True,False,True,False,False,False,False,True,False,False,True,True,False,False,True,True,True,True,False,True,False,False,False,False,False,True,False,True,False,False,False,False,False,False,False,False,False,True,True,True,False,False,False,False,False,False,True,True,False,False,False,False,False,False,True,False,False,True,False,True,True,False,False,True,False,True,True,False,False,False,True,True,True,True,True,True,True,True,True
84,True,True,False,True,False,False,False,False,True,False,False,False,True,False,False,True,True,True,True,False,True,False,False,True,True,True,True,False,True,False,False,False,False,False,False,False,False,False,False,True,True,False,False,False,False,False,False,True,True,False,False,True,False,False,False,True,False,False,True,False,True,True,False,False,True,False,True,True,False,False,True,True,True,True,True,True,True,True,True,True
85,True,True,False,True,False,False,False,False,False,True,False,True,True,False,False,True,True,True,True,False,True,False,False,False,False,False,True,False,True,False,False,False,False,False,False,False,False,True,False,True,True,False,False,False,False,False,False,True,True,False,False,True,False,True,False,True,False,False,True,False,True,True,True,False,True,True,True,True,False,False,False,True,True,True,True,True,True,True,True,True
86,True,True,False,True,True,False,False,False,False,True,True,True,False,False,False,True,True,True,False,False,True,False,False,False,False,False,True,False,True,False,False,False,False,False,False,False,False,True,False,True,True,True,False,False,False,False,False,False,True,True,False,True,False,False,False,False,False,False,True,False,True,True,False,False,True,False,True,True,False,True,False,True,True,True,True,True,True,True,True,True
87,True,True,False,True,True,False,False,False,False,True,True,True,False,False,False,True,True,True,False,False,True,False,False,False,False,False,True,False,True,False,False,False,False,False,False,False,False,True,False,True,True,True,True,False,False,False,False,False,True,True,False,True,False,False,False,False,False,False,True,True,True,True,False,False,True,False,True,True,False,True,False,True,True,True,True,True,True,True,True,True
88,True,True,False,True,True,False,False,False,False,True,True,True,True,False,True,True,True,True,False,False,True,False,False,False,False,False,True,False,True,False,False,False,False,False,False,False,False,True,True,True,True,True,False,False,False,False,False,True,True,True,False,True,False,False,False,False,False,False,True,False,True,True,False,False,True,False,True,True,False,True,False,True,True,True,True,True,True,True,True,True
89,True,True,False,True,True,False,False,False,False,True,True,False,True,False,True,True,True,True,False,False,True,False,False,False,False,False,True,False,True,False,False,False,False,False,False,False,False,True,True,True,True,True,False,False,False,False,False,True,True,True,False,True,False,True,False,True,False,False,True,False,True,True,True,False,True,True,True,True,False,True,False,True,True,True,True,True,True,True,True,True
90,True,True,False,True,True,False,False,False,False,True,True,False,True,False,True,True,True,True,False,False,True,False,False,False,False,False,True,False,True,False,False,False,False,False,False,False,False,True,True,True,True,True,False,False,False,False,False,True,True,True,False,True,False,True,False,True,False,False,True,False,True,True,True,False,True,True,True,True,False,True,False,True,True,True,True,True,True,True,True,True
91,True,True,True,True,True,False,False,False,True,True,True,True,True,False,True,True,True,True,True,True,True,True,False,False,False,False,True,False,True,False,False,False,False,False,False,False,True,True,True,True,True,True,False,False,False,False,False,True,True,True,False,True,False,True,False,True,False,False,True,False,True,True,True,False,True,True,True,True,False,True,False,True,True,True,True,True,True,True,True,True
92,True,True,True,True,True,False,False,False,True,True,True,True,True,False,True,True,True,True,True,True,True,True,False,False,False,False,True,False,False,False,False,False,False,False,False,False,True,True,True,True,True,True,False,False,False,False,False,False,True,True,False,False,False,True,True,True,False,False,False,False,True,False,True,False,True,True,True,False,False,True,False,True,True,True,True,True,True,True,True,True
93,True,True,True,True,True,False,False,False,True,True,True,True,True,False,True,True,True,True,True,True,True,True,False,False,False,False,True,False,True,False,False,False,False,False,False,False,True,True,True,True,True,True,False,False,False,False,False,False,True,True,False,False,False,True,True,True,False,False,False,False,True,True,True,False,True,True,True,False,False,True,False,True,True,True,True,True,True,True,True,True
94,True,True,True,True,True,False,False,False,True,True,True,True,True,False,True,True,True,True,True,True,True,True,False,False,False,False,True,False,True,False,False,False,False,False,False,False,True,True,True,True,True,True,False,False,False,False,True,False,True,True,False,False,False,True,True,True,False,False,False,False,True,True,True,False,True,True,True,False,False,True,False,True,True,True,True,True,True,True,True,True
95,True,True,True,True,True,False,False,False,True,True,True,True,True,False,True,True,True,True,True,True,True,True,False,False,False,False,True,False,True,False,False,False,False,False,False,False,True,True,True,True,True,True,False,False,False,False,False,False,True,True,False,False,False,True,True,True,False,False,True,False,True,True,True,False,True,True,True,False,False,True,False,True,True,True,True,True,True,True,True,True
96,True,True,True,True,True,False,False,False,True,True,True,True,True,False,True,True,True,True,True,True,True,True,False,False,False,False,False,False,True,False,False,False,False,False,False,False,True,True,True,True,True,True,False,False,False,False,False,False,False,True,False,False,False,True,True,True,False,False,False,False,True,True,True,False,True,True,True,False,False,True,False,True,True,True,True,True,True,True,True,True
97,True,True,True,True,True,False,False,False,True,True,True,True,True,False,True,True,True,True,True,True,True,True,False,False,False,False,True,False,True,False,False,False,False,False,False,False,True,True,True,True,True,True,False,False,False,False,False,False,True,True,False,False,False,True,True,True,False,False,False,False,True,True,True,False,True,True,True,False,False,True,False,True,True,True,True,True,True,True,True,True
98,True,True,False,True,False,False,False,False,False,False,False,False,False,False,False,True,True,True,True,False,False,False,False,False,False,False,True,False,True,False,False,False,False,False,False,False,False,False,False,True,False,False,False,False,False,False,False,False,True,False,False,False,False,False,False,False,False,False,False,False,False,True,False,False,False,False,True,False,False,False,False,True,True,True,True,True,True,True,True,True
99,True,True,False,True,True,False,False,False,True,True,True,True,False,False,False,True,True,True,True,True,True,True,False,False,False,False,True,False,False,False,False,False,False,False,False,False,False,True,True,True,True,True,False,False,False,False,False,False,False,True,False,False,False,False,False,False,False,False,False,False,True,True,False,False,True,False,False,False,False,True,False,True,True,True,True,True,True,True,True,True
100,True,True,False,True,True,False,False,False,True,True,True,True,False,True,False,True,True,True,True,True,True,True,True,True,True,False,True,True,True,False,False,False,False,False,False,False,False,True,True,True,True,True,True,False,False,False,False,False,False,True,True,True,False,True,False,True,True,True,False,False,True,True,True,True,True,True,False,False,False,True,True,True,True,True,True,True,True,True,True,True
101,True,True,False,True,True,False,False,False,True,True,True,True,False,True,False,True,True,True,True,True,True,True,True,True,True,False,True,True,True,False,False,False,False,False,False,False,False,True,True,True,True,True,True,False,False,False,False,True,False,True,True,True,False,True,False,True,True,True,False,False,True,True,True,True,True,True,False,False,False,True,True,True,True,True,True,True,True,True,True,True
102,True,True,True,True,True,False,False,False,True,True,True,True,False,False,False,True,True,True,True,True,True,True,False,False,False,False,True,False,False,False,False,False,False,False,False,False,True,True,True,True,True,True,False,False,False,False,False,False,True,True,False,False,False,True,True,True,False,False,False,False,True,False,True,False,True,True,True,False,False,True,False,True,True,True,True,True,True,True,True,True
103,True,True,True,True,True,False,False,False,True,True,True,True,False,False,False,True,True,True,True,True,True,True,False,False,False,False,True,False,True,False,False,False,False,False,False,False,True,True,True,True,True,True,False,False,False,False,False,False,True,True,False,False,False,True,True,True,False,False,False,False,True,True,True,False,True,True,True,False,False,True,False,True,True,True,True,True,True,True,True,True
104,True,True,True,True,True,False,False,False,True,True,True,True,False,False,False,True,True,True,True,True,True,True,False,False,False,False,True,False,True,False,False,False,False,False,False,False,True,True,True,True,True,True,False,False,False,False,False,False,True,True,False,False,False,True,True,True,False,False,False,False,True,True,True,False,True,True,True,False,False,True,False,True,True,True,True,True,True,True,True,True
105,True,True,True,True,True,False,False,False,True,True,True,True,False,False,False,True,True,True,True,True,True,True,False,False,False,False,True,False,True,False,False,False,False,False,False,False,True,True,True,True,True,True,False,False,False,False,False,False,True,True,False,False,False,True,True,True,False,False,False,False,True,True,True,False,True,True,True,False,False,True,False,True,True,True,True,True,True,True,True,True
106,True,True,True,True,True,False,False,False,True,True,True,True,False,False,False,True,True,True,True,True,True,True,False,False,False,False,False,False,True,False,False,False,False,False,False,False,True,True,True,True,True,True,False,False,False,False,False,False,False,True,False,False,False,True,True,True,False,False,False,False,True,True,True,False,True,True,True,False,False,True,False,True,True,True,True,True,True,True,True,True
107,True,True,True,True,True,False,False,False,True,True,True,True,False,False,False,True,True,True,True,True,True,True,False,False,False,False,True,False,True,False,False,False,False,False,False,False,True,True,True,True,True,True,False,False,False,False,False,False,True,True,False,False,False,True,True,True,False,False,False,False,True,True,True,False,True,True,True,False,False,True,False,True,True,True,True,True,True,True,True,True
108,True,True,True,True,True,False,False,False,True,True,True,True,False,False,False,True,True,True,True,True,True,True,False,False,True,True,True,False,True,False,False,False,False,False,False,False,True,True,True,True,True,True,False,False,False,False,False,False,True,True,True,False,False,True,False,True,False,True,True,False,True,True,True,True,True,True,True,False,False,True,True,True,True,True,True,True,True,True,True,True
109,True,True,True,True,True,False,False,False,True,True,True,True,False,False,False,True,True,True,True,True,True,True,False,False,False,False,True,False,False,False,False,False,False,False,False,False,True,True,True,True,True,True,False,False,False,False,False,False,True,True,False,False,False,True,False,True,False,False,True,False,True,False,True,False,True,True,True,False,False,True,False,True,True,True,True,True,True,True,True,True
110,True,True,True,True,True,False,False,False,True,True,True,True,False,False,False,True,True,True,True,True,True,True,False,False,False,False,True,False,True,False,False,False,False,False,False,False,True,True,True,True,True,True,False,False,False,False,False,False,True,True,False,False,False,True,False,True,False,False,True,False,True,True,True,False,True,True,True,False,False,True,False,True,True,True,True,True,True,True,True,True
111,True,True,True,True,True,False,False,False,True,True,True,True,False,False,False,True,True,True,True,True,True,True,False,False,False,False,True,False,True,False,False,False,False,False,False,False,True,True,True,True,True,True,False,False,False,False,False,False,True,True,False,False,False,True,False,True,False,False,True,False,True,True,True,False,True,True,True,False,False,True,False,True,True,True,True,True,True,True,True,True
112,True,True,True,True,True,False,False,False,True,True,True,True,False,False,False,True,True,True,True,True,True,True,False,False,False,False,True,False,True,False,False,False,False,False,False,False,True,True,True,True,True,True,False,False,False,False,False,False,True,True,False,False,False,True,False,True,False,False,True,False,True,True,True,False,True,True,True,False,False,True,False,True,True,True,True,True,True,True,True,True
113,True,True,True,True,True,False,False,False,True,True,True,True,False,False,False,True,True,True,True,True,True,True,False,False,False,False,True,False,True,False,False,False,False,False,False,False,True,True,True,True,True,True,False,False,False,False,False,False,True,True,False,False,False,True,False,True,False,False,True,False,True,True,True,False,True,True,True,False,False,True,False,True,True,True,True,True,True,True,True,True
114,True,True,True,True,True,True,True,True,True,True,True,True,True,True,True,True,True,True,True,True,True,True,True,True,True,True,True,True,True,True,True,True,True,True,True,True,True,True,True,True,True,True,True,True,False,True,False,False,True,True,True,False,False,True,True,True,True,True,True,True,True,True,True,True,True,True,True,False,True,True,True,True,True,True,True,True,True,True,True,True
115,True,True,True,True,True,False,False,False,True,True,True,True,False,False,False,True,True,True,True,True,True,True,False,False,False,False,True,False,False,False,False,False,False,False,False,False,True,True,True,True,True,True,False,False,False,False,False,False,True,True,False,False,False,True,False,True,False,False,True,False,True,False,True,False,True,True,True,False,False,True,False,True,True,True,True,True,True,True,True,True
116,True,True,True,True,True,False,False,False,True,True,True,True,False,False,False,True,True,True,True,True,True,True,False,False,False,False,True,False,True,False,False,False,False,False,False,False,True,True,True,True,True,True,False,False,False,False,False,False,True,True,False,False,False,True,False,True,False,False,True,False,True,False,True,False,True,True,True,False,False,True,False,True,True,True,True,True,True,True,True,True
117,True,True,True,True,True,False,False,False,True,True,True,True,False,False,False,True,True,True,True,True,True,True,False,False,False,False,True,False,True,False,False,False,False,False,False,False,True,True,True,True,True,True,False,False,False,False,False,False,True,True,False,False,False,True,False,True,False,False,True,False,True,False,True,False,True,True,True,False,False,True,False,True,True,True,True,True,True,True,True,True
118,True,True,True,True,True,False,False,False,True,True,True,True,False,False,False,True,True,True,True,True,True,True,False,False,False,False,True,False,True,False,False,False,False,False,False,False,True,True,True,True,True,True,False,False,False,False,False,False,True,True,False,False,False,True,False,True,False,False,True,False,True,False,True,False,True,True,True,False,False,True,False,True,True,True,True,True,True,True,True,True
119,True,True,True,True,True,False,False,False,True,True,True,True,False,False,False,True,True,True,True,True,True,True,False,False,False,False,True,False,True,False,False,False,False,False,False,False,True,True,True,True,True,True,False,False,False,False,False,False,True,True,False,False,False,True,False,True,False,False,True,False,True,False,True,False,True,True,True,False,False,True,False,True,True,True,True,True,True,True,True,True
120,True,True,True,True,True,False,False,False,True,True,True,True,False,False,False,True,True,True,True,True,True,True,False,False,False,False,True,False,True,False,False,False,False,False,False,False,True,True,True,True,True,True,False,False,False,False,False,False,True,True,False,False,False,True,False,True,False,False,True,False,True,False,True,False,True,True,True,False,False,True,False,True,True,True,True,True,True,True,True,True
121,True,True,False,True,True,False,False,False,False,True,True,True,False,False,False,True,True,True,True,True,True,True,False,False,False,False,True,False,True,False,False,False,False,False,False,False,False,True,True,True,True,True,False,False,False,False,False,False,True,True,False,False,False,True,False,True,False,False,True,False,True,True,True,False,True,False,True,False,False,True,False,True,True,True,True,True,True,True,True,True
122,True,True,False,True,False,False,False,False,False,False,False,False,False,False,False,True,True,True,True,False,True,False,False,False,False,False,True,False,True,False,False,False,False,False,False,False,False,True,True,True,True,False,False,False,False,False,False,False,True,False,False,False,False,False,False,False,False,False,True,True,True,True,False,False,True,False,True,False,False,False,False,True,True,True,True,True,True,True,True,True
123,True,True,False,True,True,False,False,False,False,False,True,True,False,False,False,True,True,True,True,True,True,True,False,False,False,False,True,False,False,False,False,False,False,False,False,False,False,True,True,True,True,True,False,False,False,False,False,False,False,True,False,False,False,False,False,False,False,False,True,False,True,False,False,False,True,False,True,False,False,True,False,True,True,True,True,True,True,True,True,True
124,True,True,False,True,True,False,False,False,False,False,True,True,False,False,False,True,True,True,True,True,True,True,False,False,False,False,True,False,False,False,False,False,False,False,False,False,False,True,True,True,True,True,False,False,False,False,False,False,False,True,False,False,False,False,False,False,False,False,True,False,True,False,False,False,True,False,True,False,False,True,False,True,True,True,True,True,True,True,True,True
125,True,True,False,True,True,False,False,False,False,False,True,True,False,False,False,True,True,True,True,True,True,True,False,False,False,False,True,False,False,False,False,False,False,False,False,False,False,True,True,True,True,True,False,False,False,False,False,False,False,True,False,False,False,False,False,False,False,False,True,False,True,False,False,False,True,False,True,False,False,True,False,True,True,True,True,True,True,True,True,True
126,True,True,False,True,True,False,False,False,False,False,True,True,False,False,False,True,True,True,True,True,True,True,False,False,False,False,True,False,False,False,False,False,False,False,False,False,False,True,True,True,True,True,False,False,False,False,False,False,False,True,False,False,False,False,False,False,False,False,True,False,True,False,False,False,True,False,True,False,False,True,False,True,True,True,True,True,True,True,True,True
127,True,True,False,True,True,False,False,False,False,False,True,True,False,False,False,True,True,True,True,True,True,True,False,False,False,False,True,False,False,False,False,False,False,False,False,False,False,True,True,True,True,True,False,False,False,False,False,False,False,True,False,False,False,False,False,False,False,False,True,False,True,False,False,False,True,False,True,False,False,True,False,True,True,True,True,True,True,True,True,True
128,True,True,False,True,True,False,False,False,False,False,True,True,False,False,False,True,True,True,True,True,True,True,False,True,False,False,True,False,False,False,False,False,False,False,False,False,False,True,True,True,True,True,False,False,False,False,False,False,False,True,False,False,False,True,False,True,True,False,True,False,True,False,True,False,True,False,True,False,False,True,False,True,True,True,True,True,True,True,True,True
129,True,True,True,True,True,True,True,True,True,True,True,True,True,True,True,True,True,True,True,True,True,True,True,True,True,True,True,True,False,True,True,True,True,True,True,True,True,True,True,True,True,True,True,True,False,True,False,False,False,True,True,False,False,True,True,True,True,True,True,True,True,False,True,True,True,False,True,False,True,True,True,True,True,True,True,True,True,True,True,True
130,True,True,False,True,True,False,False,False,False,False,True,True,False,False,False,True,True,True,True,True,True,True,False,False,False,False,True,False,False,False,False,False,False,False,False,False,False,True,True,True,True,True,False,False,False,False,False,False,False,True,False,False,False,True,False,True,False,False,True,False,True,False,True,False,True,False,True,False,False,True,False,True,True,True,True,True,True,True,True,True
131,True,True,False,True,True,False,False,True,True,True,True,True,True,False,True,True,True,True,True,True,True,True,True,True,True,True,True,True,False,True,True,True,False,False,False,False,False,True,True,True,True,True,True,True,False,False,False,False,False,True,True,False,False,True,True,True,True,True,True,True,True,False,True,True,True,False,True,False,True,True,True,True,True,True,True,True,True,True,True,True
132,True,True,False,True,False,False,False,False,False,False,False,False,False,False,False,True,True,True,False,False,True,False,False,False,False,False,True,False,True,False,False,False,False,False,False,False,False,False,True,True,True,False,False,False,False,False,False,True,True,False,False,True,False,False,False,False,False,False,True,False,True,True,False,False,True,False,True,True,False,False,False,True,True,True,True,True,True,True,True,True
133,True,True,False,True,False,False,True,False,False,False,False,True,True,False,True,True,True,True,True,False,True,False,False,False,False,False,True,False,True,False,False,False,False,False,False,False,False,False,True,True,True,False,False,False,False,False,False,True,True,False,False,True,False,False,False,True,False,False,True,False,True,True,False,False,True,False,True,True,False,False,False,True,True,True,True,True,True,True,True,True
134,True,True,False,True,True,False,False,False,True,True,True,True,True,False,True,True,True,True,True,True,True,True,False,False,False,False,True,False,True,False,False,False,False,False,False,False,False,True,True,True,True,True,True,False,False,False,False,True,True,True,False,True,False,True,False,True,False,False,True,True,True,True,True,False,True,True,True,True,False,True,False,True,True,True,True,True,True,True,True,True
135,True,True,False,True,True,False,True,False,True,True,True,True,True,True,True,True,True,True,True,False,True,True,False,True,False,False,True,False,True,False,False,False,False,False,True,False,False,False,True,True,True,True,True,False,False,False,False,True,True,True,False,True,False,True,False,True,True,False,True,True,True,True,True,False,True,True,True,True,False,True,False,True,True,True,True,True,True,True,True,True
136,True,True,False,True,True,False,True,False,True,True,True,True,True,True,True,True,True,True,True,True,True,True,False,True,False,False,True,False,True,False,False,False,False,False,True,False,False,True,True,True,True,True,True,False,False,False,False,True,True,True,False,True,False,True,False,True,True,False,True,True,True,True,True,False,True,True,True,True,False,True,False,True,True,True,True,True,True,True,True,True
137,True,True,False,True,False,False,False,False,False,True,False,True,True,False,True,True,True,True,True,True,True,False,False,True,True,False,True,False,True,False,False,False,False,False,False,False,False,True,True,True,False,False,True,False,False,False,False,True,True,False,True,True,False,False,False,False,True,True,True,False,False,True,False,True,True,False,True,True,False,False,True,True,True,True,True,True,True,True,True,True
138,True,True,False,True,False,False,False,False,False,True,False,True,False,False,False,True,True,True,True,True,True,False,False,True,True,False,True,False,True,False,False,False,False,False,False,False,False,True,True,True,False,False,True,False,False,False,False,False,True,False,True,False,False,False,False,False,True,True,True,False,False,True,False,True,True,False,True,False,False,False,True,True,True,True,True,True,True,True,True,True
139,True,True,False,True,False,False,False,False,False,True,False,True,False,False,False,True,True,True,True,True,True,False,False,True,True,False,True,False,True,False,False,False,False,False,False,False,False,True,True,True,False,False,True,False,False,False,False,False,True,False,True,False,False,False,False,False,True,True,True,False,False,True,False,True,True,False,True,False,False,False,True,True,True,True,True,True,True,True,True,True
140,True,True,False,True,False,False,False,False,False,True,False,True,False,False,False,True,True,True,True,True,True,False,False,True,True,False,True,False,True,False,False,False,False,False,False,False,False,False,True,True,False,False,True,False,False,False,False,False,False,False,True,False,False,False,False,False,True,True,True,False,False,False,False,True,True,False,True,False,False,False,True,True,True,True,True,True,True,True,True,True
141,True,True,False,True,False,False,False,False,False,True,False,True,False,False,False,True,True,True,True,True,True,False,False,True,True,False,True,False,True,False,False,False,False,False,False,False,False,True,True,True,False,False,True,False,False,False,False,False,False,False,True,False,False,False,False,False,True,True,True,False,False,False,False,True,True,False,True,False,False,False,True,True,True,True,True,True,True,True,True,True
142,True,True,False,True,False,False,False,False,False,True,False,True,False,False,False,True,True,True,True,True,True,False,False,True,True,False,True,False,True,False,False,False,False,False,False,False,False,True,True,True,False,False,True,False,False,False,False,False,False,False,True,False,False,False,False,False,True,True,True,False,False,False,False,True,True,False,True,False,False,False,True,True,True,True,True,True,True,True,True,True
143,True,True,False,True,True,False,False,False,True,True,True,True,True,True,True,True,True,True,True,True,True,False,False,False,False,False,True,False,True,False,False,False,False,False,False,False,False,True,True,True,True,True,False,False,False,False,False,False,True,True,False,False,False,True,False,True,False,False,True,False,True,True,True,False,True,True,True,False,False,True,False,True,True,True,True,True,True,True,True,True
144,True,True,False,True,True,True,True,True,True,True,True,True,True,True,True,True,True,True,True,True,True,True,True,True,True,True,True,True,True,True,True,True,True,True,True,True,False,False,True,True,True,True,True,False,False,True,False,False,True,True,True,True,False,True,True,True,True,True,True,True,True,True,True,True,True,True,True,False,True,True,True,True,True,True,True,True,True,True,True,True
145,True,True,False,True,True,False,False,False,True,True,True,True,True,True,True,True,True,True,True,True,True,True,False,True,True,False,True,False,True,False,False,False,False,False,False,False,False,True,True,True,True,True,True,False,False,False,False,False,True,True,True,False,False,True,False,True,True,True,True,True,True,True,True,True,True,True,True,False,False,True,True,True,True,True,True,True,True,True,True,True
146,True,True,False,True,False,False,False,False,False,True,False,True,True,False,True,True,True,True,True,True,True,True,False,True,True,False,True,False,True,False,False,False,False,False,False,False,False,True,True,True,True,False,True,False,False,False,False,False,True,False,True,False,False,True,False,True,True,True,True,True,False,True,True,True,True,True,True,False,False,False,True,True,True,True,True,True,True,True,True,True
147,True,True,False,True,False,False,False,False,False,True,False,True,True,False,True,True,True,True,True,True,True,True,False,True,True,False,True,False,True,False,False,False,False,False,False,False,False,True,True,True,True,False,True,False,False,False,False,False,True,False,True,False,False,True,False,True,True,True,True,False,True,True,True,True,True,True,True,False,False,False,True,True,True,True,True,True,True,True,True,True
148,True,True,True,True,True,True,True,True,True,True,True,True,True,True,True,True,True,True,True,True,True,True,True,True,True,False,True,True,True,True,True,True,True,True,True,True,True,True,True,True,True,True,True,True,False,True,False,True,True,True,True,True,False,True,True,True,True,True,True,True,True,True,True,True,True,True,True,True,True,True,True,True,True,True,True,True,True,True,True,True
149,True,True,True,True,True,True,True,True,True,True,True,True,True,True,True,True,True,True,True,True,True,True,True,True,True,True,True,True,True,True,True,True,True,True,True,True,True,True,True,True,True,True,True,True,False,True,False,True,True,True,True,True,False,True,True,True,True,True,True,False,True,True,True,True,True,True,False,False,True,True,True,True,True,True,True,True,True,True,True,True
150,True,True,True,True,True,False,False,False,False,True,True,True,True,False,True,True,True,True,True,False,True,True,False,False,False,False,True,False,True,False,False,False,False,False,False,False,True,True,True,True,True,False,False,False,False,True,False,False,True,True,False,False,False,False,False,True,False,False,True,False,True,True,False,False,True,True,True,False,False,True,False,True,True,True,True,True,True,True,True,True
151,True,True,False,True,True,False,False,False,False,False,False,False,False,False,False,True,True,True,False,False,True,False,False,False,False,False,True,False,True,False,False,False,False,False,False,False,False,True,True,True,True,False,False,False,False,False,False,False,True,False,False,False,False,False,False,False,False,False,True,False,True,True,False,False,True,False,False,False,False,True,False,True,True,True,True,True,True,True,True,True
152,True,True,True,True,True,False,False,False,False,True,True,True,True,False,True,True,True,True,True,False,True,True,False,False,False,False,True,False,True,False,True,False,False,False,False,False,True,False,True,True,True,False,False,False,False,True,False,False,True,True,False,False,False,False,False,True,False,False,True,False,True,True,False,False,True,True,True,False,False,True,False,True,True,True,True,True,True,True,True,True
153,True,True,False,True,True,False,False,False,False,False,False,False,False,False,False,True,True,True,False,False,True,False,False,False,False,False,True,False,True,False,False,False,False,False,False,False,False,True,True,True,True,False,False,False,False,False,False,False,True,False,False,False,False,False,False,False,False,False,True,False,True,True,False,False,True,False,False,False,False,True,False,True,True,True,True,True,True,True,True,True
154,True,True,True,True,True,True,True,True,True,True,True,True,True,True,True,True,True,True,True,True,True,True,True,False,False,False,True,False,True,True,True,True,True,True,True,True,True,True,True,True,True,True,False,False,False,False,False,True,True,True,False,True,False,True,True,True,False,False,True,False,True,True,True,False,True,True,True,True,True,True,False,True,True,True,True,True,True,True,True,True
155,True,True,True,True,True,False,False,False,True,True,True,True,True,True,True,True,True,True,True,True,True,True,True,False,False,False,True,False,True,False,False,False,False,False,False,False,True,True,True,True,True,True,False,False,False,False,False,True,True,True,False,True,False,True,True,True,False,False,True,False,True,True,True,False,True,True,True,True,False,True,False,True,True,True,True,True,True,True,True,True
156,True,True,True,True,True,False,False,False,True,True,True,True,True,True,True,True,True,True,True,True,True,True,True,False,False,False,True,False,True,False,False,False,False,False,False,False,True,True,True,True,True,True,False,False,False,False,False,True,True,True,False,True,False,True,True,True,False,False,True,False,True,True,True,False,True,True,True,True,False,True,False,True,True,True,True,True,True,True,True,True
157,True,True,True,True,True,False,False,False,True,True,True,True,True,True,True,True,True,True,True,True,True,True,True,True,True,True,True,False,True,False,False,False,False,False,False,False,True,True,True,True,True,True,True,False,False,False,False,True,True,True,True,True,False,True,True,True,True,True,True,True,True,True,True,True,True,True,True,True,False,True,True,True,True,True,True,True,True,True,True,True
158,True,True,True,True,True,True,True,True,True,True,True,True,True,True,True,True,True,True,True,True,True,True,True,True,True,True,True,False,True,True,True,True,True,True,True,True,True,False,True,True,True,True,True,True,False,True,True,True,True,True,True,True,True,True,True,True,True,True,True,True,True,True,True,True,True,True,True,True,True,True,True,True,True,True,True,True,True,True,True,True
159,True,True,False,True,False,False,False,False,False,False,False,True,False,False,False,True,True,True,False,False,True,False,False,False,False,False,False,False,True,False,False,False,False,False,False,False,False,False,True,True,True,False,False,False,False,False,False,False,False,False,False,False,False,False,False,False,False,False,True,True,True,True,False,False,True,False,False,False,False,False,False,True,True,True,True,True,True,True,True,True
160,True,True,False,True,True,True,True,True,True,True,False,True,False,True,True,True,True,True,True,True,True,True,True,True,True,True,True,False,True,True,True,True,True,True,True,True,True,False,True,True,True,True,True,False,False,False,True,True,True,True,True,True,False,True,True,False,True,True,True,True,True,True,False,True,True,False,True,True,True,True,True,True,True,True,True,True,True,True,True,True
161,True,True,False,True,False,False,False,False,False,False,False,True,False,False,False,True,True,True,False,False,True,False,False,False,False,False,True,False,True,False,False,False,False,False,False,False,False,False,True,True,True,False,False,False,False,False,False,False,False,False,False,False,False,False,False,False,False,False,True,True,True,True,False,False,True,False,True,False,False,False,False,True,True,True,True,True,True,True,True,True
162,True,True,True,True,True,True,True,True,True,True,True,True,True,True,True,True,True,True,True,True,True,True,True,True,True,True,True,True,True,True,True,True,True,True,True,True,True,True,True,True,True,True,True,True,True,True,True,True,True,True,True,True,True,True,True,True,True,True,True,True,True,True,True,True,True,True,True,True,True,True,True,True,True,True,True,True,True,True,True,True
163,True,True,True,True,True,True,True,True,True,True,True,True,True,True,True,True,True,True,True,True,True,True,True,True,True,True,True,True,True,True,True,True,True,True,True,True,True,True,True,True,True,True,True,True,True,True,True,True,True,True,True,True,True,True,True,True,True,True,True,True,True,True,True,True,True,True,True,True,True,True,True,True,True,True,True,True,True,True,True,True
164,True,True,True,True,True,True,True,True,True,True,True,True,True,True,True,True,True,True,True,True,True,True,True,True,True,True,True,True,True,True,True,True,True,True,True,True,True,True,True,True,True,True,True,True,True,True,True,True,True,True,True,True,True,True,True,True,True,True,True,True,True,True,True,True,True,True,True,True,True,True,True,True,True,True,True,True,True,True,True,True
165,True,True,True,True,True,True,True,True,True,True,True,True,True,True,True,True,True,True,True,True,True,True,True,True,True,True,True,True,True,True,True,True,True,True,True,True,True,True,True,True,True,True,True,True,True,True,True,True,True,True,True,True,True,True,True,True,True,True,True,True,True,True,True,True,True,True,True,True,True,True,True,True,True,True,True,True,True,True,True,True
