﻿key,0,1
#,,
int32,str,str
0,"",""
1,"Mahatma of the Ram","assertion"
2,"Mahatma of the Bull","possession"
3,"Mahatma of the Twins","cogitation"
4,"Mahatma of the Crab"{{{STRING}}},"commiseration"
5,"Mahatma of the Lion","volition"
6,"Mahatma of the Maiden","interpretation"
7,"Mahatma of the Scales","juxtaposition"
8,"Mahatma of the Scorpion","aspiration"
9,"Mahatma of the Archer","perception"
10,"Mahatma of the Goat","causation"
11,"Mahatma of the Water-bearer","recognition"
12,"Mahatma of the Fish","conviction"
