﻿key,0,1,2,3,4,5,6,7,8,9,10,11,12,13,14,15,16,17,18,19,20,21,22,23,24,25,26,27
#,Name,Bg,,PlaceName{Region},PlaceName{Zone},PlaceName,Map,,,WeatherRate,,,,,,,,,,,,,,,,,,
int32,str,str,byte,PlaceName,PlaceName,PlaceName,Map,byte,byte,byte,byte,bit&01,bit&02,bit&04,uint16,int32,int32,uint32,uint16,int32,int32,byte,sbyte,sbyte,bit&08,byte,byte,byte
1,"default","ffxiv/_trial/default/level/default",1,"","","","default/00",0,1,0,0,False,True,True,1003,-1,-1,0,0,0,-1,0,-1,-1,False,0,0,0
2,"collision_test","ffxiv/_trial/collision_test/level/collision_test",1,"","","","default/00",0,1,0,0,False,True,True,1001,-1,-1,0,0,0,-1,0,-1,-1,False,0,0,0
3,"battle_test","ffxiv/_trial/battle_test/level/battle_test",1,"","","","default/00",0,1,0,0,False,True,True,1001,-1,-1,0,0,0,-1,0,-1,-1,False,0,0,0
4,"pvp_test","ffxiv/sea_s1/pvp/s1p2/level/s1p2",5,"","","","default/00",0,1,0,0,False,True,True,1001,-1,-1,0,0,0,-1,0,-1,-1,True,0,0,0
5,"event_test","ffxiv/_trial/event_test/level/event_test",1,"","","","default/00",0,1,0,0,False,True,True,1003,-1,-1,0,0,0,-1,0,-1,-1,False,0,0,0
6,"w1f2_client_benchmark","ffxiv/wil_w1/fld/w1f2/level/w1f2",1,"Thanalan","","Central Thanalan","w1f2/00",0,1,0,0,False,True,True,1001,122002,123105,0,0,0,-1,0,-1,-1,False,0,0,0
7,"f1f1_client_benchmark","ffxiv/fst_f1/fld/f1f1/level/f1f1",1,"The Black Shroud","","Central Shroud","f1f1/00",0,1,0,0,False,True,True,1004,122003,123204,0,0,0,-1,0,-1,-1,False,0,0,0
8,"f1t1_intel","ffxiv/fst_f1/twn/f1t1/level/f1t1",1,"The Black Shroud","","New Gridania","f1t1/00",0,0,0,0,True,False,False,1003,122003,123201,0,0,0,-1,0,-1,-1,False,0,0,0
9,"f1f1_intel","ffxiv/fst_f1/fld/f1f1/level/f1f1",1,"The Black Shroud","","Central Shroud","f1f1/00",0,1,0,0,True,True,True,1004,122003,123204,0,0,0,-1,0,-1,-1,False,0,0,0
10,"s1f2_client_benchmark","ffxiv/sea_s1/fld/s1f2/level/s1f2",1,"La Noscea","","Lower La Noscea","s1f2/00",0,1,0,0,False,True,True,1001,122001,123005,0,0,0,-1,0,-1,-1,False,0,0,0
11,"f1d1_client_benchmark","ffxiv/fst_f1/dun/f1d1/level/f1d1",1,"The Black Shroud","","The Tam-Tara Deepcroft","f1d1/00",2,3,0,0,False,True,True,1002,122003,124201,0,0,0,-1,0,-1,-1,False,0,0,0
13,"zoo","ffxiv/_trial/zoo/level/zoo",1,"","","","default/00",0,1,0,0,False,True,True,1001,-1,-1,0,0,0,-1,0,-1,-1,False,0,0,0
14,"npc_pop_test","",1,"","","","default/00",0,1,0,0,False,True,True,1001,-1,-1,0,0,0,-1,0,-1,-1,False,0,0,0
15,"retainer_test","ffxiv/_trial/retainer_test/level/retainer_test",1,"","","","default/00",0,1,0,0,False,True,True,1001,-1,-1,0,0,0,-1,0,-1,-1,False,0,0,0
16,"navimesh_test","ffxiv/_trial/navimesh_test/level/navimesh_test",1,"","","","default/00",0,1,0,0,False,True,True,1001,-1,-1,0,0,0,-1,0,-1,-1,False,0,0,0
17,"company_test","ffxiv/_trial/company_test/level/company_test",1,"","","","default/00",0,1,0,0,False,True,True,1001,-1,-1,0,0,0,-1,0,-1,-1,False,0,0,0
18,"ps3_test","ffxiv/_trial/ps3_test/level/ps3_test",1,"","","","default/00",0,0,0,0,False,True,True,1001,-1,-1,0,0,0,-1,0,-1,-1,False,0,0,0
19,"leve_test","ffxiv/_trial/leve_test/level/leve_test",1,"","","","default/00",0,1,0,0,False,True,True,1001,-1,-1,0,0,0,-1,0,-1,-1,False,0,0,0
20,"event2_test","ffxiv/_trial/event2_test/level/event2_test",1,"","","","default/00",0,1,0,0,False,True,True,1001,-1,-1,0,0,0,-1,0,-1,-1,False,0,0,0
21,"contents_test","ffxiv/_trial/contents_test/level/contents_test",1,"","","","default/00",0,1,0,0,False,True,True,1001,-1,-1,0,0,0,-1,0,-1,-1,False,0,0,0
22,"qib_test","ffxiv/_trial/qib_test/level/qib_test",1,"The Black Shroud","","","default/00",3,9,0,0,False,True,True,37,-1,-1,0,1,0,-1,91,-1,-1,False,0,0,0
24,"gathering_test","ffxiv/_trial/gathering_test/level/gathering_test",1,"","","","default/00",0,1,0,0,False,True,True,1001,-1,-1,0,0,0,-1,0,-1,-1,False,0,0,0
25,"attribute_test","ffxiv/_trial/attribute_test/level/attribute_test",1,"","","","default/00",0,1,0,0,False,True,True,1001,-1,-1,0,0,0,-1,0,-1,-1,False,0,0,0
26,"frontline_test","ffxiv/lak_l1/pvp/l1p1/level/l1p1",4,"Mor Dhona","Mor Dhona","Carteneau Flats: Borderland Ruins","l1p1/00",0,1,0,0,True,False,True,1001,122015,124701,0,0,0,-1,0,-1,-1,True,0,0,0
27,"minion_test","ffxiv/_trial/battle_test/level/battle_test",1,"","","","default/00",0,1,0,0,False,True,True,1001,-1,-1,0,0,0,-1,0,-1,-1,False,0,0,0
128,"s1t1","ffxiv/sea_s1/twn/s1t1/level/s1t1",1,"La Noscea","Limsa Lominsa","Limsa Lominsa Upper Decks","s1t1/01",0,0,131,0,True,False,False,1020,122007,123002,852085,0,8,-1,0,-1,0,False,0,0,0
129,"s1t2","ffxiv/sea_s1/twn/s1t2/level/s1t2",1,"La Noscea","Limsa Lominsa","Limsa Lominsa Lower Decks","s1t2/00",0,0,132,0,True,False,False,1020,122007,123003,852088,0,8,-1,0,-1,1,False,0,0,0
130,"w1t1","ffxiv/wil_w1/twn/w1t1/level/w1t1",1,"Thanalan","Ul'dah","Ul'dah - Steps of Nald","w1t1/01",0,0,133,0,True,False,False,1035,122008,123102,852086,0,9,-1,0,-1,2,False,0,0,0
131,"w1t2","ffxiv/wil_w1/twn/w1t2/level/w1t2",1,"Thanalan","Ul'dah","Ul'dah - Steps of Thal","w1t2/01",0,0,134,0,True,False,False,1035,122008,123103,0,0,9,-1,0,-1,3,False,0,0,0
132,"f1t1","ffxiv/fst_f1/twn/f1t1/level/f1t1",1,"The Black Shroud","The Black Shroud (Gridania)","New Gridania","f1t1/00",0,0,129,0,True,False,False,1003,122009,123202,852087,0,2,-1,2,-1,4,False,0,0,0
133,"f1t2","ffxiv/fst_f1/twn/f1t2/level/f1t2",1,"The Black Shroud","The Black Shroud (Gridania)","Old Gridania","f1t2/00",0,0,130,0,True,False,False,1003,122009,123203,852103,0,2,-1,0,-1,5,False,0,0,0
134,"s1f1","ffxiv/sea_s1/fld/s1f1/level/s1f1",1,"La Noscea","La Noscea","Middle La Noscea","s1f1/00",0,1,16,0,True,True,True,1021,122001,123004,852316,0,52,-1,0,-1,6,False,0,0,0
135,"s1f2","ffxiv/sea_s1/fld/s1f2/level/s1f2",1,"La Noscea","La Noscea","Lower La Noscea","s1f2/00",0,1,17,0,True,True,True,1021,122001,123005,0,0,10,-1,0,-1,7,False,0,0,0
136,"s1h1_test","ffxiv/sea_s1/hou/s1h1/level/s1h1",1,"La Noscea","La Noscea","Mist","s1h1/01",0,0,14,0,False,False,False,1083,122001,123010,0,0,8,-1,0,-1,8,False,0,0,0
137,"s1f3","ffxiv/sea_s1/fld/s1f3/level/s1f3",1,"La Noscea","La Noscea","Eastern La Noscea","s1f3/00",0,1,18,0,True,True,True,1021,122001,123006,0,0,11,-1,0,-1,9,False,0,0,0
138,"s1f4","ffxiv/sea_s1/fld/s1f4/level/s1f4",1,"La Noscea","La Noscea","Western La Noscea","s1f4/00",0,1,19,0,True,True,True,1021,122001,123007,852317,0,13,-1,0,-1,10,False,0,0,0
139,"s1f5","ffxiv/sea_s1/fld/s1f5/level/s1f5",1,"La Noscea","La Noscea","Upper La Noscea","s1f5/00",0,1,20,0,True,True,True,1021,122001,123008,0,0,15,-1,0,-1,11,False,0,0,0
140,"w1f1","ffxiv/wil_w1/fld/w1f1/level/w1f1",1,"Thanalan","Thanalan","Western Thanalan","w1f1/00",0,1,9,0,True,True,True,1036,122002,123104,852089,0,17,-1,0,-1,12,False,0,0,0
141,"w1f2","ffxiv/wil_w1/fld/w1f2/level/w1f2",1,"Thanalan","Thanalan","Central Thanalan","w1f2/00",0,1,10,0,True,True,True,1036,122002,123105,852111,0,53,-1,0,-1,13,False,0,0,0
142,"w1d7_battle","ffxiv/wil_w1/dun/w1d7/level/w1d7",1,"Thanalan","Thanalan","Halatali","default/00",2,10,0,0,True,False,False,1001,122002,124116,0,0,0,-1,68,-1,-1,False,0,0,0
143,"r1fd","ffxiv/roc_r1/fld/r1fd/level/r1fd",1,"Coerthas","Coerthas","Steps of Faith","r1fd/00",2,24,28,2,True,False,False,1001,122004,124313,0,0,0,-1,88,-1,-1,False,0,0,0
144,"w1eb"{{{STRING}}},"ffxiv/wil_w1/evt/w1eb/level/w1eb"{{{STRING}}},1,"Thanalan","Thanalan","The Gold Saucer","w1eb/00",0,23,0,0,True,False,False,1143,122002,124117,0,0,62,-1,77,-1,-1,False,0,0,0
145,"w1f3","ffxiv/wil_w1/fld/w1f3/level/w1f3",1,"Thanalan","Thanalan","Eastern Thanalan","w1f3/00",0,1,11,0,True,True,True,1036,122002,123106,853019,0,18,-1,0,-1,14,False,0,0,0
146,"w1f4","ffxiv/wil_w1/fld/w1f4/level/w1f4",1,"Thanalan","Thanalan","Southern Thanalan","w1f4/01",0,1,12,0,True,True,True,1036,122002,123107,852388,0,19,-1,0,-1,15,False,0,0,0
147,"w1f5","ffxiv/wil_w1/fld/w1f5/level/w1f5",1,"Thanalan","Thanalan","Northern Thanalan","w1f5/00",0,1,13,0,True,True,True,1036,122002,123108,852014,0,21,-1,0,-1,16,False,0,0,0
148,"f1f1","ffxiv/fst_f1/fld/f1f1/level/f1f1",1,"The Black Shroud","The Black Shroud","Central Shroud","f1f1/00",0,1,3,0,True,True,True,1004,122003,123204,852246,0,3,-1,0,-1,17,False,0,0,0
149,"z1z3","ffxiv/lak_l1/pvp/l1p1/level/l1p1",4,"Mor Dhona","Mor Dhona","Carteneau Flats: Borderland Ruins","l1p1/00",2,18,0,0,False,False,True,1001,122015,124701,0,0,0,-1,58,-1,-1,True,0,0,0
150,"l1d1","ffxiv/lak_l1/dun/l1d1/level/l1d1",1,"Mor Dhona","Mor Dhona","The Keeper of the Lake","l1d1/01",2,3,0,0,True,False,False,1001,122005,124401,0,0,0,-1,87,-1,-1,False,0,0,0
151,"l1r3","ffxiv/lak_l1/rad/l1r3/level/l1r3",1,"Mor Dhona","Mor Dhona","The World of Darkness","l1r3/00",2,8,0,0,True,False,False,1001,122011,124603,0,0,0,-1,0,-1,-1,False,0,0,0
152,"f1f2","ffxiv/fst_f1/fld/f1f2/level/f1f2",1,"The Black Shroud","The Black Shroud","East Shroud","f1f2/00",0,1,4,0,True,True,True,1004,122003,123205,852446,0,4,-1,0,-1,18,False,0,0,0
153,"f1f3","ffxiv/fst_f1/fld/f1f3/level/f1f3",1,"The Black Shroud","The Black Shroud","South Shroud","f1f3/00",0,1,5,0,True,True,True,1004,122003,123206,852244,0,5,-1,0,-1,19,False,0,0,0
154,"f1f4","ffxiv/fst_f1/fld/f1f4/level/f1f4",1,"The Black Shroud","The Black Shroud","North Shroud","f1f4/00",0,1,6,0,True,True,True,1004,122003,123207,0,0,7,-1,0,-1,20,False,0,0,0
155,"r1f1","ffxiv/roc_r1/fld/r1f1/level/r1f1",1,"Coerthas","Coerthas","Coerthas Central Highlands","r1f1/00",0,1,21,1,True,True,True,1072,122004,123301,852247,0,23,-1,0,-1,21,False,0,0,0
156,"l1f1","ffxiv/lak_l1/fld/l1f1/level/l1f1",1,"Mor Dhona","Mor Dhona","Mor Dhona","l1f1/01",0,1,22,0,True,True,True,1073,122005,123401,852412,0,24,-1,0,-1,22,False,0,0,0
157,"s1d1","ffxiv/sea_s1/dun/s1d1/level/s1d1",1,"La Noscea","La Noscea","Sastasha","s1d1/00",2,3,0,0,True,False,False,1032,122001,124001,0,0,0,-1,24,-1,-1,False,0,0,0
158,"s1d2","ffxiv/sea_s1/dun/s1d2/level/s1d2",1,"La Noscea","La Noscea","Brayflox's Longstop","s1d2/00",2,3,0,0,True,False,False,1033,122001,124003,0,0,0,-1,25,-1,-1,False,0,0,0
159,"s1d3","ffxiv/sea_s1/dun/s1d3/level/s1d3",1,"La Noscea","La Noscea","The Wanderer's Palace","s1d3/00",2,3,0,0,True,False,False,1034,122001,124005,0,0,0,-1,26,-1,-1,False,0,0,0
160,"s1d4","ffxiv/sea_s1/dun/s1d4/level/s1d4",1,"La Noscea","La Noscea","Pharos Sirius","s1d4/01",2,3,28,0,True,False,False,1001,122001,124007,0,0,0,-1,19,-1,-1,False,0,0,0
161,"w1d1","ffxiv/wil_w1/dun/w1d1/level/w1d1",1,"Thanalan","Thanalan","Copperbell Mines","w1d1/01",2,3,0,0,True,False,False,1047,122002,124101,0,0,0,-1,29,-1,-1,False,0,0,0
162,"w1d2","ffxiv/wil_w1/dun/w1d2/level/w1d2",1,"Thanalan","Thanalan","Halatali","w1d2/00",2,3,0,0,True,False,False,1048,122002,124103,0,0,0,-1,30,-1,-1,False,0,0,0
163,"w1d3","ffxiv/wil_w1/dun/w1d3/level/w1d3",1,"Thanalan","Thanalan","The Sunken Temple of Qarn","w1d3/01",2,3,0,0,True,False,False,1049,122002,124105,0,0,0,-1,13,-1,-1,False,0,0,0
164,"f1d1","ffxiv/fst_f1/dun/f1d1/level/f1d1",1,"The Black Shroud","The Black Shroud","The Tam-Tara Deepcroft","f1d1/00",2,3,0,0,True,False,False,1015,122003,124201,0,0,0,-1,28,-1,-1,False,0,0,0
166,"f1d2","ffxiv/fst_f1/dun/f1d2/level/f1d2",1,"The Black Shroud","The Black Shroud","Haukke Manor","f1d2/01",2,3,0,0,True,False,False,1017,122003,124203,0,0,0,-1,32,-1,-1,False,0,0,0
167,"f1d3","ffxiv/fst_f1/dun/f1d3/level/f1d3",1,"The Black Shroud","The Black Shroud","Amdapor Keep","f1d3/01",2,3,28,0,True,False,False,1018,122003,124205,0,0,0,-1,7,-1,-1,False,0,0,0
168,"r1d1","ffxiv/roc_r1/dun/r1d1/level/r1d1",1,"Coerthas","Coerthas","Stone Vigil","r1d1/00",2,3,27,2,True,False,False,1069,122004,124301,0,0,0,-1,12,-1,-1,False,0,0,0
169,"f1r1","ffxiv/fst_f1/rad/f1r1/level/f1r1",1,"The Black Shroud","The Black Shroud","The Thousand Maws of Toto-Rak","f1r1/00",2,3,0,0,True,False,False,1016,122003,124207,0,0,0,-1,31,-1,-1,False,0,0,0
170,"w1r1","ffxiv/wil_w1/rad/w1r1/level/w1r1",1,"Thanalan","Thanalan","Cutter's Cry","w1r1/01",2,3,0,0,True,False,False,1050,122002,124107,0,0,0,-1,8,-1,-1,False,0,0,0
171,"r1r1","ffxiv/roc_r1/rad/r1r1/level/r1r1",1,"Coerthas","Coerthas","Dzemael Darkhold","r1r1/01",2,3,0,0,True,False,False,1070,122004,124303,0,0,0,-1,9,-1,-1,False,0,0,0
172,"r1r2","ffxiv/roc_r1/rad/r1r2/level/r1r2",1,"Coerthas","Coerthas","Aurum Vale","r1r2/00",2,3,0,0,True,False,False,1071,122004,124304,0,0,0,-1,33,-1,-1,False,0,0,0
174,"l1r1","ffxiv/lak_l1/rad/l1r1/level/l1r1",1,"Mor Dhona","Mor Dhona","Labyrinth of the Ancients","l1r1/01",2,8,0,0,True,False,False,1001,122011,124601,0,0,0,-1,21,-1,-1,False,0,0,0
175,"s1p2","ffxiv/sea_s1/pvp/s1p2/level/s1p2",4,"La Noscea","La Noscea","The Wolves' Den","s1p2/00",2,4,29,0,True,False,False,1001,122001,124006,0,0,0,-1,0,-1,-1,True,0,0,0
176,"z1j1","ffxiv/zon_z1/jai/z1j1/level/z1j1",1,"","","Mordion Gaol","default/00",0,5,0,0,False,False,False,1001,-1,-1,0,0,55,-1,0,-1,-1,False,0,0,0
177,"s1ti","ffxiv/sea_s1/twn/s1ti/level/s1ti",1,"La Noscea","Limsa Lominsa","Mizzenmast Inn","s1ti/00",0,2,0,0,True,False,False,5,122001,123001,852012,0,8,-1,0,-1,23,False,0,0,0
178,"w1ti","ffxiv/wil_w1/twn/w1ti/level/w1ti",1,"Thanalan","Ul'dah","The Hourglass","w1ti/00",0,2,0,0,True,False,False,5,122002,123101,852013,0,9,-1,0,-1,24,False,0,0,0
179,"f1ti","ffxiv/fst_f1/twn/f1ti/level/f1ti",1,"The Black Shroud","The Black Shroud (Gridania)","The Roost","f1ti/00",0,2,0,0,True,False,False,5,122003,123201,852098,0,2,-1,0,-1,25,False,0,0,0
180,"s1f6","ffxiv/sea_s1/fld/s1f6/level/s1f6",1,"La Noscea","La Noscea","Outer La Noscea","s1f6/00",0,1,24,0,True,True,True,1021,122001,123009,852387,0,16,-1,0,-1,26,False,0,0,0
181,"s1t1_opening","ffxiv/sea_s1/twn/s1t1/level/s1t1",1,"La Noscea","Limsa Lominsa","Limsa Lominsa","s1t1/01",0,6,0,0,True,False,False,1020,122007,123002,852076,0,8,1300,0,-1,-1,False,0,0,0
182,"w1t1_opening","ffxiv/wil_w1/twn/w1t1/level/w1t1",1,"Thanalan","Ul'dah","Ul'dah - Steps of Nald","w1t1/01",0,6,0,0,True,False,False,1035,122008,123102,852077,0,9,1300,0,-1,-1,False,0,0,0
183,"f1t1_opening","ffxiv/fst_f1/twn/f1t1/level/f1t1",1,"The Black Shroud","The Black Shroud (Gridania)","New Gridania","f1t1/00",0,6,0,0,True,False,False,1003,122009,123202,852073,0,2,1300,0,-1,-1,False,0,0,0
184,"s1p2_005","ffxiv/sea_s1/pvp/s1p2/level/s1p2",4,"La Noscea","La Noscea","The Wolves' Den","s1p2/00",2,4,29,0,True,False,False,1001,122001,124006,0,0,0,-1,0,-1,-1,True,0,0,0
185,"s1e2","",1,"","","","",0,7,0,0,False,False,False,1001,-1,-1,0,0,0,-1,0,-1,-1,False,0,0,0
186,"s1p2_006","ffxiv/sea_s1/pvp/s1p2/level/s1p2",4,"La Noscea","La Noscea","The Wolves' Den","s1p2/00",2,4,29,0,True,False,False,1001,122001,124006,0,0,0,-1,0,-1,-1,True,0,0,0
187,"w1e2","",1,"","","","",0,7,0,0,False,False,False,1001,-1,-1,0,0,0,-1,0,-1,-1,False,0,0,0
188,"s1d8","ffxiv/sea_s1/dun/s1d8/level/s1d8",1,"La Noscea","La Noscea","The Wanderer's Palace","s1d8/00",2,3,40,0,True,False,False,1001,122001,124014,0,0,0,-1,81,-1,-1,False,0,0,0
189,"f1d7","ffxiv/fst_f1/dun/f1d7/level/f1d7",1,"The Black Shroud","The Black Shroud","Amdapor Keep","f1d7/01",2,3,40,0,True,False,False,1001,122003,124212,0,0,0,-1,79,-1,-1,False,0,0,0
190,"go002","ffxiv/fst_f1/fld/f1f1/level/f1f1",1,"The Black Shroud","The Black Shroud","Central Shroud","f1f1/00",2,3,3,0,True,False,False,1001,-1,-1,0,0,0,-1,0,-1,-1,False,0,0,0
191,"go005","ffxiv/fst_f1/fld/f1f2/level/f1f2",1,"The Black Shroud","The Black Shroud","East Shroud","f1f2/00",2,3,4,0,True,False,False,1001,-1,-1,0,0,0,-1,0,-1,-1,False,0,0,0
192,"go006","ffxiv/fst_f1/fld/f1f3/level/f1f3",1,"The Black Shroud","The Black Shroud","South Shroud","f1f3/00",2,3,5,0,True,False,False,1001,-1,-1,0,0,0,-1,0,-1,-1,False,0,0,0
193,"w1b1","ffxiv/wil_w1/bah/w1b1/level/w1b1",1,"Thanalan","Thanalan","IC-06 Central Decks","w1b1/00",2,16,0,0,True,False,False,1001,122013,124531,0,0,0,-1,60,-1,-1,False,0,0,0
194,"w1b2","ffxiv/wil_w1/bah/w1b2/level/w1b2",1,"Thanalan","Thanalan","IC-06 Regeneration Grid","w1b2/00",2,16,0,0,True,False,False,1001,122013,124532,0,0,0,-1,61,-1,-1,False,0,0,0
195,"w1b3","ffxiv/wil_w1/bah/w1b3/level/w1b3",1,"Thanalan","Thanalan","IC-06 Main Bridge","w1b3/00",2,17,0,0,True,False,False,1001,122013,124533,0,0,0,-1,62,-1,-1,False,0,0,0
196,"w1b4","ffxiv/wil_w1/bah/w1b4/level/w1b4",1,"Thanalan","Thanalan","The Burning Heart","w1b4/00",2,17,44,0,True,False,False,1001,122010,124534,0,0,0,-1,63,-1,-1,False,0,0,0
197,"s1e3","",1,"La Noscea","Limsa Lominsa","","",0,7,0,0,False,False,False,1001,-1,-1,0,0,0,-1,0,-1,-1,False,0,0,0
198,"s1e4","ffxiv/sea_s1/evt/s1e4/level/s1e4",1,"La Noscea","Limsa Lominsa","Command Room","s1e4/00",0,15,14,0,True,False,False,75,-1,-1,852801,0,8,-1,0,-1,-1,False,0,0,0
199,"s1e5","ffxiv/sea_s1/evt/s1e5/level/s1e5",1,"La Noscea","Limsa Lominsa","リムサ・ロミンサ会議部屋","s1e5/00",0,7,14,0,False,False,False,1001,-1,-1,0,0,0,-1,0,-1,-1,False,0,0,0
200,"s1e6","ffxiv/sea_s1/evt/s1e6/level/s1e6",1,"La Noscea","Limsa Lominsa","リムサ・ロミンサ演説部屋","s1e6/00",0,7,14,0,False,False,False,1001,-1,-1,0,0,0,-1,0,-1,-1,False,0,0,0
201,"s1e7","ffxiv/sea_s1/evt/s1e7/level/s1e7",1,"La Noscea","La Noscea","","",0,7,0,0,False,False,False,1001,-1,-1,0,0,0,-1,0,-1,-1,False,0,0,0
202,"w1fa","ffxiv/wil_w1/fld/w1fa/level/w1fa",1,"Thanalan","Thanalan","Bowl of Embers","w1fa/00",2,10,25,0,True,False,False,1001,-1,-1,0,0,0,-1,5,-1,-1,False,0,0,0
203,"f1e3","",1,"The Black Shroud","The Black Shroud (Gridania)","","",0,7,0,0,False,False,False,1001,-1,-1,0,0,0,-1,0,-1,-1,False,0,0,0
204,"f1e4","ffxiv/fst_f1/evt/f1e4/level/f1e4",1,"The Black Shroud","The Black Shroud (Gridania)","Seat of the First Bow","f1e4/00",0,15,0,0,True,False,False,85,-1,-1,0,0,2,-1,0,-1,-1,False,0,0,0
205,"f1e5","ffxiv/fst_f1/evt/f1e5/level/f1e5",1,"The Black Shroud","The Black Shroud (Gridania)","Lotus Stand","f1e5/00",0,15,0,0,True,False,False,73,-1,-1,0,0,2,-1,0,-1,-1,False,0,0,0
206,"s1fa","ffxiv/sea_s1/fld/s1fa/level/s1fa",1,"La Noscea","La Noscea","The Navel","s1fa/00",2,10,23,0,True,False,False,1001,-1,-1,0,0,0,-1,6,-1,-1,False,0,0,0
207,"f1fa","ffxiv/fst_f1/fld/f1fa/level/f1fa",1,"The Black Shroud","The Black Shroud","Thornmarch","f1fa/00",2,10,30,0,True,False,False,1001,122003,124208,0,0,0,-1,18,-1,-1,False,0,0,0
208,"r1fa","ffxiv/roc_r1/fld/r1fa/level/r1fa",1,"Coerthas","Coerthas","The Howling Eye","r1fa/01",2,10,26,0,True,False,False,1001,-1,-1,0,0,0,-1,10,-1,-1,False,0,0,0
209,"w1e3","",1,"Thanalan","Ul'dah","","",0,7,0,0,False,False,False,1001,-1,-1,0,0,0,-1,0,-1,-1,False,0,0,0
210,"w1e4","ffxiv/wil_w1/evt/w1e4/level/w1e4",1,"Thanalan","Ul'dah","Heart of the Sworn","w1e4/00",0,15,0,0,True,False,False,85,-1,-1,0,0,9,-1,0,-1,-1,False,0,0,0
211,"w1e5","ffxiv/wil_w1/evt/w1e5/level/w1e5",1,"Thanalan","Ul'dah","The Fragrant Chamber","w1e5/00",0,7,0,0,False,False,False,1001,-1,-1,0,0,0,-1,0,-1,-1,False,0,0,0
212,"w1e6","ffxiv/wil_w1/evt/w1e6/level/w1e6",1,"Thanalan","Thanalan","The Waking Sands","w1e6/00",0,15,0,0,True,False,False,1036,-1,-1,852093,0,17,-1,0,-1,-1,False,0,0,0
213,"w1e7","ffxiv/wil_w1/evt/w1e7/level/w1e7",1,"Thanalan","Thanalan","","",0,7,0,0,False,False,False,1001,-1,-1,0,0,0,-1,0,-1,-1,False,0,0,0
214,"go001","ffxiv/sea_s1/fld/s1f1/level/s1f1",1,"La Noscea","La Noscea","Middle La Noscea","s1f1/00",2,3,16,0,True,False,False,1001,-1,-1,0,0,0,-1,0,-1,-1,False,0,0,0
215,"go003","ffxiv/wil_w1/fld/w1f1/level/w1f1",1,"Thanalan","Thanalan","Western Thanalan","w1f1/00",2,3,9,0,True,False,False,1001,-1,-1,0,0,0,-1,0,-1,-1,False,0,0,0
216,"go004","ffxiv/wil_w1/fld/w1f2/level/w1f2",1,"Thanalan","Thanalan","Central Thanalan","w1f2/00",2,3,10,0,True,False,False,1001,-1,-1,0,0,0,-1,0,-1,-1,False,0,0,0
217,"w1d4","ffxiv/wil_w1/dun/w1d4/level/w1d4",1,"Thanalan","Thanalan","Castrum Meridianum","w1d4/00",2,3,0,0,True,False,False,1001,122002,124112,0,0,0,-1,35,-1,-1,False,0,0,0
218,"b251","ffxiv/fst_f1/fld/f1f4/level/f1f4",1,"The Black Shroud","The Black Shroud","North Shroud","f1f4/00",2,3,0,0,False,False,False,1001,-1,-1,0,0,0,-1,0,-1,-1,False,0,0,0
219,"go008","ffxiv/fst_f1/fld/f1f1/level/f1f1",1,"The Black Shroud","The Black Shroud","Central Shroud","f1f1/00",2,3,3,0,True,False,False,1001,-1,-1,0,0,0,-1,0,-1,-1,False,0,0,0
220,"go007","ffxiv/fst_f1/fld/f1f3/level/f1f3",1,"The Black Shroud","The Black Shroud","South Shroud","f1f3/00",2,3,5,0,True,False,False,1001,-1,-1,0,0,0,-1,0,-1,-1,False,0,0,0
221,"go009","ffxiv/sea_s1/fld/s1f5/level/s1f5",1,"La Noscea","La Noscea","Upper La Noscea","s1f5/00",2,3,20,0,True,False,False,1001,-1,-1,0,0,0,-1,0,-1,-1,False,0,0,0
222,"go010","ffxiv/sea_s1/fld/s1f2/level/s1f2",1,"La Noscea","La Noscea","Lower La Noscea","s1f2/00",2,3,17,0,True,False,False,1001,-1,-1,0,0,0,-1,0,-1,-1,False,0,0,0
223,"go011","ffxiv/roc_r1/fld/r1f1/level/r1f1",1,"Coerthas","Coerthas","Coerthas Central Highlands","r1f1/00",2,3,21,2,True,False,False,1001,-1,-1,0,0,0,-1,0,-1,-1,False,0,0,0
224,"w1d5","ffxiv/wil_w1/dun/w1d5/level/w1d5",1,"Thanalan","Thanalan","Praetorium","w1d5/01",2,3,0,0,True,False,False,1001,122002,124113,0,0,0,-1,14,-1,-1,False,0,0,0
225,"e0002","ffxiv/fst_f1/fld/f1f1/level/f1f1",1,"The Black Shroud","The Black Shroud","Central Shroud","f1f1/00",3,9,3,0,True,False,False,37,122003,123204,0,15,0,-1,0,-1,-1,False,0,0,0
226,"e0003","ffxiv/fst_f1/fld/f1f1/level/f1f1",1,"The Black Shroud","The Black Shroud","Central Shroud","f1f1/00",3,9,3,0,True,False,False,36,122003,123204,0,12,0,-1,0,-1,-1,False,0,0,0
227,"e0004","ffxiv/fst_f1/fld/f1f1/level/f1f1",1,"The Black Shroud","The Black Shroud","Central Shroud","f1f1/00",3,9,3,0,True,False,False,37,122003,123204,0,14,0,-1,0,-1,-1,False,0,0,0
228,"e0007","ffxiv/fst_f1/fld/f1f4/level/f1f4",1,"The Black Shroud","The Black Shroud","North Shroud","f1f4/00",3,9,6,0,True,False,False,37,122003,123207,0,6,0,-1,0,-1,-1,False,0,0,0
229,"e0008","ffxiv/fst_f1/fld/f1f3/level/f1f3",1,"The Black Shroud","The Black Shroud","South Shroud","f1f3/00",3,9,5,0,True,False,False,37,122003,123206,0,5,0,-1,0,-1,-1,False,0,0,0
230,"e0009","ffxiv/fst_f1/fld/f1f1/level/f1f1",1,"The Black Shroud","The Black Shroud","Central Shroud","f1f1/00",3,9,3,0,True,False,False,37,122003,123204,0,4,0,-1,0,-1,-1,False,0,0,0
231,"e0010","ffxiv/fst_f1/fld/f1f3/level/f1f3",1,"The Black Shroud","The Black Shroud","South Shroud","f1f3/00",3,9,5,0,True,False,False,37,122003,123206,0,2,0,-1,0,-1,-1,False,0,0,0
232,"e0016","ffxiv/fst_f1/fld/f1f3/level/f1f3",1,"The Black Shroud","The Black Shroud","South Shroud","f1f3/00",3,9,5,0,True,False,False,39,122003,123206,0,13,0,-1,0,-1,-1,False,0,0,0
233,"e0001","ffxiv/fst_f1/fld/f1f1/level/f1f1",1,"The Black Shroud","The Black Shroud","Central Shroud","f1f1/00",3,9,3,0,True,False,False,37,122003,123204,0,11,0,-1,0,-1,-1,False,0,0,0
234,"e0005","ffxiv/fst_f1/fld/f1f2/level/f1f2",1,"The Black Shroud","The Black Shroud","East Shroud","f1f2/00",3,9,4,0,True,False,False,39,122003,123205,0,16,0,-1,0,-1,-1,False,0,0,0
235,"e0006","ffxiv/fst_f1/fld/f1f3/level/f1f3",1,"The Black Shroud","The Black Shroud","South Shroud","f1f3/00",3,9,5,0,True,False,False,113,122003,123206,0,17,0,-1,0,-1,-1,False,0,0,0
236,"e0011","ffxiv/fst_f1/fld/f1f3/level/f1f3",1,"The Black Shroud","The Black Shroud","South Shroud","f1f3/00",3,9,5,0,True,False,False,113,122003,123206,0,3,0,-1,0,-1,-1,False,0,0,0
237,"e0012","ffxiv/fst_f1/fld/f1f1/level/f1f1",1,"The Black Shroud","The Black Shroud","Central Shroud","f1f1/00",3,9,3,0,True,False,False,37,122003,123204,0,7,0,-1,0,-1,-1,False,0,0,0
238,"e0013","ffxiv/fst_f1/twn/f1t2/level/f1t2",1,"The Black Shroud","The Black Shroud (Gridania)","Old Gridania","f1t2/00",3,9,2,0,True,False,False,39,122009,123203,0,8,0,-1,0,-1,-1,False,0,0,0
239,"e0014","ffxiv/fst_f1/fld/f1f1/level/f1f1",1,"The Black Shroud","The Black Shroud","Central Shroud","f1f1/00",3,9,3,0,True,False,False,37,122003,123204,0,9,0,-1,0,-1,-1,False,0,0,0
240,"e0015","ffxiv/fst_f1/fld/f1f4/level/f1f4",1,"The Black Shroud","The Black Shroud","North Shroud","f1f4/00",3,9,6,0,True,False,False,113,122003,123207,0,10,0,-1,0,-1,-1,False,0,0,0
241,"s1b1","ffxiv/sea_s1/bah/s1b1/level/s1b1",1,"La Noscea","La Noscea","Upper Aetheroacoustic Exploratory Site","s1b1/00",2,16,0,0,True,False,False,1001,122001,124501,0,0,0,-1,0,-1,-1,False,0,0,0
242,"s1b2","ffxiv/sea_s1/bah/s1b2/level/s1b2",1,"La Noscea","La Noscea","Lower Aetheroacoustic Exploratory Site","s1b2/00",2,17,0,0,True,False,False,1001,122001,124502,0,0,0,-1,11,-1,-1,False,0,0,0
243,"s1b3","ffxiv/sea_s1/bah/s1b3/level/s1b3",1,"La Noscea","La Noscea","The Ragnarok","s1b3/01",2,16,0,0,True,False,False,1001,122006,124503,0,0,0,-1,0,-1,-1,False,0,0,0
244,"s1b4","ffxiv/sea_s1/bah/s1b4/level/s1b4",1,"La Noscea","La Noscea","Ragnarok Drive Cylinder","s1b4/00",2,17,0,0,True,False,False,1001,122006,124504,0,0,0,-1,0,-1,-1,False,0,0,0
245,"s1b5","ffxiv/sea_s1/bah/s1b5/level/s1b5",1,"La Noscea","La Noscea","Ragnarok Central Core","s1b5/00",2,16,0,0,True,False,False,1001,122006,124505,0,0,0,-1,15,-1,-1,False,0,0,0
246,"w1b5","ffxiv/wil_w1/bah/w1b5/level/w1b5",1,"Thanalan","Thanalan","IC-04 Main Bridge","default/00",0,12,0,0,True,False,False,1001,122014,124535,852738,0,22,-1,0,-1,-1,False,0,0,0
247,"s1b7","ffxiv/sea_s1/bah/s1b7/level/s1b7",1,"La Noscea","La Noscea","Ragnarok Main Bridge","default/00",0,12,0,0,True,False,False,1001,122006,124506,0,0,22,-1,0,-1,-1,False,0,0,0
248,"e0017","ffxiv/wil_w1/fld/w1f2/level/w1f2",1,"Thanalan","Thanalan","Central Thanalan","w1f2/00",3,9,10,0,True,False,False,37,122002,123105,0,18,0,-1,0,-1,-1,False,0,0,0
249,"e0018","ffxiv/sea_s1/fld/s1f2/level/s1f2",1,"La Noscea","La Noscea","Lower La Noscea","s1f2/00",3,9,17,0,True,False,False,117,122001,123005,0,24,0,-1,0,-1,-1,False,0,0,0
250,"s1p1","ffxiv/sea_s1/pvp/s1p1/level/s1p1",1,"La Noscea","La Noscea","Wolves' Den Pier","s1p1/00",0,1,29,0,True,False,False,1081,122001,123011,0,0,55,-1,0,-1,27,True,0,0,0
251,"e0028","ffxiv/wil_w1/twn/w1t1/level/w1t1",1,"Thanalan","Ul'dah","Ul'dah - Steps of Nald","w1t1/01",3,9,7,0,True,False,False,113,122008,123102,0,34,0,-1,0,-1,-1,False,0,0,0
252,"e0038","ffxiv/sea_s1/fld/s1f1/level/s1f1",1,"La Noscea","La Noscea","Middle La Noscea","s1f1/00",3,9,16,0,True,False,False,37,122001,123004,0,35,0,-1,0,-1,-1,False,0,0,0
253,"e0019","ffxiv/wil_w1/fld/w1f2/level/w1f2",1,"Thanalan","Thanalan","Central Thanalan","w1f2/00",3,9,10,0,True,False,False,37,122002,123105,0,19,0,-1,0,-1,-1,False,0,0,0
254,"e0020","ffxiv/wil_w1/twn/w1t1/level/w1t1",1,"Thanalan","Ul'dah","Ul'dah - Steps of Nald","w1t1/01",3,9,7,0,True,False,False,37,122008,123102,0,20,0,-1,0,-1,-1,False,0,0,0
255,"e0021","ffxiv/wil_w1/fld/w1f1/level/w1f1",1,"Thanalan","Thanalan","Western Thanalan","w1f1/00",3,9,9,0,True,False,False,37,122002,123104,0,21,0,-1,0,-1,-1,False,0,0,0
256,"e0022","ffxiv/wil_w1/fld/w1f3/level/w1f3",1,"Thanalan","Thanalan","Eastern Thanalan","w1f3/00",3,9,11,0,True,False,False,39,122002,123106,0,22,0,-1,0,-1,-1,False,0,0,0
257,"e0023","ffxiv/wil_w1/fld/w1f3/level/w1f3",1,"Thanalan","Thanalan","Eastern Thanalan","w1f3/00",3,9,11,0,True,False,False,113,122002,123106,0,23,0,-1,0,-1,-1,False,0,0,0
258,"e0024","ffxiv/wil_w1/fld/w1f2/level/w1f2",1,"Thanalan","Thanalan","Central Thanalan","w1f2/00",3,9,10,0,True,False,False,37,122002,123105,0,30,0,-1,0,-1,-1,False,0,0,0
259,"e0025","ffxiv/wil_w1/twn/w1t1/level/w1t1",1,"Thanalan","Ul'dah","Ul'dah - Steps of Nald","w1t1/01",3,9,7,0,True,False,False,101,122008,123102,0,31,0,-1,0,-1,-1,False,0,0,0
260,"e0026","ffxiv/wil_w1/fld/w1f4/level/w1f4",1,"Thanalan","Thanalan","Southern Thanalan","w1f4/01",3,9,12,0,True,False,False,37,122002,123107,0,32,0,-1,0,-1,-1,False,0,0,0
261,"e0027","ffxiv/wil_w1/fld/w1f4/level/w1f4",1,"Thanalan","Thanalan","Southern Thanalan","w1f4/01",3,9,12,0,True,False,False,101,122002,123107,0,33,0,-1,0,-1,-1,False,0,0,0
262,"e0034","ffxiv/sea_s1/fld/s1f2/level/s1f2",1,"La Noscea","La Noscea","Lower La Noscea","s1f2/00",3,9,17,0,True,False,False,39,122001,123005,0,25,0,-1,0,-1,-1,False,0,0,0
263,"e0035","ffxiv/sea_s1/fld/s1f4/level/s1f4",1,"La Noscea","La Noscea","Western La Noscea","s1f4/00",3,9,19,0,True,False,False,37,122001,123007,0,26,0,-1,0,-1,-1,False,0,0,0
264,"e0036","ffxiv/sea_s1/fld/s1f2/level/s1f2",1,"La Noscea","La Noscea","Lower La Noscea","s1f2/00",3,9,17,0,True,False,False,33,122001,123005,0,27,0,-1,0,-1,-1,False,0,0,0
265,"e0037","ffxiv/sea_s1/fld/s1f2/level/s1f2",1,"La Noscea","La Noscea","Lower La Noscea","s1f2/00",3,9,17,0,True,False,False,113,122001,123005,0,28,0,-1,0,-1,-1,False,0,0,0
266,"e0029","ffxiv/wil_w1/fld/w1f3/level/w1f3",1,"Thanalan","Thanalan","Eastern Thanalan","w1f3/00",3,9,11,0,True,False,False,117,122002,123106,0,40,0,-1,0,-1,-1,False,0,0,0
267,"e0030","ffxiv/wil_w1/fld/w1f1/level/w1f1",1,"Thanalan","Thanalan","Western Thanalan","w1f1/00",3,9,9,0,True,False,False,37,122002,123104,0,41,0,-1,0,-1,-1,False,0,0,0
268,"e0031","ffxiv/wil_w1/fld/w1f3/level/w1f3",1,"Thanalan","Thanalan","Eastern Thanalan","w1f3/00",3,9,11,0,True,False,False,39,122002,123106,0,42,0,-1,0,-1,-1,False,0,0,0
269,"e0032","ffxiv/wil_w1/fld/w1f1/level/w1f1",1,"Thanalan","Thanalan","Western Thanalan","w1f1/00",3,9,9,0,True,False,False,113,122002,123104,0,43,0,-1,0,-1,-1,False,0,0,0
270,"e0041","ffxiv/wil_w1/fld/w1f2/level/w1f2",1,"Thanalan","Thanalan","Central Thanalan","w1f2/00",3,9,10,0,True,False,False,37,122002,123105,0,37,0,-1,0,-1,-1,False,0,0,0
271,"e0042","ffxiv/wil_w1/fld/w1f2/level/w1f2",1,"Thanalan","Thanalan","Central Thanalan","w1f2/00",3,9,10,0,True,False,False,36,122002,123105,0,38,0,-1,0,-1,-1,False,0,0,0
272,"e0039","ffxiv/sea_s1/fld/s1f1/level/s1f1",1,"La Noscea","La Noscea","Middle La Noscea","s1f1/00",3,9,16,0,True,False,False,37,122001,123004,0,29,0,-1,0,-1,-1,False,0,0,0
273,"e0043","ffxiv/wil_w1/fld/w1f1/level/w1f1",1,"Thanalan","Thanalan","Western Thanalan","w1f1/00",3,9,9,0,True,False,False,39,122002,123104,0,39,0,-1,0,-1,-1,False,0,0,0
274,"e0046","ffxiv/wil_w1/twn/w1t1/level/w1t1",1,"Thanalan","Ul'dah","Ul'dah - Steps of Nald","w1t1/01",3,9,7,0,True,False,False,108,122008,123102,0,44,0,-1,0,-1,-1,False,0,0,0
275,"e0047","ffxiv/wil_w1/fld/w1f3/level/w1f3",1,"Thanalan","Thanalan","Eastern Thanalan","w1f3/00",3,9,11,0,True,False,False,37,122002,123106,0,45,0,-1,0,-1,-1,False,0,0,0
276,"z1e5","ffxiv/zon_z1/evt/z1e5/level/z1e5",1,"","","Hall of Summoning","default/00",0,7,0,0,False,False,False,1001,-1,-1,0,0,0,-1,0,-1,-1,False,0,0,0
277,"e0048","ffxiv/fst_f1/fld/f1f2/level/f1f2",1,"The Black Shroud","The Black Shroud","East Shroud","f1f2/00",3,9,4,0,True,False,False,39,122003,123205,0,46,0,-1,0,-1,-1,False,0,0,0
278,"e0049","ffxiv/wil_w1/fld/w1f1/level/w1f1",1,"Thanalan","Thanalan","Western Thanalan","w1f1/00",3,9,9,0,True,False,False,39,122002,123104,0,47,0,-1,0,-1,-1,False,0,0,0
279,"e0050","ffxiv/sea_s1/fld/s1f2/level/s1f2",1,"La Noscea","La Noscea","Lower La Noscea","s1f2/00",3,9,17,0,True,False,False,39,122001,123005,0,48,0,-1,0,-1,-1,False,0,0,0
280,"e0040","ffxiv/sea_s1/fld/s1f4/level/s1f4",1,"La Noscea","La Noscea","Western La Noscea","s1f4/00",3,9,19,0,True,False,False,36,122001,123007,0,36,0,-1,0,-1,-1,False,0,0,0
281,"o1fa","ffxiv/ocn_o1/fld/o1fa/level/o1fa",1,"La Noscea","La Noscea","The Whorleater","o1fa/00",2,10,38,0,True,False,False,1001,122001,124011,0,0,0,-1,36,-1,-1,False,0,0,0
282,"s1i1","ffxiv/sea_s1/ind/s1i1/level/s1i1",1,"La Noscea","La Noscea","Private Cottage - Mist","s1i1/01",0,14,0,0,True,False,False,1083,122001,123010,0,0,8,-1,0,-1,-1,False,0,0,0
283,"s1i2","ffxiv/sea_s1/ind/s1i2/level/s1i2",1,"La Noscea","La Noscea","Private House - Mist","s1i2/01",0,14,0,0,True,False,False,1083,122001,123010,0,0,8,-1,0,-1,-1,False,0,0,0
284,"s1i3","ffxiv/sea_s1/ind/s1i3/level/s1i3",1,"La Noscea","La Noscea","Private Mansion - Mist","s1i3/01",0,14,0,0,True,False,False,1083,122001,123010,0,0,8,-1,0,-1,-1,False,0,0,0
285,"e0053","ffxiv/sea_s1/fld/s1f1/level/s1f1",1,"La Noscea","La Noscea","Middle La Noscea","s1f1/00",3,9,16,0,True,False,False,39,122001,123004,0,50,0,-1,0,-1,-1,False,0,0,0
286,"e0054","ffxiv/ocn_o1/evt/o1e2/level/o1e2",1,"La Noscea","La Noscea","Rhotano Sea","o1e2/00",3,9,0,0,True,False,False,39,-1,-1,0,51,0,-1,0,-1,-1,False,0,0,0
287,"e0055","ffxiv/sea_s1/fld/s1f2/level/s1f2",1,"La Noscea","La Noscea","Lower La Noscea","s1f2/00",3,9,17,0,True,False,False,39,122001,123005,0,52,0,-1,0,-1,-1,False,0,0,0
288,"e0056","ffxiv/ocn_o1/evt/o1e2/level/o1e2",1,"La Noscea","La Noscea","Rhotano Sea","o1e2/00",3,9,0,0,True,False,False,39,-1,-1,0,53,0,300,0,-1,-1,False,0,0,0
289,"e0057","ffxiv/fst_f1/fld/f1f2/level/f1f2",1,"The Black Shroud","The Black Shroud","East Shroud","f1f2/00",3,9,4,0,True,False,False,37,122003,123205,0,54,0,-1,0,-1,-1,False,0,0,0
290,"e0063","ffxiv/fst_f1/fld/f1f2/level/f1f2",1,"The Black Shroud","The Black Shroud","East Shroud","f1f2/00",3,9,4,0,True,False,False,37,122003,123205,0,55,0,-1,0,-1,-1,False,0,0,0
291,"e0064","ffxiv/fst_f1/fld/f1f3/level/f1f3",1,"The Black Shroud","The Black Shroud","South Shroud","f1f3/00",3,9,5,0,True,False,False,37,122003,123206,0,56,0,1300,0,-1,-1,False,0,0,0
292,"w1fa_2","ffxiv/wil_w1/fld/w1fa/level/w1fa",1,"Thanalan","Thanalan","Bowl of Embers","w1fa/00",2,10,25,0,True,False,False,1001,122002,124109,0,0,0,-1,5,-1,-1,False,0,0,0
293,"s1fa_2","ffxiv/sea_s1/fld/s1fa/level/s1fa",1,"La Noscea","La Noscea","The Navel","s1fa/00",2,10,23,0,True,False,False,1001,122001,124009,0,0,0,-1,6,-1,-1,False,0,0,0
294,"r1fa_2","ffxiv/roc_r1/fld/r1fa/level/r1fa",1,"Coerthas","Coerthas","The Howling Eye","r1fa/01",2,10,26,0,True,False,False,1001,122004,124306,0,0,0,-1,10,-1,-1,False,0,0,0
295,"w1fa_3","ffxiv/wil_w1/fld/w1fa/level/w1fa",1,"Thanalan","Thanalan","Bowl of Embers","w1fa/00",2,10,25,0,True,False,False,1001,122002,124110,0,0,0,-1,23,-1,-1,False,0,0,0
296,"s1fa_3","ffxiv/sea_s1/fld/s1fa/level/s1fa",1,"La Noscea","La Noscea","The Navel","s1fa/00",2,10,23,0,True,False,False,1001,122001,124010,0,0,0,-1,16,-1,-1,False,0,0,0
297,"r1fa_3","ffxiv/roc_r1/fld/r1fa/level/r1fa",1,"Coerthas","Coerthas","The Howling Eye","r1fa/01",2,10,26,0,True,False,False,1001,122004,124307,0,0,0,-1,0,-1,-1,False,0,0,0
298,"go012","ffxiv/roc_r1/fld/r1f1/level/r1f1",1,"Coerthas","Coerthas","Coerthas Central Highlands","r1f1/00",2,3,21,2,True,False,False,1001,-1,-1,0,0,0,-1,0,-1,-1,False,0,0,0
299,"go013","ffxiv/lak_l1/fld/l1f1/level/l1f1",1,"Mor Dhona","Mor Dhona","Mor Dhona","l1f1/01",2,3,22,0,True,False,False,1001,-1,-1,0,0,0,-1,0,-1,-1,False,0,0,0
300,"go014","ffxiv/lak_l1/fld/l1f1/level/l1f1",1,"Mor Dhona","Mor Dhona","Mor Dhona","l1f1/01",2,3,22,0,True,False,False,1001,-1,-1,0,0,0,-1,0,-1,-1,False,0,0,0
301,"e0051","ffxiv/roc_r1/fld/r1f1/level/r1f1",1,"Coerthas","Coerthas","Coerthas Central Highlands","r1f1/00",3,9,21,2,True,False,False,37,122004,123301,0,60,0,-1,0,-1,-1,False,0,0,0
302,"e0052","ffxiv/roc_r1/fld/r1f1/level/r1f1",1,"Coerthas","Coerthas","Coerthas Central Highlands","r1f1/00",3,9,21,2,True,False,False,113,122004,123301,0,61,0,-1,0,-1,-1,False,0,0,0
303,"e0058","ffxiv/fst_f1/fld/f1f2/level/f1f2",1,"The Black Shroud","The Black Shroud","East Shroud","f1f2/00",3,9,4,0,True,False,False,39,122003,123205,0,57,0,-1,0,-1,-1,False,0,0,0
304,"e0059","ffxiv/roc_r1/fld/r1f1/level/r1f1",1,"Coerthas","Coerthas","Coerthas Central Highlands","r1f1/00",3,9,21,2,True,False,False,113,122004,123301,0,62,0,-1,0,-1,-1,False,0,0,0
305,"e0060","ffxiv/lak_l1/fld/l1f1/level/l1f1",1,"Mor Dhona","Mor Dhona","Mor Dhona","l1f1/01",3,9,22,0,True,False,False,117,122005,123401,0,65,0,-1,0,-1,-1,False,0,0,0
306,"e0061","ffxiv/wil_w1/fld/w1f4/level/w1f4",1,"Thanalan","Thanalan","Southern Thanalan","w1f4/01",3,9,12,0,True,False,False,113,122002,123107,0,58,0,-1,0,-1,-1,False,0,0,0
307,"e0062","ffxiv/sea_s1/fld/s1f2/level/s1f2",1,"La Noscea","La Noscea","Lower La Noscea","s1f2/00",3,9,17,0,True,False,False,108,122001,123005,0,59,0,-1,0,-1,-1,False,0,0,0
308,"e0065","ffxiv/lak_l1/fld/l1f1/level/l1f1",1,"Mor Dhona","Mor Dhona","Mor Dhona","l1f1/01",3,9,22,0,True,False,False,76,122005,123401,0,63,0,-1,0,-1,-1,False,0,0,0
309,"e0066","ffxiv/lak_l1/fld/l1f1/level/l1f1",1,"Mor Dhona","Mor Dhona","Mor Dhona","l1f1/01",3,9,22,0,True,False,False,39,122005,123401,0,64,0,-1,0,-1,-1,False,0,0,0
310,"e0067","ffxiv/sea_s1/fld/s1f3/level/s1f3",1,"La Noscea","La Noscea","Eastern La Noscea","s1f3/00",3,9,18,0,True,False,False,37,122001,123006,0,66,0,-1,0,-1,-1,False,0,0,0
311,"e0068","ffxiv/sea_s1/fld/s1f3/level/s1f3",1,"La Noscea","La Noscea","Eastern La Noscea","s1f3/00",3,9,18,0,True,False,False,39,122001,123006,0,67,0,-1,0,-1,-1,False,0,0,0
312,"e0069","ffxiv/wil_w1/fld/w1f4/level/w1f4",1,"Thanalan","Thanalan","Southern Thanalan","w1f4/01",3,9,12,0,True,False,False,37,122002,123107,0,68,0,-1,0,-1,-1,False,0,0,0
313,"e0070","ffxiv/roc_r1/fld/r1f1/level/r1f1",1,"Coerthas","Coerthas","Coerthas Central Highlands","r1f1/00",3,9,21,2,True,False,False,39,122004,123301,0,69,0,-1,0,-1,-1,False,0,0,0
314,"e0071","ffxiv/wil_w1/fld/w1f2/level/w1f2",1,"Thanalan","Thanalan","Central Thanalan","w1f2/00",3,9,10,0,True,False,False,37,122002,123105,0,70,0,-1,0,-1,-1,False,0,0,0
315,"e0072","ffxiv/lak_l1/fld/l1f1/level/l1f1",1,"Mor Dhona","Mor Dhona","Mor Dhona","l1f1/01",3,9,22,0,True,False,False,91,122005,123401,0,71,0,-1,0,-1,-1,False,0,0,0
316,"e0073","ffxiv/roc_r1/fld/r1f1/level/r1f1",1,"Coerthas","Coerthas","Coerthas Central Highlands","r1f1/00",3,9,21,2,True,False,False,91,122004,123301,0,72,0,-1,0,-1,-1,False,0,0,0
317,"e0074","ffxiv/fst_f1/fld/f1f3/level/f1f3",1,"The Black Shroud","The Black Shroud","South Shroud","f1f3/00",3,9,5,0,True,False,False,37,122003,123206,0,73,0,-1,0,-1,-1,False,0,0,0
318,"e0075","ffxiv/wil_w1/fld/w1f4/level/w1f4",1,"Thanalan","Thanalan","Southern Thanalan","w1f4/01",3,9,12,0,True,False,False,91,122002,123107,0,74,0,-1,0,-1,-1,False,0,0,0
319,"e0076","ffxiv/fst_f1/fld/f1f1/level/f1f1",1,"The Black Shroud","The Black Shroud","Central Shroud","f1f1/00",3,9,3,0,True,False,False,37,122003,123204,0,75,0,-1,0,-1,-1,False,0,0,0
320,"e0077","ffxiv/fst_f1/fld/f1f1/level/f1f1",1,"The Black Shroud","The Black Shroud","Central Shroud","f1f1/00",3,9,3,0,True,False,False,91,122003,123204,0,76,0,-1,0,-1,-1,False,0,0,0
321,"e0078","ffxiv/fst_f1/fld/f1f4/level/f1f4",1,"The Black Shroud","The Black Shroud","North Shroud","f1f4/00",3,9,6,0,True,False,False,37,122003,123207,0,77,0,-1,0,-1,-1,False,0,0,0
322,"e0079","ffxiv/roc_r1/fld/r1f1/level/r1f1",1,"Coerthas","Coerthas","Coerthas Central Highlands","r1f1/00",3,9,21,2,True,False,False,91,122004,123301,0,78,0,-1,0,-1,-1,False,0,0,0
323,"e0080","ffxiv/wil_w1/fld/w1f4/level/w1f4",1,"Thanalan","Thanalan","Southern Thanalan","w1f4/01",3,9,12,0,True,False,False,120,122002,123107,0,79,0,-1,0,-1,-1,False,0,0,0
324,"e0081","ffxiv/fst_f1/fld/f1f4/level/f1f4",1,"The Black Shroud","The Black Shroud","North Shroud","f1f4/00",3,9,6,0,True,False,False,157,122003,123207,0,80,0,-1,0,-1,-1,False,0,0,0
325,"e0082","ffxiv/sea_s1/fld/s1f6/level/s1f6",1,"La Noscea","La Noscea","Outer La Noscea","s1f6/00",3,9,24,0,True,False,False,155,122001,123009,0,81,0,-1,0,-1,-1,False,0,0,0
326,"e0083","ffxiv/lak_l1/fld/l1f1/level/l1f1",1,"Mor Dhona","Mor Dhona","Mor Dhona","l1f1/01",3,9,22,0,True,False,False,91,122005,123401,0,82,0,-1,0,-1,-1,False,0,0,0
327,"e0084","ffxiv/sea_s1/fld/s1f3/level/s1f3",1,"La Noscea","La Noscea","Eastern La Noscea","s1f3/00",3,9,18,0,True,False,False,39,122001,123006,0,83,0,-1,0,-1,-1,False,0,0,0
328,"e0085","ffxiv/sea_s1/fld/s1f5/level/s1f5",1,"La Noscea","La Noscea","Upper La Noscea","s1f5/00",3,9,20,0,True,False,False,39,122001,123008,0,84,0,-1,0,-1,-1,False,0,0,0
329,"e0086","ffxiv/sea_s1/dun/s1d3/level/s1d3",1,"La Noscea","La Noscea","The Wanderer's Palace","s1d3/00",3,9,0,0,True,False,False,91,122001,124005,0,85,0,-1,0,-1,-1,False,0,0,0
330,"e0087","ffxiv/sea_s1/fld/s1f4/level/s1f4",1,"La Noscea","La Noscea","Western La Noscea","s1f4/00",3,9,19,0,True,False,False,112,122001,123007,0,86,0,100,0,-1,-1,False,0,0,0
331,"r1fa_event","ffxiv/roc_r1/fld/r1fa/level/r1fa",1,"Coerthas","Coerthas","The Howling Eye","r1fa/02",0,7,26,0,True,False,False,1001,-1,-1,0,0,23,-1,0,-1,-1,False,0,0,0
332,"w1f1_battle","ffxiv/wil_w1/fld/w1f1/level/w1f1",1,"Thanalan","Thanalan","Western Thanalan","w1f1/00",2,10,9,0,True,False,False,1001,122002,123104,0,0,0,-1,34,-1,-1,False,0,0,0
333,"e0088","ffxiv/roc_r1/fld/r1f1/level/r1f1",1,"Coerthas","Coerthas","Coerthas Central Highlands","r1f1/00",3,9,21,2,False,False,False,36,122004,123301,0,87,0,-1,0,-1,-1,False,0,0,0
334,"e0089","ffxiv/wil_w1/dun/w1d2/level/w1d2",1,"Thanalan","Thanalan","Halatali","w1d2/00",3,9,0,0,False,False,False,36,122002,124103,0,88,0,-1,0,-1,-1,False,0,0,0
335,"l1f1_event","ffxiv/lak_l1/fld/l1f1/level/l1f1",1,"Mor Dhona","Mor Dhona","Mor Dhona","l1f1/01",0,15,22,0,True,False,False,148,-1,-1,0,0,24,-1,0,-1,-1,False,0,0,0
336,"s1p2_002","ffxiv/sea_s1/pvp/s1p2/level/s1p2",4,"La Noscea","La Noscea","The Wolves' Den","s1p2/00",2,4,29,0,True,False,False,1001,122001,124006,0,0,0,-1,0,-1,-1,True,0,0,0
337,"s1p2_003","ffxiv/sea_s1/pvp/s1p2/level/s1p2",4,"La Noscea","La Noscea","The Wolves' Den","s1p2/00",2,4,29,0,True,False,False,1001,122001,124006,0,0,0,-1,0,-1,-1,True,0,0,0
338,"s1b7_2","ffxiv/sea_s1/bah/s1b7/level/s1b7",1,"Thanalan","Thanalan","Eorzean Subterrane","default/00",0,12,0,0,True,False,False,146,122010,124507,0,0,22,-1,0,-1,-1,False,0,0,0
339,"s1h1","ffxiv/sea_s1/hou/s1h1/level/s1h1",1,"La Noscea","La Noscea","Mist","s1h1/01",0,13,135,0,True,False,True,1083,122001,123010,852431,0,8,-1,78,-1,-1,False,0,0,0
340,"f1h1","ffxiv/fst_f1/hou/f1h1/level/f1h1",1,"The Black Shroud","The Black Shroud","The Lavender Beds","f1h1/01",0,13,136,0,True,False,True,1110,122003,123208,852427,0,2,-1,78,-1,-1,False,0,0,0
341,"w1h1","ffxiv/wil_w1/hou/w1h1/level/w1h1",1,"Thanalan","Thanalan","The Goblet","w1h1/01",0,13,137,0,True,False,True,1109,122002,123109,852430,0,9,-1,78,-1,-1,False,0,0,0
342,"f1i1","ffxiv/fst_f1/ind/f1i1/level/f1i1",1,"The Black Shroud","The Black Shroud","Private Cottage - The Lavender Beds","f1i1/01",0,14,0,0,True,False,False,1110,122003,123208,0,0,2,-1,0,-1,-1,False,0,0,0
343,"f1i2","ffxiv/fst_f1/ind/f1i2/level/f1i2",1,"The Black Shroud","The Black Shroud","Private House - The Lavender Beds","f1i2/01",0,14,0,0,True,False,False,1110,122003,123208,0,0,2,-1,0,-1,-1,False,0,0,0
344,"f1i3","ffxiv/fst_f1/ind/f1i3/level/f1i3",1,"The Black Shroud","The Black Shroud","Private Mansion - The Lavender Beds","f1i3/01",0,14,0,0,True,False,False,1110,122003,123208,0,0,2,-1,0,-1,-1,False,0,0,0
345,"w1i1","ffxiv/wil_w1/ind/w1i1/level/w1i1",1,"Thanalan","Thanalan","Private Cottage - The Goblet","w1i1/01",0,14,0,0,True,False,False,1109,122002,123109,0,0,9,-1,0,-1,-1,False,0,0,0
346,"w1i2","ffxiv/wil_w1/ind/w1i2/level/w1i2",1,"Thanalan","Thanalan","Private House - The Goblet","w1i2/01",0,14,0,0,True,False,False,1109,122002,123109,0,0,9,-1,0,-1,-1,False,0,0,0
347,"w1i3","ffxiv/wil_w1/ind/w1i3/level/w1i3",1,"Thanalan","Thanalan","Private Mansion - The Goblet","w1i3/01",0,14,0,0,True,False,False,1109,122002,123109,0,0,9,-1,0,-1,-1,False,0,0,0
348,"w1fb"{{{STRING}}},"ffxiv/wil_w1/fld/w1fb/level/w1fb"{{{STRING}}},1,"Thanalan","Thanalan","Porta Decumana","w1fb/00",2,10,31,0,True,False,False,1001,122002,124114,0,0,0,-1,17,-1,-1,False,0,0,0
349,"w1d6","ffxiv/wil_w1/dun/w1d6/level/w1d6",1,"Thanalan","Thanalan","Copperbell Mines","w1d6/01",2,3,0,0,True,False,False,1001,122002,124102,0,0,0,-1,0,-1,-1,False,0,0,0
350,"f1d4","ffxiv/fst_f1/dun/f1d4/level/f1d4",1,"The Black Shroud","The Black Shroud","Haukke Manor","f1d4/01",2,3,0,0,True,False,False,1001,122003,124204,0,0,0,-1,0,-1,-1,False,0,0,0
351,"l1e1","ffxiv/lak_l1/evt/l1e1/level/l1e1",1,"Mor Dhona","Mor Dhona","The Rising Stones","l1e1/00",0,15,0,0,True,False,False,1114,-1,-1,852110,0,24,-1,0,-1,-1,False,0,0,0
352,"s1p2_004","ffxiv/sea_s1/pvp/s1p2/level/s1p2",4,"La Noscea","La Noscea","The Wolves' Den","s1p2/00",2,4,29,0,True,False,False,1001,122001,124006,0,0,0,-1,0,-1,-1,True,0,0,0
353,"z1z1","ex1/03_abr_a2/fld/a2fa/level/a2fa",1,"Abalathia's Spine","Abalathia's Spine","The Limitless Blue","a2fa/00",2,10,28,0,True,False,False,1001,122019,124904,0,0,0,-1,104,-1,-1,False,1,0,0
354,"z1z2","ex1/02_dra_d2/fld/d2fa/level/d2fa",1,"Dravania","Dravania","Thok ast Thok","d2fa/00",2,10,57,0,True,False,False,1001,122018,124804,0,0,0,-1,106,-1,-1,False,1,0,0
355,"f1b1","ffxiv/fst_f1/bah/f1b1/level/f1b1",1,"The Black Shroud","The Black Shroud","Dalamud's Shadow","f1b1/00",2,16,0,0,True,False,False,1001,122003,124511,0,0,0,-1,39,-1,-1,False,0,0,0
356,"f1b2","ffxiv/fst_f1/bah/f1b2/level/f1b2",1,"The Black Shroud","The Black Shroud","The Outer Coil","f1b2/01",2,16,28,0,True,False,False,1001,122003,124512,0,0,0,-1,40,-1,-1,False,0,0,0
357,"f1b3","ffxiv/fst_f1/bah/f1b3/level/f1b3",1,"The Black Shroud","The Black Shroud","Central Decks","f1b3/01",2,16,0,0,True,False,False,1001,122012,124513,0,0,0,-1,41,-1,-1,False,0,0,0
358,"f1b4","ffxiv/fst_f1/bah/f1b4/level/f1b4",1,"The Black Shroud","The Black Shroud","The Holocharts","f1b4/00",2,17,0,0,True,False,False,1001,122012,124514,0,0,0,-1,42,-1,-1,False,0,0,0
359,"o1fa_2","ffxiv/ocn_o1/fld/o1fa/level/o1fa",1,"La Noscea","La Noscea","The Whorleater","o1fa/00",2,10,38,0,True,False,False,1001,122001,124012,0,0,0,-1,37,-1,-1,False,0,0,0
360,"w1d7","ffxiv/wil_w1/dun/w1d7/level/w1d7",1,"Thanalan","Thanalan","Halatali","w1d7/00",2,3,0,0,True,False,False,1001,122002,124104,0,0,0,-1,0,-1,-1,False,0,0,0
361,"s1d5","ffxiv/sea_s1/dun/s1d5/level/s1d5",1,"La Noscea","La Noscea","Hullbreaker Isle","s1d5/00",2,3,0,0,True,False,False,1001,122001,124013,0,0,0,-1,50,-1,-1,False,0,0,0
362,"s1d6","ffxiv/sea_s1/dun/s1d6/level/s1d6",1,"La Noscea","La Noscea","Brayflox's Longstop","s1d6/00",2,3,37,0,True,False,False,1001,122001,124004,0,0,0,-1,43,-1,-1,False,0,0,0
363,"f1d5","ffxiv/fst_f1/dun/f1d5/level/f1d5",1,"The Black Shroud","The Black Shroud","The Lost City of Amdapor","f1d5/01",2,3,40,0,True,False,False,1001,122003,124206,0,0,0,-1,38,-1,-1,False,0,0,0
364,"f1fa_2","ffxiv/fst_f1/fld/f1fa/level/f1fa",1,"The Black Shroud","The Black Shroud","Thornmarch","f1fa/00",2,10,30,0,True,False,False,1001,122003,124209,0,0,0,-1,0,-1,-1,False,0,0,0
365,"r1d2","ffxiv/roc_r1/dun/r1d2/level/r1d2",1,"Coerthas","Coerthas","Stone Vigil","r1d2/00",2,3,42,2,True,False,False,1001,122004,124302,0,0,0,-1,45,-1,-1,False,0,0,0
366,"r1fb"{{{STRING}}},"ffxiv/roc_r1/fld/r1fb/level/r1fb"{{{STRING}}},1,"Coerthas","Coerthas","Griffin Crossing","r1fb/00",2,3,0,2,True,False,False,1001,122004,124308,0,0,0,-1,44,-1,-1,False,0,0,0
367,"w1d8","ffxiv/wil_w1/dun/w1d8/level/w1d8",1,"Thanalan","Thanalan","The Sunken Temple of Qarn","w1d8/01",2,3,41,0,True,False,False,1001,122002,124106,0,0,0,-1,0,-1,-1,False,0,0,0
368,"r1f1_battle","ffxiv/roc_r1/fld/r1f1/level/r1f1",1,"Coerthas","Coerthas","The Weeping Saint","r1f1/00",2,10,21,2,True,False,False,1001,122004,124309,0,0,0,-1,0,-1,-1,False,0,0,0
369,"w1d2_battle","ffxiv/wil_w1/dun/w1d2/level/w1d2",1,"Thanalan","Thanalan","Hall of the Bestiarii","w1d2/00",2,10,0,0,True,False,False,1001,122002,124115,0,0,0,-1,0,-1,-1,False,0,0,0
370,"f1b5","ffxiv/fst_f1/bah/f1b5/level/f1b5",1,"The Black Shroud","The Black Shroud","Main Bridge","default/00",0,12,0,0,True,False,False,1001,122012,124515,852619,0,22,-1,0,-1,-1,False,0,0,0
371,"r1d3","ffxiv/roc_r1/dun/r1d3/level/r1d3",1,"Coerthas","Coerthas","Snowcloak","r1d3/00",2,3,0,2,True,False,False,1001,122004,124310,0,0,0,-1,64,-1,-1,False,0,0,0
372,"l1r2","ffxiv/lak_l1/rad/l1r2/level/l1r2",1,"Mor Dhona","Mor Dhona","Syrcus Tower","l1r2/01",2,8,0,0,True,False,False,1001,122011,124602,0,0,0,-1,51,-1,-1,False,0,0,0
373,"f1d6","ffxiv/fst_f1/dun/f1d6/level/f1d6",1,"The Black Shroud","The Black Shroud","The Tam-Tara Deepcroft","f1d6/00",2,3,0,0,True,False,False,1001,122003,124202,0,0,0,-1,0,-1,-1,False,0,0,0
374,"f1fb"{{{STRING}}},"ffxiv/fst_f1/fld/f1fb/level/f1fb"{{{STRING}}},1,"The Black Shroud","The Black Shroud","The Striking Tree","f1fb/00",2,10,43,0,True,False,False,1001,122003,124210,0,0,0,-1,0,-1,-1,False,0,0,0
375,"f1fb_2","ffxiv/fst_f1/fld/f1fb/level/f1fb"{{{STRING}}},1,"The Black Shroud","The Black Shroud","The Striking Tree","f1fb/00",2,10,43,0,True,False,False,1001,122003,124211,0,0,0,-1,0,-1,-1,False,0,0,0
376,"l1p1","ffxiv/lak_l1/pvp/l1p1/level/l1p1",4,"Mor Dhona","Mor Dhona","Carteneau Flats: Borderland Ruins","l1p1/00",2,18,0,0,True,False,True,1001,122015,124701,0,0,0,-1,58,-1,-1,True,0,0,0
377,"r1fc","ffxiv/roc_r1/fld/r1fc/level/r1fc",1,"Coerthas","Coerthas","Akh Afah Amphitheatre","r1fc/00",2,10,46,2,True,False,False,1001,122004,124311,0,0,0,-1,65,-1,-1,False,0,0,0
378,"r1fc_2","ffxiv/roc_r1/fld/r1fc/level/r1fc",1,"Coerthas","Coerthas","Akh Afah Amphitheatre","r1fc/00",2,10,46,2,True,False,False,1001,122004,124312,0,0,0,-1,66,-1,-1,False,0,0,0
379,"e0090","ffxiv/lak_l1/fld/l1f1/level/l1f1",1,"Mor Dhona","Mor Dhona","Mor Dhona","l1f1/01",3,9,0,0,True,False,False,108,122005,123401,0,89,0,-1,0,-1,-1,False,0,0,0
380,"f1b1_2","ffxiv/fst_f1/bah/f1b1/level/f1b1",1,"The Black Shroud","The Black Shroud","Dalamud's Shadow","f1b1/00",2,16,0,0,True,False,False,1001,122003,124521,0,0,0,-1,46,-1,-1,False,0,0,0
381,"f1b2_2","ffxiv/fst_f1/bah/f1b2/level/f1b2",1,"The Black Shroud","The Black Shroud","The Outer Coil","f1b2/01",2,16,28,0,True,False,False,1001,122003,124522,0,0,0,-1,47,-1,-1,False,0,0,0
382,"f1b3_2","ffxiv/fst_f1/bah/f1b3/level/f1b3",1,"The Black Shroud","The Black Shroud","Central Decks","f1b3/01",2,16,0,0,True,False,False,1001,122012,124523,0,0,0,-1,48,-1,-1,False,0,0,0
383,"f1b4_2","ffxiv/fst_f1/bah/f1b4/level/f1b4",1,"The Black Shroud","The Black Shroud","The Holocharts","f1b4/00",2,17,0,0,True,False,False,1001,122012,124524,0,0,0,-1,49,-1,-1,False,0,0,0
384,"s1i4","ffxiv/sea_s1/ind/s1i4/level/s1i4",1,"La Noscea","La Noscea","Private Chambers - Mist","s1i4/00",0,14,0,0,True,False,False,1083,122001,123010,0,0,8,-1,0,-1,-1,False,0,0,0
385,"f1i4","ffxiv/fst_f1/ind/f1i4/level/f1i4",1,"The Black Shroud","The Black Shroud","Private Chambers - The Lavender Beds","f1i4/00",0,14,0,0,True,False,False,1110,122003,123208,0,0,2,-1,0,-1,-1,False,0,0,0
386,"w1i4","ffxiv/wil_w1/ind/w1i4/level/w1i4",1,"Thanalan","Thanalan","Private Chambers - The Goblet","w1i4/00",0,14,0,0,True,False,False,1109,122002,123109,0,0,9,-1,0,-1,-1,False,0,0,0
387,"s1d7","ffxiv/sea_s1/dun/s1d7/level/s1d7",1,"La Noscea","La Noscea","Sastasha","s1d7/00",2,3,0,0,True,False,False,1001,122001,124002,0,0,0,-1,69,-1,-1,False,0,0,0
388,"w1ed","ffxiv/wil_w1/evt/w1ed/level/w1ed",1,"Thanalan","Thanalan","Chocobo Square","w1ed/00",0,19,0,0,True,False,False,1143,122002,124118,0,0,62,-1,0,-1,-1,False,0,0,0
389,"s1fb"{{{STRING}}},"ffxiv/sea_s1/fld/s1fb/level/s1fb"{{{STRING}}},1,"La Noscea","La Noscea","Chocobo Square","s1fb/00",3,20,0,0,True,False,False,1001,-1,-1,0,0,0,-1,85,-1,-1,False,0,0,0
390,"w1fc","ffxiv/wil_w1/fld/w1fc/level/w1fc",1,"Thanalan","Thanalan","Chocobo Square","w1fc/01",3,20,0,0,True,False,False,1001,-1,-1,0,0,0,-1,84,-1,-1,False,0,0,0
391,"f1fc","ffxiv/fst_f1/fld/f1fc/level/f1fc",1,"The Black Shroud","The Black Shroud","Chocobo Square","f1fc/00",3,20,0,0,True,False,False,1001,-1,-1,0,0,0,-1,86,-1,-1,False,0,0,0
392,"f1e6","ffxiv/fst_f1/evt/f1e6/level/f1e6",1,"The Black Shroud","The Black Shroud","Sanctum of the Twelve","f1e6/00",0,22,0,0,True,False,False,1001,-1,-1,0,0,2,-1,0,-1,-1,False,0,0,0
393,"f1e6_prv","ffxiv/fst_f1/evt/f1e6/level/f1e6",1,"The Black Shroud","The Black Shroud","Sanctum of the Twelve","f1e6/00",0,22,0,0,True,False,False,1142,-1,-1,852711,0,2,-1,0,-1,-1,False,0,0,0
394,"f1f3_battle","ffxiv/fst_f1/fld/f1f3/level/f1f3",1,"The Black Shroud","The Black Shroud","South Shroud","default/00",2,10,45,0,True,False,False,1001,122003,124213,0,0,0,-1,59,-1,-1,False,0,0,0
395,"r1e2","ffxiv/roc_r1/evt/r1e2/level/r1e2",1,"Coerthas","Coerthas","Coerthas Central Highlands","r1e2/00",0,15,0,0,True,False,False,1072,-1,-1,852773,0,23,-1,0,-1,-1,False,0,0,0
396,"f1d3_battle","ffxiv/fst_f1/dun/f1d3/level/f1d3",1,"The Black Shroud","The Black Shroud","Amdapor Keep","default/00",2,3,28,0,True,False,False,1001,122003,124214,0,0,0,-1,80,-1,-1,False,0,0,0
397,"r2f1","ex1/01_roc_r2/fld/r2f1/level/r2f1",1,"Coerthas","Coerthas","Coerthas Western Highlands","r2f1/00",0,1,49,1,True,True,True,1150,122004,123302,852807,0,71,-1,0,-1,-1,False,1,0,4
398,"d2f1","ex1/02_dra_d2/fld/d2f1/level/d2f1",1,"Dravania","Dravania","The Dravanian Forelands","d2f1/00",0,1,50,0,True,True,True,1151,122018,123601,852806,0,76,-1,0,-1,-1,False,1,0,2
399,"d2f2","ex1/02_dra_d2/fld/d2f2/level/d2f2",1,"Dravania","Dravania","The Dravanian Hinterlands","d2f2/00",0,1,51,0,True,True,True,1152,122018,123602,852826,0,75,-1,0,-1,-1,False,1,0,3
400,"d2f3","ex1/02_dra_d2/fld/d2f3/level/d2f3",1,"Dravania","Dravania","The Churning Mists","d2f3/00",0,1,52,0,True,True,True,1153,122018,123603,852816,0,78,-1,0,-1,-1,False,1,2,0
401,"a2f1","ex1/03_abr_a2/fld/a2f1/level/a2f1",1,"Abalathia's Spine","Abalathia's Spine","The Sea of Clouds","a2f1/00",0,1,53,0,True,True,True,1154,122019,123701,852817,0,72,-1,0,-1,-1,False,1,1,0
402,"a2f2","ex1/03_abr_a2/fld/a2f2/level/a2f2",1,"Abalathia's Spine","Abalathia's Spine","Azys Lla","a2f2/00",0,1,54,0,True,True,True,1155,122019,123702,852856,0,74,-1,0,-1,-1,False,1,0,1
404,"e0091","ffxiv/sea_s1/twn/s1t2/level/s1t2",1,"La Noscea","Limsa Lominsa","Limsa Lominsa Lower Decks","s1t2/00",3,9,132,0,True,False,False,83,122007,123003,0,90,0,-1,0,-1,-1,False,0,0,0
405,"e0092","ffxiv/sea_s1/fld/s1f4/level/s1f4",1,"La Noscea","La Noscea","Western La Noscea","s1f4/00",3,9,19,0,True,False,False,1021,122001,123007,0,91,0,300,0,-1,-1,False,0,0,0
406,"e0093","ffxiv/sea_s1/fld/s1f4/level/s1f4",1,"La Noscea","La Noscea","Western La Noscea","s1f4/00",3,9,19,0,True,False,False,39,122001,123007,0,92,0,-1,0,-1,-1,False,0,0,0
407,"e0094","ffxiv/ocn_o1/evt/o1e2/level/o1e2",1,"La Noscea","La Noscea","Rhotano Sea","o1e2/00",3,9,40,0,True,False,False,39,-1,-1,0,93,0,-1,0,-1,-1,False,0,0,0
408,"e0095","ffxiv/sea_s1/fld/s1f3/level/s1f3",1,"La Noscea","La Noscea","Eastern La Noscea","s1f3/00",3,9,18,0,True,False,False,39,122001,123006,0,94,0,-1,0,-1,-1,False,0,0,0
409,"e0096","ffxiv/sea_s1/twn/s1t1/level/s1t1",1,"La Noscea","Limsa Lominsa","Limsa Lominsa Upper Decks","s1t1/01",3,9,40,0,True,False,False,113,122007,123002,0,95,0,300,0,-1,-1,False,0,0,0
410,"e0097","ffxiv/wil_w1/fld/w1f5/level/w1f5",1,"Thanalan","Thanalan","Northern Thanalan","w1f5/00",3,9,13,0,True,False,False,151,122002,123108,0,101,0,-1,0,-1,-1,False,0,0,0
411,"e0098","ffxiv/sea_s1/fld/s1f3/level/s1f3",1,"La Noscea","La Noscea","Eastern La Noscea","s1f3/00",3,9,18,0,True,False,False,39,122001,123006,0,96,0,-1,0,-1,-1,False,0,0,0
412,"e0099","ffxiv/sea_s1/fld/s1f5/level/s1f5",1,"La Noscea","La Noscea","Upper La Noscea","s1f5/00",3,9,20,0,True,False,False,39,122001,123008,0,97,0,-1,0,-1,-1,False,0,0,0
413,"e0100","ffxiv/sea_s1/fld/s1f4/level/s1f4",1,"La Noscea","La Noscea","Western La Noscea","s1f4/00",3,9,19,0,True,False,False,1021,122001,123007,0,98,0,100,0,-1,-1,False,0,0,0
414,"e0101","ffxiv/sea_s1/fld/s1f3/level/s1f3",1,"La Noscea","La Noscea","Eastern La Noscea","s1f3/00",3,9,18,0,True,False,False,39,122001,123006,0,99,0,-1,0,-1,-1,False,0,0,0
415,"e0102","ffxiv/sea_s1/fld/s1f2/level/s1f2",1,"La Noscea","La Noscea","Lower La Noscea","s1f2/00",3,9,36,0,True,False,False,91,122001,123005,0,100,0,100,0,-1,-1,False,0,0,0
416,"d2d3","ex1/02_dra_d2/dun/d2d3/level/d2d3",1,"Dravania","Dravania","The Great Gubal Library","d2d3/00",2,3,0,0,True,False,False,1001,122018,124803,0,0,0,-1,90,-1,-1,False,1,0,0
417,"w1fc_tutorial","ffxiv/wil_w1/fld/w1fc/level/w1fc",1,"Thanalan","Thanalan","Chocobo Square","w1fc/02",0,21,0,0,True,False,False,252,-1,-1,0,0,0,-1,83,-1,-1,False,0,0,0
418,"r2t1","ex1/01_roc_r2/twn/r2t1/level/r2t1",1,"Coerthas","Ishgard","Foundation","r2t1/00",0,0,138,1,True,False,False,1149,122017,123304,852799,0,70,-1,0,-1,-1,False,1,0,5
419,"r2t2","ex1/01_roc_r2/twn/r2t2/level/r2t2",1,"Coerthas","Ishgard","The Pillars","r2t2/00",0,0,139,1,True,False,False,1148,122017,123305,852841,0,70,-1,0,-1,-1,False,1,0,6
420,"a2d2","ex1/03_abr_a2/dun/a2d2/level/a2d2",1,"Abalathia's Spine","Abalathia's Spine","Neverreap","a2d2/00",2,3,0,0,True,False,False,1001,122019,124901,0,0,0,-1,109,-1,-1,False,1,0,0
421,"r2d2","ex1/01_roc_r2/dun/r2d2/level/r2d2",1,"Coerthas","Ishgard","The Vault","r2d2/01",2,3,0,1,True,False,False,1001,122004,124315,0,0,0,-1,93,-1,-1,False,1,0,0
422,"l1p1_2","ffxiv/lak_l1/pvp/l1p1/level/l1p1",4,"Mor Dhona","Mor Dhona","Carteneau Flats: Borderland Ruins","l1p1/00",2,18,0,0,True,False,True,1001,122015,124701,0,0,0,-1,89,-1,-1,True,0,0,0
423,"s1i5","ffxiv/sea_s1/ind/s1i5/level/s1i5",1,"La Noscea","La Noscea","Company Workshop - Mist","s1i5/00",0,14,0,0,True,False,False,328,122001,123010,0,0,8,-1,0,-1,-1,False,0,0,0
424,"w1i5","ffxiv/wil_w1/ind/w1i5/level/w1i5",1,"Thanalan","Thanalan","Company Workshop - The Goblet","w1i5/00",0,14,0,0,True,False,False,328,122002,123109,0,0,9,-1,0,-1,-1,False,0,0,0
425,"f1i5","ffxiv/fst_f1/ind/f1i5/level/f1i5",1,"The Black Shroud","The Black Shroud","Company Workshop - The Lavender Beds","f1i5/00",0,14,0,0,True,False,False,328,122003,123208,0,0,2,-1,0,-1,-1,False,0,0,0
426,"z1e9","ffxiv/zon_z1/evt/z1e9/level/z1e9",1,"Mor Dhona","Mor Dhona","The Chrysalis","z1e9/00",2,10,0,0,True,False,False,1001,122016,124721,0,0,0,-1,82,-1,-1,False,0,0,0
427,"r2e1","ex1/01_roc_r2/evt/r2e1/level/r2e1",1,"Coerthas","Ishgard","Saint Endalim Scholasticate","r2e1/00",0,15,0,1,True,False,False,1166,-1,-1,0,0,70,-1,0,-1,-1,False,1,0,0
428,"r2e3","ex1/01_roc_r2/evt/r2e3/level/r2e3",1,"Coerthas","Ishgard","Seat of the Lord Commander","r2e3/00",0,15,0,1,True,False,False,1166,-1,-1,852800,0,70,-1,0,-1,-1,False,1,0,0
429,"r2ti","ex1/01_roc_r2/twn/r2ti/level/r2ti",1,"Coerthas","Ishgard","Cloud Nine","r2ti/00",0,2,0,0,True,False,False,5,122017,123303,852857,0,70,-1,0,-1,-1,False,1,0,0
430,"a2d3","ex1/03_abr_a2/dun/a2d3/level/a2d3",1,"Abalathia's Spine","Abalathia's Spine","The Fractal Continuum","a2d3/01",2,3,0,0,True,False,False,1001,122019,124902,0,0,0,-1,92,-1,-1,False,1,0,0
431,"s2p1","ex1/04_sea_s2/pvp/s2p1/level/s2p1",4,"La Noscea","La Noscea","Seal Rock","s2p1/00",2,18,59,0,True,False,True,1001,122021,124702,0,0,0,-1,0,-1,-1,True,1,0,0
432,"d2fa","ex1/02_dra_d2/fld/d2fa/level/d2fa",1,"Dravania","Dravania","Thok ast Thok","d2fa/00",2,10,57,0,True,False,False,1001,122018,124804,0,0,0,-1,106,-1,-1,False,1,0,0
433,"r2e4","ex1/01_roc_r2/evt/r2e4/level/r2e4",1,"Coerthas","Ishgard","Fortemps Manor","r2e4/00",0,15,0,1,True,False,False,1164,-1,-1,852838,0,70,-1,0,-1,-1,False,1,0,0
434,"r2d1","ex1/01_roc_r2/dun/r2d1/level/r2d1",1,"Coerthas","Coerthas","Dusk Vigil","r2d1/00",2,3,42,2,True,False,False,1001,122004,124314,0,0,0,-1,101,-1,-1,False,1,0,0
435,"d2d2","ex1/02_dra_d2/dun/d2d2/level/d2d2",1,"Dravania","Dravania","The Aery","d2d2/00",2,3,28,0,True,False,False,1001,122018,124802,0,0,0,-1,118,-1,-1,False,1,0,0
436,"a2fa","ex1/03_abr_a2/fld/a2fa/level/a2fa",1,"Abalathia's Spine","Abalathia's Spine","The Limitless Blue","a2fa/00",2,10,28,0,True,False,False,1001,122019,124904,0,0,0,-1,104,-1,-1,False,1,0,0
437,"a2fb"{{{STRING}}},"ex1/03_abr_a2/fld/a2fb/level/a2fb"{{{STRING}}},1,"Abalathia's Spine","Abalathia's Spine","Singularity Reactor","a2fb/00",2,10,56,0,True,False,False,1001,122019,124906,0,0,0,-1,94,-1,-1,False,1,0,0
438,"a2d1","ex1/03_abr_a2/dun/a2d1/level/a2d1",1,"Abalathia's Spine","Abalathia's Spine","Aetherochemical Research Facility","a2d1/01",2,3,0,0,True,False,False,1001,122019,124903,0,0,0,-1,114,-1,-1,False,1,0,0
439,"r2e5","ex1/01_roc_r2/evt/r2e5/level/r2e5",1,"Coerthas","Ishgard","The Lightfeather Proving Grounds","r2e5/00",0,15,0,1,True,False,False,1166,-1,-1,0,0,70,-1,0,-1,-1,False,1,0,0
440,"r2e6","ex1/01_roc_r2/evt/r2e6/level/r2e6",1,"Coerthas","Ishgard","Ruling Chamber","r2e6/00",0,15,0,1,True,False,False,1166,-1,-1,0,0,70,-1,0,-1,-1,False,1,0,0
441,"d2d1","ex1/02_dra_d2/dun/d2d1/level/d2d1",1,"Dravania","Dravania","Sohm Al","d2d1/01",2,3,0,0,True,False,False,1001,122018,124801,0,0,0,-1,111,-1,-1,False,1,0,0
442,"d2a1","ex1/02_dra_d2/alx/d2a1/level/d2a1",1,"Dravania","Dravania","The Fist of the Father","d2a1/00",2,16,0,0,True,False,False,1001,122020,124553,0,0,0,-1,95,0,-1,False,1,0,0
443,"d2a2","ex1/02_dra_d2/alx/d2a2/level/d2a2",1,"Dravania","Dravania","The Cuff of the Father","d2a2/01",2,16,0,0,True,False,False,1001,122020,124554,0,0,0,-1,102,1,-1,False,1,0,0
444,"d2a3","ex1/02_dra_d2/alx/d2a3/level/d2a3",1,"Dravania","Dravania","The Arm of the Father","d2a3/00",2,16,0,0,True,False,False,1001,122020,124555,0,0,0,-1,97,2,-1,False,1,0,0
445,"d2a4","ex1/02_dra_d2/alx/d2a4/level/d2a4",1,"Dravania","Dravania","The Burden of the Father","d2a4/00",2,17,0,0,True,False,False,1001,122020,124556,0,0,0,-1,99,3,-1,False,1,0,0
446,"d2fa_2","ex1/02_dra_d2/fld/d2fa/level/d2fa",1,"Dravania","Dravania","Thok ast Thok","d2fa/00",2,10,57,0,True,False,False,1001,122018,124805,0,0,0,-1,107,-1,-1,False,1,0,0
447,"a2fa_2","ex1/03_abr_a2/fld/a2fa/level/a2fa",1,"Abalathia's Spine","Abalathia's Spine","The Limitless Blue","a2fa/00",2,10,28,0,True,False,False,1001,122019,124905,0,0,0,-1,105,-1,-1,False,1,0,0
448,"a2fb_2","ex1/03_abr_a2/fld/a2fb/level/a2fb"{{{STRING}}},1,"Abalathia's Spine","Abalathia's Spine","Singularity Reactor","a2fb/00",0,1,56,0,True,True,True,1001,-1,-1,0,0,0,-1,0,-1,-1,False,1,0,0
449,"d2a1_2","ex1/02_dra_d2/alx/d2a1/level/d2a1",1,"Dravania","Dravania","The Fist of the Father","d2a1/00",2,16,0,0,True,False,False,1001,122020,124557,0,0,0,-1,96,-1,-1,False,1,0,0
450,"d2a2_2","ex1/02_dra_d2/alx/d2a2/level/d2a2",1,"Dravania","Dravania","The Cuff of the Father","d2a2/01",2,16,0,0,True,False,False,1001,122020,124558,0,0,0,-1,103,-1,-1,False,1,0,0
451,"d2a3_2","ex1/02_dra_d2/alx/d2a3/level/d2a3",1,"Dravania","Dravania","The Arm of the Father","d2a3/00",2,16,0,0,True,False,False,1001,122020,124559,0,0,0,-1,98,-1,-1,False,1,0,0
452,"d2a4_2","ex1/02_dra_d2/alx/d2a4/level/d2a4",1,"Dravania","Dravania","The Burden of the Father","d2a4/00",2,17,0,0,True,False,False,1001,122020,124560,0,0,0,-1,100,-1,-1,False,1,0,0
453,"e0103","ffxiv/sea_s1/fld/s1f4/level/s1f4",1,"La Noscea","La Noscea","Western La Noscea","s1f4/00",3,9,19,0,True,False,False,39,122001,123007,0,103,0,-1,0,-1,-1,False,1,0,0
454,"e0104","ffxiv/sea_s1/fld/s1f5/level/s1f5",1,"La Noscea","La Noscea","Upper La Noscea","s1f5/00",3,9,20,0,True,False,False,117,122001,123008,0,135,0,-1,0,-1,-1,False,1,0,0
455,"e0105","ex1/03_abr_a2/fld/a2f1/level/a2f1",1,"Abalathia's Spine","Abalathia's Spine","The Sea of Clouds","a2f1/00",3,9,0,0,True,False,False,117,-1,-1,0,104,0,300,0,-1,-1,False,1,0,0
456,"e0106","ex1/01_roc_r2/evt/r2e6/level/r2e6",1,"Coerthas","Ishgard","Ruling Chamber","r2e6/00",3,9,0,1,True,False,False,315,-1,-1,0,105,0,-1,108,-1,-1,False,1,0,0
457,"e0107","ffxiv/roc_r1/fld/r1fc/level/r1fc",1,"Coerthas","Coerthas","Akh Afah Amphitheatre","r1fc/00",3,9,46,2,True,False,False,316,-1,-1,0,108,0,-1,112,-1,-1,False,1,0,0
458,"e0108","ex1/01_roc_r2/twn/r2t1/level/r2t1",1,"Coerthas","Ishgard","Foundation","r2t1/00",3,9,0,1,True,False,False,315,-1,-1,0,109,0,-1,0,-1,-1,False,1,0,0
459,"e0109","ex1/03_abr_a2/fld/a2f2/level/a2f2",1,"Abalathia's Spine","Abalathia's Spine","Azys Lla","a2f2/00",3,9,54,0,True,False,False,152,-1,-1,0,110,0,-1,117,-1,-1,False,1,0,0
460,"e0110","ffxiv/wil_w1/dun/w1d7/level/w1d7",1,"Thanalan","Thanalan","Halatali","w1d7/00",3,9,0,0,True,False,False,317,-1,-1,0,106,0,-1,0,-1,-1,False,1,0,0
461,"e0111","ex1/03_abr_a2/fld/a2f1/level/a2f1",1,"Abalathia's Spine","Abalathia's Spine","The Sea of Clouds","a2f1/00",3,9,53,0,True,False,False,39,-1,-1,0,107,0,-1,0,-1,-1,False,1,0,0
462,"d2e2","ex1/02_dra_d2/evt/d2e2/level/d2e2",1,"Dravania","Dravania","Sacrificial Chamber","d2e2/00",0,15,0,0,True,False,False,1170,-1,-1,852811,0,76,-1,0,-1,-1,False,1,0,0
463,"d2e3","ex1/02_dra_d2/evt/d2e3/level/d2e3",1,"Dravania","Dravania","Matoya's Cave","d2e3/00",0,15,0,0,True,False,False,1168,-1,-1,0,0,75,-1,0,-1,-1,False,1,0,0
464,"e0112","ex1/02_dra_d2/fld/d2f1/level/d2f1",1,"Dravania","Dravania","The Dravanian Forelands","d2f1/00",3,9,50,0,True,False,False,91,-1,-1,0,134,0,-1,0,-1,-1,False,1,0,0
465,"e0113","ffxiv/wil_w1/fld/w1f3/level/w1f3",1,"Thanalan","Thanalan","Eastern Thanalan","w1f3/00",3,9,11,0,True,False,False,113,122002,123106,0,126,0,-1,0,-1,-1,False,1,0,0
466,"e0114","ffxiv/sea_s1/fld/s1f5/level/s1f5",1,"La Noscea","La Noscea","Upper La Noscea","s1f5/00",3,9,20,0,True,False,False,39,122001,123008,0,113,0,-1,0,-1,-1,False,1,0,0
467,"e0115","ex1/01_roc_r2/fld/r2f1/level/r2f1",1,"Coerthas","Coerthas","Coerthas Western Highlands","r2f1/00",3,9,49,1,True,False,False,39,-1,-1,0,114,0,-1,0,-1,-1,False,1,0,0
468,"e0116","ffxiv/roc_r1/fld/r1f1/level/r1f1",1,"Coerthas","Coerthas","Coerthas Central Highlands","r1f1/00",3,9,21,1,True,False,False,39,122004,123301,852247,102,0,-1,0,-1,-1,False,1,0,0
469,"e0117","ffxiv/roc_r1/fld/r1f1/level/r1f1",1,"Coerthas","Coerthas","Coerthas Central Highlands","r1f1/00",3,9,21,1,True,False,False,113,122004,123301,852247,115,0,-1,0,-1,-1,False,1,0,0
470,"e0118","ex1/01_roc_r2/fld/r2f1/level/r2f1",1,"Coerthas","Coerthas","Coerthas Western Highlands","r2f1/00",3,9,49,1,True,False,False,39,-1,-1,0,116,0,-1,0,-1,-1,False,1,0,0
471,"e0119","ffxiv/sea_s1/fld/s1f3/level/s1f3",1,"La Noscea","La Noscea","Eastern La Noscea","s1f3/00",3,9,18,0,True,False,False,113,122001,123006,0,117,0,-1,0,-1,-1,False,1,0,0
472,"e0120","ex1/01_roc_r2/fld/r2f1/level/r2f1",1,"Coerthas","Coerthas","Coerthas Western Highlands","r2f1/00",3,9,49,1,True,False,False,39,-1,-1,0,118,0,-1,0,-1,-1,False,1,0,0
473,"e0121","ffxiv/fst_f1/fld/f1f3/level/f1f3",1,"The Black Shroud","The Black Shroud","South Shroud","f1f3/00",3,9,58,0,True,False,False,113,122003,123206,852244,143,0,2200,0,-1,-1,False,1,0,0
474,"e0122","ffxiv/sea_s1/twn/s1t1/level/s1t1",1,"La Noscea","Limsa Lominsa","Limsa Lominsa Upper Decks","s1t1/01",3,9,58,0,True,False,False,1020,122007,123002,852085,144,0,30,0,-1,-1,False,1,0,0
475,"e0123","ffxiv/roc_r1/fld/r1f1/level/r1f1",1,"Coerthas","Coerthas","Coerthas Central Highlands","r1f1/00",3,9,21,1,True,False,False,117,122004,123301,852247,119,0,-1,0,-1,-1,False,1,0,0
476,"e0124","ex1/02_dra_d2/fld/d2f2/level/d2f2",1,"Dravania","Dravania","The Dravanian Hinterlands","d2f2/00",3,9,58,0,True,False,False,91,-1,-1,0,141,0,2200,0,-1,-1,False,1,0,0
477,"e0125","ex1/01_roc_r2/fld/r2f1/level/r2f1",1,"Coerthas","Coerthas","Coerthas Western Highlands","r2f1/00",3,9,0,0,True,False,False,91,-1,-1,0,142,0,-1,110,-1,-1,False,1,0,0
478,"d2t1","ex1/02_dra_d2/twn/d2t1/level/d2t1",1,"Dravania","Dravania","Idyllshire","d2t1/00",0,0,55,0,True,False,False,1167,122018,123604,852827,0,75,-1,0,-1,-1,False,1,0,7
479,"e0126","ex1/01_roc_r2/fld/r2f1/level/r2f1",1,"Coerthas","Coerthas","Coerthas Western Highlands","r2f1/00",3,9,42,1,True,False,False,318,-1,-1,0,111,0,-1,0,-1,-1,False,1,0,0
480,"e0127","ffxiv/lak_l1/fld/l1f1/level/l1f1",1,"Mor Dhona","Mor Dhona","Mor Dhona","l1f1/01",3,9,22,0,True,False,False,113,122005,123401,852412,120,0,-1,0,-1,-1,False,1,0,0
481,"e0128","ex1/02_dra_d2/fld/d2f1/level/d2f1",1,"Dravania","Dravania","The Dravanian Forelands","d2f1/00",3,9,50,0,True,False,False,39,-1,-1,0,121,0,-1,0,-1,-1,False,1,0,0
482,"e0129","ex1/02_dra_d2/fld/d2f1/level/d2f1",1,"Dravania","Dravania","The Dravanian Forelands","d2f1/00",3,9,50,0,True,False,False,113,-1,-1,0,122,0,-1,0,-1,-1,False,1,0,0
483,"e0130","ffxiv/wil_w1/fld/w1f5/level/w1f5",1,"Thanalan","Thanalan","Northern Thanalan","w1f5/00",3,9,13,0,True,False,False,107,122002,123108,852014,123,0,-1,0,-1,-1,False,1,0,0
484,"e0131","ffxiv/sea_s1/fld/s1f2/level/s1f2",1,"La Noscea","La Noscea","Lower La Noscea","s1f2/00",3,9,17,0,True,False,False,107,122001,123005,0,124,0,-1,0,-1,-1,False,1,0,0
485,"e0132","ex1/02_dra_d2/fld/d2f2/level/d2f2",1,"Dravania","Dravania","The Dravanian Hinterlands","d2f2/00",3,9,0,0,True,False,False,113,-1,-1,0,112,0,-1,119,-1,-1,False,1,0,0
486,"e0133","ffxiv/sea_s1/fld/s1f6/level/s1f6",1,"La Noscea","La Noscea","Outer La Noscea","s1f6/00",3,9,24,0,True,False,False,113,122001,123009,0,127,0,-1,0,-1,-1,False,1,0,0
487,"e0134","ffxiv/roc_r1/fld/r1f1/level/r1f1",1,"Coerthas","Coerthas","Coerthas Central Highlands","r1f1/00",3,9,21,1,True,False,False,316,122004,123301,852247,128,0,-1,0,-1,-1,False,1,0,0
488,"e0135","ffxiv/roc_r1/fld/r1f1/level/r1f1",1,"Coerthas","Coerthas","Coerthas Central Highlands","r1f1/00",3,9,0,1,True,False,False,113,122004,123301,852247,129,0,1300,0,-1,-1,False,1,0,0
489,"e0136","ex1/01_roc_r2/fld/r2f1/level/r2f1",1,"Coerthas","Coerthas","Coerthas Western Highlands","r2f1/00",3,9,49,1,True,False,False,316,-1,-1,0,130,0,-1,0,-1,-1,False,1,0,0
490,"e0137","ffxiv/sea_s1/dun/s1d5/level/s1d5",1,"La Noscea","La Noscea","Hullbreaker Isle","s1d5/00",3,9,0,0,True,False,False,91,122001,124013,0,131,0,-1,0,-1,-1,False,1,0,0
491,"e0138","ffxiv/wil_w1/fld/w1f4/level/w1f4",1,"Thanalan","Thanalan","Southern Thanalan","w1f4/01",3,9,12,0,True,False,False,91,122002,123107,0,132,0,-1,0,-1,-1,False,1,0,0
492,"e0139","ex1/03_abr_a2/fld/a2f1/level/a2f1",1,"Abalathia's Spine","Abalathia's Spine","The Sea of Clouds","a2f1/00",3,9,53,0,True,False,False,91,-1,-1,0,133,0,-1,113,-1,-1,False,1,0,0
493,"e0140","ex1/01_roc_r2/fld/r2f1/level/r2f1",1,"Coerthas","Coerthas","Coerthas Western Highlands","r2f1/00",3,9,49,1,True,False,False,39,-1,-1,0,125,0,-1,0,-1,-1,False,1,0,0
494,"e0141","ffxiv/wil_w1/fld/w1f3/level/w1f3",1,"Thanalan","Thanalan","Eastern Thanalan","w1f3/00",3,9,11,0,True,False,False,39,122002,123106,0,136,0,-1,0,-1,-1,False,1,0,0
495,"e0142","ffxiv/sea_s1/fld/s1f2/level/s1f2",1,"La Noscea","La Noscea","Lower La Noscea","s1f2/00",3,9,17,0,True,False,False,37,122001,123005,0,137,0,-1,0,-1,-1,False,1,0,0
496,"e0143","ffxiv/roc_r1/fld/r1f1/level/r1f1",1,"Coerthas","Coerthas","Coerthas Central Highlands","r1f1/00",3,9,21,2,True,False,False,83,122004,123301,0,138,0,-1,0,-1,-1,False,1,0,0
497,"e0144","ex1/01_roc_r2/fld/r2f1/level/r2f1",1,"Coerthas","Coerthas","Coerthas Western Highlands","r2f1/00",3,9,0,1,True,False,False,317,-1,-1,0,139,0,800,0,-1,-1,False,1,0,0
498,"e0145","ex1/01_roc_r2/fld/r2f1/level/r2f1",1,"Coerthas","Coerthas","Coerthas Western Highlands","r2f1/00",3,9,49,1,True,False,False,113,-1,-1,0,140,0,-1,0,-1,-1,False,1,0,0
499,"e0146","ex1/01_roc_r2/twn/r2t2/level/r2t2",1,"Coerthas","Ishgard","The Pillars","r2t2/00",3,9,139,1,True,False,False,316,-1,-1,0,145,0,-1,116,-1,-1,False,1,0,0
500,"e0147","ffxiv/roc_r1/fld/r1f1/level/r1f1",1,"Coerthas","Coerthas","Coerthas Central Highlands","r1f1/00",3,9,21,1,True,False,False,91,122004,123301,0,146,0,-1,0,-1,-1,False,1,0,0
501,"e0148","ex1/02_dra_d2/fld/d2f3/level/d2f3",1,"Dravania","Dravania","The Churning Mists","d2f3/00",3,9,52,0,True,False,False,178,-1,-1,0,147,0,-1,0,-1,-1,False,1,0,0
502,"e0149","ffxiv/lak_l1/pvp/l1p1/level/l1p1",1,"Mor Dhona","Mor Dhona","Carteneau Flats: Borderland Ruins","l1p1/00",3,9,0,0,True,False,False,39,122015,124701,0,149,0,400,0,-1,-1,False,1,0,0
503,"e0150","ex1/02_dra_d2/fld/d2f2/level/d2f2",1,"Dravania","Dravania","The Dravanian Hinterlands","d2f2/00",3,9,51,0,True,False,False,91,-1,-1,0,148,0,-1,0,-1,-1,False,1,0,0
504,"l1e2","ffxiv/lak_l1/evt/l1e2/level/l1e2",1,"Mor Dhona","Mor Dhona","The Rising Stones","l1e1/00",0,7,0,0,True,False,False,1114,-1,-1,852110,0,24,-1,0,-1,-1,False,1,0,0
505,"d2e4","ex1/02_dra_d2/evt/d2e4/level/d2e4",1,"Dravania","Dravania","Alexander","default/00",0,12,0,0,True,False,False,1001,122020,124552,853182,0,75,-1,0,-1,-1,False,1,0,0
506,"s1p3","ffxiv/sea_s1/pvp/s1p3/level/s1p3",1,"Thanalan","Thanalan","Chocobo Square","",0,1,0,0,True,False,False,1001,-1,-1,0,0,0,-1,0,-1,-1,False,0,0,0
507,"a2e2","ex1/03_abr_a2/evt/a2e2/level/a2e2",1,"Abalathia's Spine","Abalathia's Spine","Central Azys Lla","a2e2/00",0,12,0,0,True,False,False,1001,-1,-1,853159,0,74,-1,0,-1,-1,False,1,0,0
508,"z2r1","ex1/05_zon_z2/rad/z2r1/level/z2r1",1,"Abalathia's Spine","Abalathia's Spine","","",0,1,0,0,True,False,False,1001,-1,-1,0,0,0,-1,0,-1,-1,False,1,0,0
509,"z1z4","ffxiv/sea_s1/fld/s1fa/level/s1fa",1,"La Noscea","La Noscea","The Navel","s1fa/00",2,10,23,0,True,False,False,1001,-1,-1,0,0,0,-1,6,-1,-1,False,0,0,0
