﻿key,0,1,2,3,4,5,6,7,8,9
#,,,,,,,,,,
int32,int16,int32,int32,uint16,uint16,bit&01,single,single,bit&02,bit&04
0,0,0,0,0,0,False,0,1,False,True
1,639,0,0,0,0,False,0,1,False,True
2,738,0,0,2443,0,False,0,1,False,True
3,868,0,0,0,0,False,0,1,False,True
4,344,0,0,0,0,False,0,1,False,True
5,869,0,0,0,0,False,0,1,False,True
6,836,0,0,3139,0,False,0,1,False,True
7,0,465,248,2360,0,False,0,1,True,True
8,0,466,249,2360,0,False,0,1,True,True
9,0,467,250,2360,0,False,0,1,True,True
10,0,468,251,2360,0,False,0,1,True,True
11,0,469,252,2360,0,False,0,1,True,True
12,921,0,0,2360,0,False,0.9,1,False,True
13,920,0,0,2360,0,False,0.9,1,False,True
14,923,0,0,2360,0,False,0.6,1,False,True
15,924,0,0,2360,0,False,0.5,0.6,False,True
16,922,0,0,2360,0,False,0.3,1,False,True
17,652,0,0,0,0,False,0,2,False,True
18,1022,0,0,0,0,False,0,2,False,True
19,1023,0,0,3504,0,False,0,2,False,True
20,1085,0,0,0,0,False,0,0.7,False,False
21,1086,0,0,0,0,False,0,0.7,False,False
22,915,0,0,0,0,False,0,1,False,False
23,730,0,0,0,0,False,0,1.7,False,False
24,1061,0,0,0,0,False,0,3.5,False,False
25,1062,0,0,0,0,False,0,2.2,False,False
26,1300,0,0,0,0,False,0,3,False,False
27,89,0,656,0,0,False,0,1,False,True
28,0,522,959,0,0,False,0,1,False,True
29,558,0,0,0,0,False,0,2.5,False,False
30,16,0,771,0,0,False,0,2,False,False
31,658,0,0,0,0,False,0,1.5,False,False
32,976,0,0,0,0,False,0,0.7,False,False
33,1087,0,0,0,0,False,0,0.7,False,False
34,0,0,0,0,0,False,0,1,False,True
35,0,0,0,0,0,False,0,1,False,True
36,0,0,0,0,0,False,0,1,False,True
37,0,0,0,0,0,False,0,1,False,True
38,0,0,0,0,0,False,0,1,False,True
39,0,0,0,0,0,False,0,1,False,True
40,0,0,0,0,0,False,0,1,False,True
