﻿key,0,1,2,3,4,5,6,7,8,9
#,Masculine,Feminine,,,STR,DEX,VIT,INT,MND,PIE
int32,str,str,sbyte,sbyte,Item,Item,Item,Item,Item,Item
0,"","",0,0,"","","","","",""
1,"Midlander","Midlander",0,0,"Gil","",,"Gil",,"Gil"
2,"Highlander","Highlander",0,0,"Ice Shard","Fire Shard","",,"",
3,"Wildwood","Wildwood",0,0,,,"Ice Shard","Fire Shard",,"Gil"
4,"Duskwight","Duskwight",0,0,"",,"","Ice Shard","",
5,"Plainsfolk","Plainsfolk",0,0,,,"Fire Shard","Gil","","Gil"
6,"Dunesfolk","Dunesfolk",0,0,,,"","Gil","Fire Shard","Ice Shard"
7,"Seeker of the Sun","Seeker of the Sun",0,0,"Gil","","Fire Shard",,,""
8,"Keeper of the Moon","Keeper of the Moon",0,0,,,"Gil",,"Ice Shard","Fire Shard"
9,"Sea Wolf","Sea Wolf",0,0,"Fire Shard","Ice Shard",,,"Gil",
10,"Hellsguard","Hellsguard",0,0,"","Gil",,"","Fire Shard",""
11,"Raen","Raen",0,0,,,"Gil","","Fire Shard","Fire Shard"
12,"Xaela","Xaela",0,0,"Ice Shard","Gil","","",,
