﻿key,0,1,2,3,4,5,6,7,8,9,10,11,12,13,14,15,16,17,18,19,20,21,22,23,24,25,26,27,28
#,,,,,,,,,,,,,,,,,,,,,,,,,,,,,
int32,uint32,byte,uint32,uint32,bool,byte,uint32,uint32,bool,byte,uint32,uint32,bool,byte,uint32,uint32,bool,byte,uint32,uint32,bool,byte,uint32,uint32,bool,byte,uint32,uint32,bool
0,0,0,0,0,False,0,0,0,False,0,0,0,False,0,0,0,False,0,0,0,False,0,0,0,False,0,0,0,False
1,82,0,3122528257,0,False,0,109117440,196608,False,2,0,0,False,0,0,0,False,0,0,0,False,0,0,0,False,0,0,0,False
2,84,0,1583742977,0,False,0,105971712,196608,False,2,0,0,True,0,0,0,False,0,0,0,False,0,0,0,False,0,0,0,False
3,89,0,3715497985,0,False,0,108658688,16711680,False,2,0,0,False,0,0,0,False,0,0,0,False,0,0,0,False,0,0,0,False
4,89,0,2154889216,0,False,0,65536,0,False,3,0,0,True,0,0,0,False,0,0,0,False,0,0,0,False,0,0,0,False
5,88,0,2886926336,0,False,0,65536,0,False,3,0,0,True,0,0,0,False,0,0,0,False,0,0,0,False,0,0,0,False
6,89,0,2179923968,0,False,0,327680,0,False,3,0,0,True,0,0,0,False,0,0,0,False,0,0,0,False,0,0,0,False
7,90,0,627638273,0,False,0,108658688,16711680,False,2,0,0,True,0,0,0,False,0,0,0,False,0,0,0,False,0,0,0,False
