﻿key,0,1,2,3,4,5,6,7,8,9,10,11,12,13,14,15,16,17,18,19,20,21,22,23,24,25,26,27,28,29,30,31
#,Name,,Description,DutyType,,IsInDutyFinder,RequireAllDuties,,,ItemLevel{Required},,Icon,Reward{TomeA},Reward{TomeB},Reward{TomeC},,,SortKey,,ContentMemberType,,,,,,,,,,,,
int32,str,str,str,str,byte,bit&01,bit&02,bit&04,byte,uint16,uint16,Image,uint16,uint16,uint16,uint32,uint16,byte,byte,ContentMemberType,byte,byte,sbyte,byte,byte,byte,byte,bit&08,bit&10,bit&20,bit&40,uint16
0,"","","","",0,False,False,False,0,0,0,"ui/icon/000000/000000.tex",0,0,0,0,0,0,108,"ContentMemberType#0",0,0,-1,0,0,0,0,True,True,False,False,0
1,"Duty Roulette: Leveling","","A dungeon or trial will be selected at random from among those you have unlocked. Successful completion will earn you far greater rewards.

※Bonus EXP and gil will be awarded to compensate for the discrepancy between character and duty levels. A further percentage will then be added based on character level.
※The amount of bonus company seals awarded is determined by class/job level.
※The standard reward for this duty roulette category and all related bonuses are available once per day. The “adventurer in need” reward is always available.
※Joining this duty as a party will nullify any “adventurer in need” bonus.
","Duty Type: Light Party Dungeons & Trials",0,True,False,False,16,0,0,"ui/icon/112000/112034.tex",0,100,0,0,0,4,108,"ContentMemberType#2",0,0,0,1,0,90,0,True,True,False,False,0
2,"Duty Roulette: Level 50/60 Dungeons","","A level 50/60 dungeon will be selected at random from among those you have unlocked. Successful completion will earn you far greater rewards.

※Bonus gil and EXP will be awarded to compensate for the discrepancy between character and duty levels. A further percentage will then be added based on character level.
※The standard reward for this duty roulette category and all related bonuses are available once per day.
※Joining this duty as a party will nullify any “adventurer in need” bonus.
","Duty Type: Level 50/60 Light Party Dungeons",0,True,False,False,50,45,0,"ui/icon/112000/112035.tex",100,120,0,0,0,3,108,"ContentMemberType#2",0,0,1,1,0,90,0,True,True,False,False,0
3,"Duty Roulette: Main Scenario","","A main scenario duty for full parties (8 players) will be selected at random from among those you have unlocked. Successful completion will earn you far greater rewards.

※Bonus gil and EXP will be awarded to compensate for the discrepancy between character and duty levels. A further percentage will then be added based on character level.
※The standard reward for this duty roulette category and all related bonuses are available once per day.
※Joining this duty as a party will nullify any “adventurer in need” bonus.
","Duty Type: Full Party Dungeons",0,True,False,False,50,42,0,"ui/icon/112000/112036.tex",120,0,0,0,0,6,108,"ContentMemberType#3",0,0,2,1,0,120,0,True,True,False,False,0
4,"Duty Roulette: Guildhests","","A guildhest will be selected at random from among those you have unlocked. Successful completion will earn you far greater rewards.

※Bonus EXP and gil will be awarded to compensate for the discrepancy between character and duty levels. A further percentage will then be added based on character level.
※The amount of bonus company seals awarded is determined by class/job level.
※The standard reward for this duty roulette category and all related bonuses are available once per day.
※Joining this duty as a party will nullify any “adventurer in need” bonus.
※Only light party guildhests will be selected when joining this duty as a group of four. There are no role restrictions when in a light party.
","Duty Type: Guildhests",0,True,False,False,10,0,0,"ui/icon/112000/112037.tex",0,0,0,0,0,7,108,"ContentMemberType#3",0,0,3,1,0,30,0,True,True,False,False,0
5,"Duty Roulette: Expert","","An expert dungeon will be selected at random from among those you have unlocked. Successful completion will earn you far greater rewards.

※Bonus gil will be awarded to compensate for the discrepancy between character and duty levels. A further percentage will then be added based on character level.
※The standard reward for this duty roulette category and all related bonuses are available once per day.
※Joining this duty as a party will nullify any “adventurer in need” bonus.
","Duty Type: Light Party Expert Dungeons",2,True,True,False,70,280,0,"ui/icon/112000/112057.tex",0,80,0,0,0,1,108,"ContentMemberType#2",0,0,4,1,0,90,0,True,True,False,False,0
6,"Duty Roulette: Trials","","A trial will be selected at random from among those you have unlocked. Successful completion will earn you far greater rewards.

※The standard reward for this duty roulette category and all related bonuses are available once per day.
※Joining this duty as a party will nullify any “adventurer in need” bonus.
","Duty Type: Trials",0,True,False,False,50,90,0,"ui/icon/112000/112056.tex",0,60,0,0,0,5,108,"ContentMemberType#3",0,0,5,1,0,60,0,True,True,False,False,0
7,"Duty Roulette: Frontline","","A Frontline battle will be selected at random from among those available. Successful completion will earn you far greater rewards.

※The standard reward for this duty roulette category and all related bonuses are available once per day. The “adventurer in need” reward is always available.
","Duty Type: Frontline",0,True,False,True,30,0,0,"ui/icon/112000/112083.tex",0,50,0,600,1000,8,110,"ContentMemberType#1",0,0,6,1,0,20,30,True,True,False,False,0
8,"Duty Roulette: Level 70 Dungeons","","A level 70 dungeon will be selected at random from among those you have unlocked. Successful completion will earn you far greater rewards.

※Bonus gil will be awarded to compensate for the discrepancy between character and duty levels. A further percentage will then be added based on character level.
※The standard reward for this duty roulette category and all related bonuses are available once per day.
※Joining this duty as a party will nullify any “adventurer in need” bonus.
","Duty Type: Level 70 Light Party Dungeons",1,True,True,False,60,210,0,"ui/icon/112000/112123.tex",0,100,15,0,0,2,108,"ContentMemberType#2",0,0,7,1,0,90,0,True,True,False,False,0
9,"Duty Roulette: Mentor","","A mentor-oriented duty will be selected at random from among those you have unlocked. Successful completion will earn you far greater rewards.

※Only available if you have achieved mentor status.
※Bonus gil will be awarded to compensate for the discrepancy between character and duty levels. A further percentage will then be added based on character level.
※The standard reward for this duty roulette category and all related bonuses are available once per day. The “adventurer in need” reward is always available.
","Duty Type: Mentor-oriented Duties",2,True,True,False,70,280,0,"ui/icon/112000/112144.tex",0,30,0,0,0,9,108,"ContentMemberType#1",0,0,8,1,0,30,120,True,True,False,False,0
10,"The Feast (8 on 8 - Training Match)","","The table is set, and the wolves gather for the Feast! Will you gorge on the flesh of your foes, or find yourself served on a platter? Only the most savage of beasts are invited to this banquet─you'll need fangs of steel and an endless thirst for blood! Wait not for the tolling of the culling bell! Devour your rivals, take their hides for trophies, and build a hunter's throne from their bones!","Feast Map: Random",0,True,False,True,30,0,0,"ui/icon/112000/112217.tex",0,0,0,0,0,20,110,"ContentMemberType#18",3,2,-1,6,1,8,0,False,False,False,False,40007
11,"","","","",0,False,False,False,0,0,0,"ui/icon/000000/000000.tex",0,0,0,0,0,0,0,"ContentMemberType#0",0,0,0,0,0,0,0,False,False,False,False,0
12,"","","","",0,False,False,False,0,0,0,"ui/icon/000000/000000.tex",0,0,0,0,0,0,0,"ContentMemberType#0",0,0,0,0,0,0,0,False,False,False,False,0
13,"The Feast (4 on 4 - Ranked Match)","","The table is set, and the wolves gather for the Feast! Will you gorge on the flesh of your foes, or find yourself served on a platter? Only the most savage of beasts are invited to this banquet─you'll need fangs of steel and an endless thirst for blood! Wait not for the tolling of the culling bell! Devour your rivals, take their hides for trophies, and build a hunter's throne from their bones!

※Match results will affect solo PvP rating.
※Players with comparable solo PvP ratings will be matched with one another and sorted into teams with relatively equal average ratings.","Feast Map: Random",0,True,False,True,30,0,0,"ui/icon/112000/112218.tex",0,0,0,0,0,23,110,"ContentMemberType#7",3,1,-1,6,1,8,0,False,False,True,True,40010
14,"","","","",0,False,False,False,0,0,0,"ui/icon/000000/000000.tex",0,0,0,0,0,0,0,"ContentMemberType#0",0,0,0,0,0,0,0,False,False,False,False,0
