﻿key,0
#,Text
int32,str
0,""
1,""
2,""
3,""
4,""
5,""
6,""
7,""
8,""
9,""
10,""
11,"Training Course"
12,"Sagolii Road"
13,"Costa del Sol"
14,"Tranquil Paths"
15,"Training Course"
16,"Maiden"
17,"R-40"
18,"R-60"
19,"R-80"
20,"R-100"
21,"R-120"
22,"R-140"
23,"R-160"
24,"R-180"
25,"R-200"
26,"R-220"
27,"R-240"
28,"R-300"
29,"Open"
30,"1st"
31,"2nd"
32,"3rd"
33,"4th"
34,"5th"
35,"6th"
36,"7th"
37,"8th"
38,"<Sheet(GoldSaucerTextData,IntegerParameter(2),0)/>: <Sheet(GoldSaucerTextData,IntegerParameter(1),0)/>"
39,"Progress: <Value>IntegerParameter(1)</Value>%"
40,"Place: <Highlight>StringParameter(1)</Highlight>"
41,""
42,""
43,""
44,""
45,""
46,""
47,""
48,""
49,""
50,""
51,"Vase Off"
52,"Vases Delivered"
53,""
54,""
55,""
56,""
57,""
58,""
59,""
60,""
61,"The Time of My Life"
62,"Step upon the main stage and memorize the routine for the big dance number."
63,"Memorize the routine of the Lords and Ladies of the Dance and flawlessly perform on cue ten moves or more."
64,"First Verse"
65,"Second Verse"
66,"Third Verse"
67,"Fourth Verse"
68,"Flawless Moves"
69,""
70,""
71,"Any Way the Wind Blows"
72,"Step upon the main stage and test your wits against Typhon─snorter extraordinaire. Can you remain on the dais until time expires, or will you find yourself gone with the wind?"
73,"Anticipate where Typhon's next nasal eruption will occur and maneuver to a location where you think you will be safe."
74,"Snorts Avoided"
75,""
76,""
77,""
78,""
79,""
80,""
81,"Skinchange We Can Believe In"
82,"A wicked imp has taken on the form of an upstanding Gold Saucer patron and is hiding somewhere on the premises. Locate the GATE client's exact double and deliver it a healthy dose of brightash."
83,""
84,""
85,""
86,""
87,""
88,""
89,""
90,""
91,"Cliffhanger"
92,""
93,""
94,""
95,""
96,""
97,""
98,""
99,""
100,""
101,"Purchase a Mini Cactpot ticket"
102,""
103,""
104,"<Sheet(GoldSaucerTextData,IntegerParameter(1),0)/><If(GreaterThan(IntegerParameter(2),0))> [Rating: <Value>IntegerParameter(2)</Value>～<Value>IntegerParameter(3)</Value>]<Else/></If>."
105,"<Sheet(GoldSaucerTextData,IntegerParameter(1),0)/>."
106,"<Sheet(ChocoboRaceChallenge,IntegerParameter(1),0)/><If(GreaterThan(IntegerParameter(2),0))> [Rating: <Value>IntegerParameter(2)</Value>]<Else/></If>."
107,""
108,""
109,""
110,"Welcome to the training course!"
111,"Follow all the race trainer's instructions."
112,"Training course complete!"
113,"???"
114,"Accelerate."
115,"Accelerate until stamina is spent."
116,"Accelerate to full speed, then decelerate."
117,"Steer."
118,"Trigger a magicked panel."
119,"Jump."
120,"Open a treasure coffer."
121,"Use a race item."
122,""
123,""
124,""
125,""
126,""
127,""
128,""
129,""
130,""
131,"Mini Cactpot rules are simple. First, you select three numbers from the eight hidden on your ticket. Next, you select one of eight lines─vertical, horizontal, or diagonal."
132,"Once you've selected a line, all the numbers are uncovered with the sum of the three in the line you chose determining your MGP payout. It's that easy!"
133,"Now all that's left is to select a four-digit number. The winning number will be selected at a later date. If the last digit of your number matches the winning number, you win 4th prize. If the last two match, you win 3rd prize. If the last three match, you win 2nd, and if all your numbers match, you take home the grand prize."
134,""
135,""
136,""
137,""
138,""
139,"Chocobo Challenge"
140,"チャレンジ1"
141,"チャレンジ2"
142,"チャレンジ3"
143,"チャレンジ4"
144,"チャレンジ5"
145,"チャレンジ6"
146,"チャレンジ7"
147,"チャレンジ8"
148,"チャレンジ9"
149,"チャレンジ10"
150,"チャレンジ11"
151,"チャレンジ12"
152,"チャレンジ13"
153,"チャレンジ14"
154,"チャレンジ15"
155,""
156,""
157,""
158,""
159,""
160,""
