﻿key,0,1,2,3,4
#,Color,Shade,Name,,
int32,Color,byte,str,bit&01,bit&02
0,"Color [A=255, R=0, G=0, B=0]",2,"",False,True
1,"Color [A=255, R=228, G=223, B=208]",2,"Snow White",False,True
2,"Color [A=255, R=172, G=168, B=162]",2,"Ash Grey",False,True
3,"Color [A=255, R=137, G=135, B=132]",2,"Goobbue Grey",False,True
4,"Color [A=255, R=101, G=101, B=101]",2,"Slate Grey",False,True
5,"Color [A=255, R=72, G=71, B=66]",2,"Charcoal Grey",False,True
6,"Color [A=255, R=43, G=41, B=35]",2,"Soot Black",False,True
7,"Color [A=255, R=230, G=159, B=150]",4,"Rose Pink",False,True
8,"Color [A=255, R=131, G=105, B=105]",4,"Lilac Purple",False,True
9,"Color [A=255, R=91, G=23, B=41]",4,"Rolanberry Red",False,True
10,"Color [A=255, R=120, G=26, B=26]",4,"Dalamud Red",False,True
11,"Color [A=255, R=98, G=34, B=7]",4,"Rust Red",False,True
12,"Color [A=255, R=69, G=21, B=17]",4,"Wine Red",False,True
13,"Color [A=255, R=204, G=108, B=94]",4,"Coral Pink",False,True
14,"Color [A=255, R=145, G=59, B=39]",4,"Blood Red",False,True
15,"Color [A=255, R=228, G=170, B=138]",4,"Salmon Pink",False,True
16,"Color [A=255, R=183, G=92, B=45]",5,"Sunset Orange",False,True
17,"Color [A=255, R=125, G=57, B=6]",5,"Mesa Red",False,True
18,"Color [A=255, R=106, G=75, B=55]",5,"Bark Brown",False,True
19,"Color [A=255, R=110, G=61, B=36]",5,"Chocolate Brown",False,True
20,"Color [A=255, R=79, G=45, B=31]",5,"Russet Brown",False,True
21,"Color [A=255, R=48, G=33, B=27]",5,"Kobold Brown",False,True
22,"Color [A=255, R=201, G=145, B=86]",5,"Cork Brown",False,True
23,"Color [A=255, R=153, G=110, B=63]",5,"Qiqirn Brown",False,True
24,"Color [A=255, R=123, G=92, B=45]",5,"Opo-opo Brown",False,True
25,"Color [A=255, R=162, G=135, B=92]",5,"Aldgoat Brown",False,True
26,"Color [A=255, R=197, G=116, B=36]",5,"Pumpkin Orange",False,True
27,"Color [A=255, R=142, G=88, B=27]",5,"Acorn Brown",False,True
28,"Color [A=255, R=100, G=66, B=22]",5,"Orchard Brown",False,True
29,"Color [A=255, R=61, G=41, B=13]",5,"Chestnut Brown",False,True
30,"Color [A=255, R=185, G=164, B=137]",5,"Gobbiebag Brown",False,True
31,"Color [A=255, R=146, G=129, B=108]",5,"Shale Brown",False,True
32,"Color [A=255, R=97, G=82, B=69]",5,"Mole Brown",False,True
33,"Color [A=255, R=63, G=51, B=41]",5,"Loam Brown",False,True
34,"Color [A=255, R=235, G=211, B=160]",6,"Bone White",False,True
35,"Color [A=255, R=183, G=163, B=112]",6,"Ul Brown",False,True
36,"Color [A=255, R=219, G=180, B=87]",6,"Desert Yellow",False,True
37,"Color [A=255, R=250, G=198, B=43]",6,"Honey Yellow",False,True
38,"Color [A=255, R=228, G=158, B=52]",6,"Millioncorn Yellow",False,True
39,"Color [A=255, R=188, G=136, B=4]",6,"Coeurl Yellow",False,True
40,"Color [A=255, R=242, G=215, B=112]",6,"Cream Yellow",False,True
41,"Color [A=255, R=165, G=132, B=48]",6,"Halatali Yellow",False,True
42,"Color [A=255, R=64, G=51, B=17]",6,"Raisin Brown",False,True
43,"Color [A=255, R=88, G=82, B=48]",7,"Mud Green",False,True
44,"Color [A=255, R=187, G=187, B=138]",7,"Sylph Green",False,True
45,"Color [A=255, R=171, G=176, B=84]",7,"Lime Green",False,True
46,"Color [A=255, R=112, G=115, B=38]",7,"Moss Green",False,True
47,"Color [A=255, R=139, G=156, B=99]",7,"Meadow Green",False,True
48,"Color [A=255, R=75, G=82, B=50]",7,"Olive Green",False,True
49,"Color [A=255, R=50, G=54, B=33]",7,"Marsh Green",False,True
50,"Color [A=255, R=155, G=179, B=99]",7,"Apple Green",False,True
51,"Color [A=255, R=101, G=130, B=65]",7,"Cactuar Green",False,True
52,"Color [A=255, R=40, G=75, B=44]",7,"Hunter Green",False,True
53,"Color [A=255, R=64, G=99, B=57]",7,"Ochu Green",False,True
54,"Color [A=255, R=95, G=117, B=88]",7,"Adamantoise Green",False,True
55,"Color [A=255, R=59, G=77, B=60]",7,"Nophica Green",False,True
56,"Color [A=255, R=30, G=42, B=33]",7,"Deepwood Green",False,True
57,"Color [A=255, R=150, G=189, B=185]",7,"Celeste Green",False,True
58,"Color [A=255, R=67, G=114, B=114]",7,"Turquoise Green",False,True
59,"Color [A=255, R=31, G=70, B=70]",7,"Morbol Green",False,True
60,"Color [A=255, R=178, G=196, B=206]",8,"Ice Blue",False,True
61,"Color [A=255, R=131, G=176, B=210]",8,"Sky Blue",False,True
62,"Color [A=255, R=100, G=129, B=160]",8,"Seafog Blue",False,True
63,"Color [A=255, R=59, G=104, B=134]",8,"Peacock Blue",False,True
64,"Color [A=255, R=28, G=61, B=84]",8,"Rhotano Blue",False,True
65,"Color [A=255, R=142, G=155, B=172]",8,"Corpse Blue",False,True
66,"Color [A=255, R=79, G=87, B=102]",8,"Ceruleum Blue",False,True
67,"Color [A=255, R=47, G=56, B=81]",8,"Woad Blue",False,True
68,"Color [A=255, R=26, G=31, B=39]",8,"Ink Blue",False,True
69,"Color [A=255, R=91, G=127, B=192]",8,"Raptor Blue",False,True
70,"Color [A=255, R=47, G=88, B=137]",8,"Othard Blue",False,True
71,"Color [A=255, R=35, G=65, B=114]",8,"Storm Blue",False,True
72,"Color [A=255, R=17, G=41, B=68]",8,"Void Blue",False,True
73,"Color [A=255, R=39, G=48, B=103]",8,"Royal Blue",False,True
74,"Color [A=255, R=24, G=25, B=55]",8,"Midnight Blue",False,True
75,"Color [A=255, R=55, G=55, B=71]",8,"Shadow Blue",False,True
76,"Color [A=255, R=49, G=45, B=87]",8,"Abyssal Blue",False,True
77,"Color [A=255, R=135, G=127, B=174]",9,"Lavender Purple",False,True
78,"Color [A=255, R=81, G=69, B=96]",9,"Gloom Purple",False,True
79,"Color [A=255, R=50, G=44, B=59]",9,"Currant Purple",False,True
80,"Color [A=255, R=183, G=158, B=188]",9,"Iris Purple",False,True
81,"Color [A=255, R=59, G=42, B=61]",9,"Grape Purple",False,True
82,"Color [A=255, R=254, G=206, B=245]",9,"Lotus Pink",False,True
83,"Color [A=255, R=220, G=155, B=202]",9,"Colibri Pink",False,True
84,"Color [A=255, R=121, G=82, B=108]",9,"Plum Purple",False,True
85,"Color [A=255, R=102, G=48, B=78]",9,"Regal Purple",False,True
86,"Color [A=255, R=0, G=0, B=0]",0,"",False,False
87,"Color [A=255, R=0, G=0, B=0]",0,"",False,False
88,"Color [A=255, R=0, G=0, B=0]",0,"",False,False
89,"Color [A=255, R=0, G=0, B=0]",0,"",False,False
90,"Color [A=255, R=0, G=0, B=0]",0,"",False,False
91,"Color [A=255, R=0, G=0, B=0]",0,"",False,False
92,"Color [A=255, R=0, G=0, B=0]",0,"",False,False
93,"Color [A=255, R=0, G=0, B=0]",0,"",False,False
94,"Color [A=255, R=0, G=0, B=0]",0,"",False,False
95,"Color [A=255, R=0, G=0, B=0]",0,"",False,False
96,"Color [A=255, R=0, G=0, B=0]",0,"",False,False
97,"Color [A=255, R=0, G=0, B=0]",0,"",False,False
98,"Color [A=255, R=0, G=0, B=0]",0,"",False,False
99,"Color [A=255, R=0, G=0, B=0]",0,"",False,False
100,"Color [A=255, R=0, G=0, B=0]",0,"",False,False
101,"Color [A=255, R=249, G=248, B=244]",10,"Pure White",False,True
102,"Color [A=255, R=30, G=30, B=30]",10,"Jet Black",False,True
103,"Color [A=255, R=253, G=200, B=198]",10,"Pastel Pink",False,True
104,"Color [A=255, R=50, G=25, B=25]",10,"Dark Red",False,True
105,"Color [A=255, R=40, G=33, B=28]",10,"Dark Brown",False,True
106,"Color [A=255, R=186, G=207, B=170]",10,"Pastel Green",False,True
107,"Color [A=255, R=21, G=44, B=44]",10,"Dark Green",False,True
108,"Color [A=255, R=150, G=164, B=217]",10,"Pastel Blue",False,True
109,"Color [A=255, R=18, G=31, B=45]",10,"Dark Blue",False,True
110,"Color [A=255, R=187, G=181, B=218]",10,"Pastel Purple",False,True
111,"Color [A=255, R=35, G=32, B=38]",10,"Dark Purple",False,True
112,"Color [A=255, R=167, G=167, B=167]",10,"Metallic Silver",True,False
113,"Color [A=255, R=237, G=230, B=61]",10,"Metallic Gold",True,False
114,"Color [A=255, R=182, G=29, B=75]",10,"Metallic Red",True,False
115,"Color [A=255, R=228, G=140, B=47]",0,"Metallic Orange",True,False
116,"Color [A=255, R=244, G=218, B=70]",0,"Metallic Yellow",True,False
117,"Color [A=255, R=34, G=167, B=87]",10,"Metallic Green",True,False
118,"Color [A=255, R=94, G=212, B=230]",10,"Metallic Sky Blue",True,False
119,"Color [A=255, R=80, G=82, B=217]",10,"Metallic Blue",True,False
120,"Color [A=255, R=163, G=102, B=194]",10,"Metallic Purple",True,False
